==> P26 MCP-level full run Thu Apr 16 05:18:13 CST 2026

==> Running T0 (Thu Apr 16 05:18:13 CST 2026)
[04/16/26 05:18:14] INFO     Processing request of type            server.py:727
                             ListToolsRequest                                   
[stage=T0] MCP server 暴露 14 个工具；本阶段启用 6 个：
  - kingdee_query_bills
  - kingdee_query_materials
  - kingdee_describe_form
  - kingdee_search_forms_online
  - kingdee_query_inventory
  - kingdee_query_fixed_assets
[04/16/26 05:18:17] INFO     Processing request of type            server.py:727
                             CallToolRequest                                    
[04/16/26 05:18:18] INFO     HTTP Request: POST                  _client.py:1740
                             http://erp1.enpack.com.cn:13580/k3C                
                             loud/Kingdee.BOS.WebApi.ServicesStu                
                             b.AuthService.LoginByAppSecret.comm                
                             on.kdsvc "HTTP/1.1 200 OK"                         
                    INFO     HTTP Request: POST                  _client.py:1740
                             http://erp1.enpack.com.cn:13580/k3C                
                             loud/Kingdee.BOS.WebApi.ServicesStu                
                             b.DynamicFormService.ExecuteBillQue                
                             ry.common.kdsvc "HTTP/1.1 200 OK"                  
[1/46] L1-01 (L1) — 4 fields / 1 tool calls: ['kingdee_query_materials']
[04/16/26 05:18:26] INFO     Processing request of type            server.py:727
                             CallToolRequest                                    
                    INFO     HTTP Request: POST                  _client.py:1740
                             http://erp1.enpack.com.cn:13580/k3C                
                             loud/Kingdee.BOS.WebApi.ServicesStu                
                             b.DynamicFormService.ExecuteBillQue                
                             ry.common.kdsvc "HTTP/1.1 200 OK"                  
[04/16/26 05:18:28] INFO     Processing request of type            server.py:727
                             CallToolRequest                                    
                    INFO     HTTP Request: POST                  _client.py:1740
                             http://erp1.enpack.com.cn:13580/k3C                
                             loud/Kingdee.BOS.WebApi.ServicesStu                
                             b.DynamicFormService.ExecuteBillQue                
                             ry.common.kdsvc "HTTP/1.1 200 OK"                  
[04/16/26 05:18:31] INFO     Processing request of type            server.py:727
                             CallToolRequest                                    
                    INFO     HTTP Request: POST                  _client.py:1740
                             http://erp1.enpack.com.cn:13580/k3C                
                             loud/Kingdee.BOS.WebApi.ServicesStu                
                             b.DynamicFormService.ExecuteBillQue                
                             ry.common.kdsvc "HTTP/1.1 200 OK"                  
[04/16/26 05:18:34] INFO     Processing request of type            server.py:727
                             CallToolRequest                                    
                    INFO     HTTP Request: POST                  _client.py:1740
                             http://erp1.enpack.com.cn:13580/k3C                
                             loud/Kingdee.BOS.WebApi.ServicesStu                
                             b.DynamicFormService.ExecuteBillQue                
                             ry.common.kdsvc "HTTP/1.1 200 OK"                  
[04/16/26 05:18:37] INFO     Processing request of type            server.py:727
                             CallToolRequest                                    
                    INFO     HTTP Request: POST                  _client.py:1740
                             http://erp1.enpack.com.cn:13580/k3C                
                             loud/Kingdee.BOS.WebApi.ServicesStu                
                             b.DynamicFormService.ExecuteBillQue                
                             ry.common.kdsvc "HTTP/1.1 200 OK"                  
[04/16/26 05:18:40] INFO     Processing request of type            server.py:727
                             CallToolRequest                                    
                    INFO     HTTP Request: POST                  _client.py:1740
                             http://erp1.enpack.com.cn:13580/k3C                
                             loud/Kingdee.BOS.WebApi.ServicesStu                
                             b.DynamicFormService.ExecuteBillQue                
                             ry.common.kdsvc "HTTP/1.1 200 OK"                  
[04/16/26 05:18:43] INFO     Processing request of type            server.py:727
                             CallToolRequest                                    
                    INFO     HTTP Request: POST                  _client.py:1740
                             http://erp1.enpack.com.cn:13580/k3C                
                             loud/Kingdee.BOS.WebApi.ServicesStu                
                             b.DynamicFormService.QueryBusinessI                
                             nfo.common.kdsvc "HTTP/1.1 200 OK"                 
[04/16/26 05:18:48] INFO     Processing request of type            server.py:727
                             CallToolRequest                                    
                    INFO     HTTP Request: POST                  _client.py:1740
                             http://erp1.enpack.com.cn:13580/k3C                
                             loud/Kingdee.BOS.WebApi.ServicesStu                
                             b.DynamicFormService.ExecuteBillQue                
                             ry.common.kdsvc "HTTP/1.1 200 OK"                  
[04/16/26 05:18:52] INFO     Processing request of type            server.py:727
                             CallToolRequest                                    
                    INFO     HTTP Request: POST                  _client.py:1740
                             http://erp1.enpack.com.cn:13580/k3C                
                             loud/Kingdee.BOS.WebApi.ServicesStu                
                             b.DynamicFormService.ExecuteBillQue                
                             ry.common.kdsvc "HTTP/1.1 200 OK"                  
[04/16/26 05:18:56] INFO     Processing request of type            server.py:727
                             CallToolRequest                                    
                    INFO     HTTP Request: POST                  _client.py:1740
                             http://erp1.enpack.com.cn:13580/k3C                
                             loud/Kingdee.BOS.WebApi.ServicesStu                
                             b.DynamicFormService.ExecuteBillQue                
                             ry.common.kdsvc "HTTP/1.1 200 OK"                  
[2/46] L1-02 (L1) — 9 fields / 10 tool calls: ['kingdee_search_forms_online', 'kingdee_search_forms_online', 'kingdee_search_forms_online', 'kingdee_query_bills', 'kingdee_query_bills', 'kingdee_query_bills', 'kingdee_describe_form', 'kingdee_query_bills', 'kingdee_query_bills', 'kingdee_query_bills']
[04/16/26 05:19:03] INFO     Processing request of type            server.py:727
                             CallToolRequest                                    
[04/16/26 05:19:06] INFO     Processing request of type            server.py:727
                             CallToolRequest                                    
                    INFO     HTTP Request: POST                  _client.py:1740
                             http://erp1.enpack.com.cn:13580/k3C                
                             loud/Kingdee.BOS.WebApi.ServicesStu                
                             b.DynamicFormService.ExecuteBillQue                
                             ry.common.kdsvc "HTTP/1.1 200 OK"                  
[04/16/26 05:19:08] INFO     Processing request of type            server.py:727
                             CallToolRequest                                    
                    INFO     HTTP Request: POST                  _client.py:1740
                             http://erp1.enpack.com.cn:13580/k3C                
                             loud/Kingdee.BOS.WebApi.ServicesStu                
                             b.DynamicFormService.ExecuteBillQue                
                             ry.common.kdsvc "HTTP/1.1 200 OK"                  
[04/16/26 05:19:10] INFO     Processing request of type            server.py:727
                             CallToolRequest                                    
                    INFO     HTTP Request: POST                  _client.py:1740
                             http://erp1.enpack.com.cn:13580/k3C                
                             loud/Kingdee.BOS.WebApi.ServicesStu                
                             b.DynamicFormService.ExecuteBillQue                
                             ry.common.kdsvc "HTTP/1.1 200 OK"                  
[04/16/26 05:19:13] INFO     Processing request of type            server.py:727
                             CallToolRequest                                    
                    INFO     HTTP Request: POST                  _client.py:1740
                             http://erp1.enpack.com.cn:13580/k3C                
                             loud/Kingdee.BOS.WebApi.ServicesStu                
                             b.DynamicFormService.ExecuteBillQue                
                             ry.common.kdsvc "HTTP/1.1 200 OK"                  
[04/16/26 05:19:16] INFO     Processing request of type            server.py:727
                             CallToolRequest                                    
                    INFO     HTTP Request: POST                  _client.py:1740
                             http://erp1.enpack.com.cn:13580/k3C                
                             loud/Kingdee.BOS.WebApi.ServicesStu                
                             b.DynamicFormService.QueryBusinessI                
                             nfo.common.kdsvc "HTTP/1.1 200 OK"                 
[04/16/26 05:19:19] INFO     Processing request of type            server.py:727
                             CallToolRequest                                    
[04/16/26 05:19:20] INFO     HTTP Request: POST                  _client.py:1740
                             http://erp1.enpack.com.cn:13580/k3C                
                             loud/Kingdee.BOS.WebApi.ServicesStu                
                             b.DynamicFormService.ExecuteBillQue                
                             ry.common.kdsvc "HTTP/1.1 200 OK"                  
[04/16/26 05:19:22] INFO     Processing request of type            server.py:727
                             CallToolRequest                                    
                    INFO     HTTP Request: POST                  _client.py:1740
                             http://erp1.enpack.com.cn:13580/k3C                
                             loud/Kingdee.BOS.WebApi.ServicesStu                
                             b.DynamicFormService.ExecuteBillQue                
                             ry.common.kdsvc "HTTP/1.1 200 OK"                  
[04/16/26 05:19:26] INFO     Processing request of type            server.py:727
                             CallToolRequest                                    
                    INFO     HTTP Request: POST                  _client.py:1740
                             http://erp1.enpack.com.cn:13580/k3C                
                             loud/Kingdee.BOS.WebApi.ServicesStu                
                             b.DynamicFormService.ExecuteBillQue                
                             ry.common.kdsvc "HTTP/1.1 200 OK"                  
[04/16/26 05:19:28] INFO     Processing request of type            server.py:727
                             CallToolRequest                                    
                    INFO     HTTP Request: POST                  _client.py:1740
                             http://erp1.enpack.com.cn:13580/k3C                
                             loud/Kingdee.BOS.WebApi.ServicesStu                
                             b.DynamicFormService.ExecuteBillQue                
                             ry.common.kdsvc "HTTP/1.1 200 OK"                  
[04/16/26 05:19:31] INFO     Processing request of type            server.py:727
                             CallToolRequest                                    
                    INFO     HTTP Request: POST                  _client.py:1740
                             http://erp1.enpack.com.cn:13580/k3C                
                             loud/Kingdee.BOS.WebApi.ServicesStu                
                             b.DynamicFormService.ExecuteBillQue                
                             ry.common.kdsvc "HTTP/1.1 200 OK"                  
[04/16/26 05:19:34] INFO     Processing request of type            server.py:727
                             CallToolRequest                                    
                    INFO     HTTP Request: POST                  _client.py:1740
                             http://erp1.enpack.com.cn:13580/k3C                
                             loud/Kingdee.BOS.WebApi.ServicesStu                
                             b.DynamicFormService.ExecuteBillQue                
                             ry.common.kdsvc "HTTP/1.1 200 OK"                  
[3/46] L1-03 (L1) — 6 fields / 12 tool calls: ['kingdee_search_forms_online', 'kingdee_search_forms_online', 'kingdee_search_forms_online', 'kingdee_search_forms_online', 'kingdee_query_bills', 'kingdee_describe_form', 'kingdee_query_bills', 'kingdee_query_bills', 'kingdee_query_bills', 'kingdee_query_materials', 'kingdee_query_bills', 'kingdee_query_bills']
[04/16/26 05:19:40] INFO     Processing request of type            server.py:727
                             CallToolRequest                                    
                    INFO     HTTP Request: POST                  _client.py:1740
                             http://erp1.enpack.com.cn:13580/k3C                
                             loud/Kingdee.BOS.WebApi.ServicesStu                
                             b.DynamicFormService.ExecuteBillQue                
                             ry.common.kdsvc "HTTP/1.1 200 OK"                  
[04/16/26 05:19:44] INFO     Processing request of type            server.py:727
                             CallToolRequest                                    
                    INFO     HTTP Request: POST                  _client.py:1740
                             http://erp1.enpack.com.cn:13580/k3C                
                             loud/Kingdee.BOS.WebApi.ServicesStu                
                             b.DynamicFormService.ExecuteBillQue                
                             ry.common.kdsvc "HTTP/1.1 200 OK"                  
[04/16/26 05:19:46] INFO     Processing request of type            server.py:727
                             CallToolRequest                                    
[04/16/26 05:19:47] INFO     HTTP Request: POST                  _client.py:1740
                             http://erp1.enpack.com.cn:13580/k3C                
                             loud/Kingdee.BOS.WebApi.ServicesStu                
                             b.DynamicFormService.ExecuteBillQue                
                             ry.common.kdsvc "HTTP/1.1 200 OK"                  
[04/16/26 05:19:49] INFO     Processing request of type            server.py:727
                             CallToolRequest                                    
                    INFO     HTTP Request: POST                  _client.py:1740
                             http://erp1.enpack.com.cn:13580/k3C                
                             loud/Kingdee.BOS.WebApi.ServicesStu                
                             b.DynamicFormService.QueryBusinessI                
                             nfo.common.kdsvc "HTTP/1.1 200 OK"                 
[04/16/26 05:19:53] INFO     Processing request of type            server.py:727
                             CallToolRequest                                    
                    INFO     HTTP Request: POST                  _client.py:1740
                             http://erp1.enpack.com.cn:13580/k3C                
                             loud/Kingdee.BOS.WebApi.ServicesStu                
                             b.DynamicFormService.ExecuteBillQue                
                             ry.common.kdsvc "HTTP/1.1 200 OK"                  
[04/16/26 05:19:56] INFO     Processing request of type            server.py:727
                             CallToolRequest                                    
[04/16/26 05:19:59] INFO     Processing request of type            server.py:727
                             CallToolRequest                                    
[04/16/26 05:20:00] INFO     HTTP Request: POST                  _client.py:1740
                             http://erp1.enpack.com.cn:13580/k3C                
                             loud/Kingdee.BOS.WebApi.ServicesStu                
                             b.DynamicFormService.ExecuteBillQue                
                             ry.common.kdsvc "HTTP/1.1 200 OK"                  
[4/46] L1-04 (L1) — 9 fields / 7 tool calls: ['kingdee_search_forms_online', 'kingdee_query_bills', 'kingdee_query_bills', 'kingdee_describe_form', 'kingdee_query_bills', 'kingdee_query_bills', 'kingdee_query_bills']
[04/16/26 05:20:09] INFO     Processing request of type            server.py:727
                             CallToolRequest                                    
[04/16/26 05:20:11] INFO     Processing request of type            server.py:727
                             CallToolRequest                                    
[04/16/26 05:20:13] INFO     Processing request of type            server.py:727
                             CallToolRequest                                    
[04/16/26 05:20:16] INFO     Processing request of type            server.py:727
                             CallToolRequest                                    
                    INFO     HTTP Request: POST                  _client.py:1740
                             http://erp1.enpack.com.cn:13580/k3C                
                             loud/Kingdee.BOS.WebApi.ServicesStu                
                             b.DynamicFormService.ExecuteBillQue                
                             ry.common.kdsvc "HTTP/1.1 200 OK"                  
[04/16/26 05:20:19] INFO     Processing request of type            server.py:727
                             CallToolRequest                                    
                    INFO     HTTP Request: POST                  _client.py:1740
                             http://erp1.enpack.com.cn:13580/k3C                
                             loud/Kingdee.BOS.WebApi.ServicesStu                
                             b.DynamicFormService.ExecuteBillQue                
                             ry.common.kdsvc "HTTP/1.1 200 OK"                  
[04/16/26 05:20:22] INFO     Processing request of type            server.py:727
                             CallToolRequest                                    
                    INFO     HTTP Request: POST                  _client.py:1740
                             http://erp1.enpack.com.cn:13580/k3C                
                             loud/Kingdee.BOS.WebApi.ServicesStu                
                             b.DynamicFormService.ExecuteBillQue                
                             ry.common.kdsvc "HTTP/1.1 200 OK"                  
[04/16/26 05:20:24] INFO     Processing request of type            server.py:727
                             CallToolRequest                                    
[04/16/26 05:20:27] INFO     Processing request of type            server.py:727
                             CallToolRequest                                    
[04/16/26 05:20:28] INFO     HTTP Request: POST                  _client.py:1740
                             http://erp1.enpack.com.cn:13580/k3C                
                             loud/Kingdee.BOS.WebApi.ServicesStu                
                             b.DynamicFormService.ExecuteBillQue                
                             ry.common.kdsvc "HTTP/1.1 200 OK"                  
[04/16/26 05:20:32] INFO     Processing request of type            server.py:727
                             CallToolRequest                                    
                    INFO     HTTP Request: POST                  _client.py:1740
                             http://erp1.enpack.com.cn:13580/k3C                
                             loud/Kingdee.BOS.WebApi.ServicesStu                
                             b.DynamicFormService.ExecuteBillQue                
                             ry.common.kdsvc "HTTP/1.1 200 OK"                  
[04/16/26 05:20:35] INFO     Processing request of type            server.py:727
                             CallToolRequest                                    
                    INFO     HTTP Request: POST                  _client.py:1740
                             http://erp1.enpack.com.cn:13580/k3C                
                             loud/Kingdee.BOS.WebApi.ServicesStu                
                             b.DynamicFormService.ExecuteBillQue                
                             ry.common.kdsvc "HTTP/1.1 200 OK"                  
[04/16/26 05:20:38] INFO     Processing request of type            server.py:727
                             CallToolRequest                                    
                    INFO     HTTP Request: POST                  _client.py:1740
                             http://erp1.enpack.com.cn:13580/k3C                
                             loud/Kingdee.BOS.WebApi.ServicesStu                
                             b.DynamicFormService.ExecuteBillQue                
                             ry.common.kdsvc "HTTP/1.1 200 OK"                  
[04/16/26 05:20:42] INFO     Processing request of type            server.py:727
                             CallToolRequest                                    
                    INFO     HTTP Request: POST                  _client.py:1740
                             http://erp1.enpack.com.cn:13580/k3C                
                             loud/Kingdee.BOS.WebApi.ServicesStu                
                             b.DynamicFormService.ExecuteBillQue                
                             ry.common.kdsvc "HTTP/1.1 200 OK"                  
[5/46] L1-05 (L1) — 10 fields / 12 tool calls: ['kingdee_search_forms_online', 'kingdee_search_forms_online', 'kingdee_search_forms_online', 'kingdee_query_bills', 'kingdee_query_bills', 'kingdee_query_bills', 'kingdee_search_forms_online', 'kingdee_query_bills', 'kingdee_query_bills', 'kingdee_query_bills', 'kingdee_query_bills', 'kingdee_query_bills']
[04/16/26 05:20:49] INFO     Processing request of type            server.py:727
                             CallToolRequest                                    
                    INFO     HTTP Request: POST                  _client.py:1740
                             http://erp1.enpack.com.cn:13580/k3C                
                             loud/Kingdee.BOS.WebApi.ServicesStu                
                             b.DynamicFormService.ExecuteBillQue                
                             ry.common.kdsvc "HTTP/1.1 200 OK"                  
[04/16/26 05:20:53] INFO     Processing request of type            server.py:727
                             CallToolRequest                                    
                    INFO     HTTP Request: POST                  _client.py:1740
                             http://erp1.enpack.com.cn:13580/k3C                
                             loud/Kingdee.BOS.WebApi.ServicesStu                
                             b.DynamicFormService.ExecuteBillQue                
                             ry.common.kdsvc "HTTP/1.1 200 OK"                  
[04/16/26 05:20:56] INFO     Processing request of type            server.py:727
                             CallToolRequest                                    
                    INFO     HTTP Request: POST                  _client.py:1740
                             http://erp1.enpack.com.cn:13580/k3C                
                             loud/Kingdee.BOS.WebApi.ServicesStu                
                             b.DynamicFormService.QueryBusinessI                
                             nfo.common.kdsvc "HTTP/1.1 200 OK"                 
[04/16/26 05:21:03] INFO     Processing request of type            server.py:727
                             CallToolRequest                                    
                    INFO     HTTP Request: POST                  _client.py:1740
                             http://erp1.enpack.com.cn:13580/k3C                
                             loud/Kingdee.BOS.WebApi.ServicesStu                
                             b.DynamicFormService.ExecuteBillQue                
                             ry.common.kdsvc "HTTP/1.1 200 OK"                  
[04/16/26 05:21:07] INFO     Processing request of type            server.py:727
                             CallToolRequest                                    
                    INFO     HTTP Request: POST                  _client.py:1740
                             http://erp1.enpack.com.cn:13580/k3C                
                             loud/Kingdee.BOS.WebApi.ServicesStu                
                             b.DynamicFormService.ExecuteBillQue                
                             ry.common.kdsvc "HTTP/1.1 200 OK"                  
[04/16/26 05:21:10] INFO     Processing request of type            server.py:727
                             CallToolRequest                                    
                    INFO     HTTP Request: POST                  _client.py:1740
                             http://erp1.enpack.com.cn:13580/k3C                
                             loud/Kingdee.BOS.WebApi.ServicesStu                
                             b.DynamicFormService.ExecuteBillQue                
                             ry.common.kdsvc "HTTP/1.1 200 OK"                  
[04/16/26 05:21:15] INFO     Processing request of type            server.py:727
                             CallToolRequest                                    
                    INFO     HTTP Request: POST                  _client.py:1740
                             http://erp1.enpack.com.cn:13580/k3C                
                             loud/Kingdee.BOS.WebApi.ServicesStu                
                             b.DynamicFormService.ExecuteBillQue                
                             ry.common.kdsvc "HTTP/1.1 200 OK"                  
[04/16/26 05:21:19] INFO     Processing request of type            server.py:727
                             CallToolRequest                                    
                    INFO     HTTP Request: POST                  _client.py:1740
                             http://erp1.enpack.com.cn:13580/k3C                
                             loud/Kingdee.BOS.WebApi.ServicesStu                
                             b.DynamicFormService.ExecuteBillQue                
                             ry.common.kdsvc "HTTP/1.1 200 OK"                  
[6/46] L2-01 (L2) — 9 fields / 8 tool calls: ['kingdee_search_forms_online', 'kingdee_query_bills', 'kingdee_describe_form', 'kingdee_query_bills', 'kingdee_query_bills', 'kingdee_query_bills', 'kingdee_query_bills', 'kingdee_query_bills']
[04/16/26 05:21:30] INFO     Processing request of type            server.py:727
                             CallToolRequest                                    
[04/16/26 05:21:31] INFO     HTTP Request: POST                  _client.py:1740
                             http://erp1.enpack.com.cn:13580/k3C                
                             loud/Kingdee.BOS.WebApi.ServicesStu                
                             b.DynamicFormService.ExecuteBillQue                
                             ry.common.kdsvc "HTTP/1.1 200 OK"                  
[04/16/26 05:21:34] INFO     Processing request of type            server.py:727
                             CallToolRequest                                    
                    INFO     HTTP Request: POST                  _client.py:1740
                             http://erp1.enpack.com.cn:13580/k3C                
                             loud/Kingdee.BOS.WebApi.ServicesStu                
                             b.DynamicFormService.ExecuteBillQue                
                             ry.common.kdsvc "HTTP/1.1 200 OK"                  
[04/16/26 05:21:37] INFO     Processing request of type            server.py:727
                             CallToolRequest                                    
                    INFO     HTTP Request: POST                  _client.py:1740
                             http://erp1.enpack.com.cn:13580/k3C                
                             loud/Kingdee.BOS.WebApi.ServicesStu                
                             b.DynamicFormService.QueryBusinessI                
                             nfo.common.kdsvc "HTTP/1.1 200 OK"                 
[04/16/26 05:21:41] INFO     Processing request of type            server.py:727
                             CallToolRequest                                    
                    INFO     HTTP Request: POST                  _client.py:1740
                             http://erp1.enpack.com.cn:13580/k3C                
                             loud/Kingdee.BOS.WebApi.ServicesStu                
                             b.DynamicFormService.ExecuteBillQue                
                             ry.common.kdsvc "HTTP/1.1 200 OK"                  
[04/16/26 05:21:45] INFO     Processing request of type            server.py:727
                             CallToolRequest                                    
                    INFO     HTTP Request: POST                  _client.py:1740
                             http://erp1.enpack.com.cn:13580/k3C                
                             loud/Kingdee.BOS.WebApi.ServicesStu                
                             b.DynamicFormService.ExecuteBillQue                
                             ry.common.kdsvc "HTTP/1.1 200 OK"                  
[04/16/26 05:21:50] INFO     Processing request of type            server.py:727
                             CallToolRequest                                    
[04/16/26 05:21:51] INFO     HTTP Request: POST                  _client.py:1740
                             http://erp1.enpack.com.cn:13580/k3C                
                             loud/Kingdee.BOS.WebApi.ServicesStu                
                             b.DynamicFormService.ExecuteBillQue                
                             ry.common.kdsvc "HTTP/1.1 200 OK"                  
[7/46] L2-02 (L2) — 8 fields / 6 tool calls: ['kingdee_search_forms_online', 'kingdee_query_bills', 'kingdee_describe_form', 'kingdee_query_bills', 'kingdee_query_bills', 'kingdee_search_forms_online']
[04/16/26 05:22:04] INFO     Processing request of type            server.py:727
                             CallToolRequest                                    
[04/16/26 05:22:06] INFO     Processing request of type            server.py:727
                             CallToolRequest                                    
[04/16/26 05:22:07] INFO     HTTP Request: POST                  _client.py:1740
                             http://erp1.enpack.com.cn:13580/k3C                
                             loud/Kingdee.BOS.WebApi.ServicesStu                
                             b.DynamicFormService.ExecuteBillQue                
                             ry.common.kdsvc "HTTP/1.1 200 OK"                  
[04/16/26 05:22:09] INFO     Processing request of type            server.py:727
                             CallToolRequest                                    
                    INFO     HTTP Request: POST                  _client.py:1740
                             http://erp1.enpack.com.cn:13580/k3C                
                             loud/Kingdee.BOS.WebApi.ServicesStu                
                             b.DynamicFormService.ExecuteBillQue                
                             ry.common.kdsvc "HTTP/1.1 200 OK"                  
[04/16/26 05:22:13] INFO     Processing request of type            server.py:727
                             CallToolRequest                                    
                    INFO     HTTP Request: POST                  _client.py:1740
                             http://erp1.enpack.com.cn:13580/k3C                
                             loud/Kingdee.BOS.WebApi.ServicesStu                
                             b.DynamicFormService.ExecuteBillQue                
                             ry.common.kdsvc "HTTP/1.1 200 OK"                  
[04/16/26 05:22:17] INFO     Processing request of type            server.py:727
                             CallToolRequest                                    
                    INFO     HTTP Request: POST                  _client.py:1740
                             http://erp1.enpack.com.cn:13580/k3C                
                             loud/Kingdee.BOS.WebApi.ServicesStu                
                             b.DynamicFormService.ExecuteBillQue                
                             ry.common.kdsvc "HTTP/1.1 200 OK"                  
[04/16/26 05:22:21] INFO     Processing request of type            server.py:727
                             CallToolRequest                                    
                    INFO     HTTP Request: POST                  _client.py:1740
                             http://erp1.enpack.com.cn:13580/k3C                
                             loud/Kingdee.BOS.WebApi.ServicesStu                
                             b.DynamicFormService.ExecuteBillQue                
                             ry.common.kdsvc "HTTP/1.1 200 OK"                  
[04/16/26 05:22:24] INFO     Processing request of type            server.py:727
                             CallToolRequest                                    
                    INFO     HTTP Request: POST                  _client.py:1740
                             http://erp1.enpack.com.cn:13580/k3C                
                             loud/Kingdee.BOS.WebApi.ServicesStu                
                             b.DynamicFormService.QueryBusinessI                
                             nfo.common.kdsvc "HTTP/1.1 200 OK"                 
[04/16/26 05:22:29] INFO     Processing request of type            server.py:727
                             CallToolRequest                                    
                    INFO     HTTP Request: POST                  _client.py:1740
                             http://erp1.enpack.com.cn:13580/k3C                
                             loud/Kingdee.BOS.WebApi.ServicesStu                
                             b.DynamicFormService.ExecuteBillQue                
                             ry.common.kdsvc "HTTP/1.1 200 OK"                  
[04/16/26 05:22:33] INFO     Processing request of type            server.py:727
                             CallToolRequest                                    
[04/16/26 05:22:34] INFO     HTTP Request: POST                  _client.py:1740
                             http://erp1.enpack.com.cn:13580/k3C                
                             loud/Kingdee.BOS.WebApi.ServicesStu                
                             b.DynamicFormService.ExecuteBillQue                
                             ry.common.kdsvc "HTTP/1.1 200 OK"                  
[04/16/26 05:22:39] INFO     Processing request of type            server.py:727
                             CallToolRequest                                    
                    INFO     HTTP Request: POST                  _client.py:1740
                             http://erp1.enpack.com.cn:13580/k3C                
                             loud/Kingdee.BOS.WebApi.ServicesStu                
                             b.DynamicFormService.ExecuteBillQue                
                             ry.common.kdsvc "HTTP/1.1 200 OK"                  
[04/16/26 05:22:43] INFO     Processing request of type            server.py:727
                             CallToolRequest                                    
[04/16/26 05:22:44] INFO     HTTP Request: POST                  _client.py:1740
                             http://erp1.enpack.com.cn:13580/k3C                
                             loud/Kingdee.BOS.WebApi.ServicesStu                
                             b.DynamicFormService.ExecuteBillQue                
                             ry.common.kdsvc "HTTP/1.1 200 OK"                  
[04/16/26 05:22:49] INFO     Processing request of type            server.py:727
                             CallToolRequest                                    
                    INFO     HTTP Request: POST                  _client.py:1740
                             http://erp1.enpack.com.cn:13580/k3C                
                             loud/Kingdee.BOS.WebApi.ServicesStu                
                             b.DynamicFormService.ExecuteBillQue                
                             ry.common.kdsvc "HTTP/1.1 200 OK"                  
[8/46] L2-03 (L2) — 12 fields / 12 tool calls: ['kingdee_search_forms_online', 'kingdee_search_forms_online', 'kingdee_search_forms_online', 'kingdee_query_bills', 'kingdee_query_bills', 'kingdee_query_bills', 'kingdee_describe_form', 'kingdee_query_bills', 'kingdee_query_bills', 'kingdee_query_bills', 'kingdee_query_bills', 'kingdee_query_bills']
[04/16/26 05:22:57] INFO     Processing request of type            server.py:727
                             CallToolRequest                                    
                    INFO     HTTP Request: POST                  _client.py:1740
                             http://erp1.enpack.com.cn:13580/k3C                
                             loud/Kingdee.BOS.WebApi.ServicesStu                
                             b.DynamicFormService.ExecuteBillQue                
                             ry.common.kdsvc "HTTP/1.1 200 OK"                  
[04/16/26 05:23:00] INFO     Processing request of type            server.py:727
                             CallToolRequest                                    
                    INFO     HTTP Request: POST                  _client.py:1740
                             http://erp1.enpack.com.cn:13580/k3C                
                             loud/Kingdee.BOS.WebApi.ServicesStu                
                             b.DynamicFormService.ExecuteBillQue                
                             ry.common.kdsvc "HTTP/1.1 200 OK"                  
[04/16/26 05:23:04] INFO     Processing request of type            server.py:727
                             CallToolRequest                                    
                    INFO     HTTP Request: POST                  _client.py:1740
                             http://erp1.enpack.com.cn:13580/k3C                
                             loud/Kingdee.BOS.WebApi.ServicesStu                
                             b.DynamicFormService.ExecuteBillQue                
                             ry.common.kdsvc "HTTP/1.1 200 OK"                  
[04/16/26 05:23:07] INFO     Processing request of type            server.py:727
                             CallToolRequest                                    
                    INFO     HTTP Request: POST                  _client.py:1740
                             http://erp1.enpack.com.cn:13580/k3C                
                             loud/Kingdee.BOS.WebApi.ServicesStu                
                             b.DynamicFormService.QueryBusinessI                
                             nfo.common.kdsvc "HTTP/1.1 200 OK"                 
[04/16/26 05:23:11] INFO     Processing request of type            server.py:727
                             CallToolRequest                                    
                    INFO     HTTP Request: POST                  _client.py:1740
                             http://erp1.enpack.com.cn:13580/k3C                
                             loud/Kingdee.BOS.WebApi.ServicesStu                
                             b.DynamicFormService.ExecuteBillQue                
                             ry.common.kdsvc "HTTP/1.1 200 OK"                  
[04/16/26 05:23:16] INFO     Processing request of type            server.py:727
                             CallToolRequest                                    
                    INFO     HTTP Request: POST                  _client.py:1740
                             http://erp1.enpack.com.cn:13580/k3C                
                             loud/Kingdee.BOS.WebApi.ServicesStu                
                             b.DynamicFormService.ExecuteBillQue                
                             ry.common.kdsvc "HTTP/1.1 200 OK"                  
[04/16/26 05:23:18] INFO     Processing request of type            server.py:727
                             CallToolRequest                                    
                    INFO     HTTP Request: POST                  _client.py:1740
                             http://erp1.enpack.com.cn:13580/k3C                
                             loud/Kingdee.BOS.WebApi.ServicesStu                
                             b.DynamicFormService.ExecuteBillQue                
                             ry.common.kdsvc "HTTP/1.1 200 OK"                  
[04/16/26 05:23:23] INFO     Processing request of type            server.py:727
                             CallToolRequest                                    
                    INFO     HTTP Request: POST                  _client.py:1740
                             http://erp1.enpack.com.cn:13580/k3C                
                             loud/Kingdee.BOS.WebApi.ServicesStu                
                             b.DynamicFormService.ExecuteBillQue                
                             ry.common.kdsvc "HTTP/1.1 200 OK"                  
[04/16/26 05:23:27] INFO     Processing request of type            server.py:727
                             CallToolRequest                                    
                    INFO     HTTP Request: POST                  _client.py:1740
                             http://erp1.enpack.com.cn:13580/k3C                
                             loud/Kingdee.BOS.WebApi.ServicesStu                
                             b.DynamicFormService.ExecuteBillQue                
                             ry.common.kdsvc "HTTP/1.1 200 OK"                  
[9/46] L2-04 (L2) — 18 fields / 9 tool calls: ['kingdee_search_forms_online', 'kingdee_search_forms_online', 'kingdee_query_bills', 'kingdee_describe_form', 'kingdee_query_bills', 'kingdee_query_bills', 'kingdee_query_materials', 'kingdee_query_bills', 'kingdee_query_bills']
[04/16/26 05:23:37] INFO     Processing request of type            server.py:727
                             CallToolRequest                                    
[04/16/26 05:23:39] INFO     Processing request of type            server.py:727
                             CallToolRequest                                    
                    INFO     HTTP Request: POST                  _client.py:1740
                             http://erp1.enpack.com.cn:13580/k3C                
                             loud/Kingdee.BOS.WebApi.ServicesStu                
                             b.DynamicFormService.ExecuteBillQue                
                             ry.common.kdsvc "HTTP/1.1 200 OK"                  
[04/16/26 05:23:42] INFO     Processing request of type            server.py:727
                             CallToolRequest                                    
                    INFO     HTTP Request: POST                  _client.py:1740
                             http://erp1.enpack.com.cn:13580/k3C                
                             loud/Kingdee.BOS.WebApi.ServicesStu                
                             b.DynamicFormService.ExecuteBillQue                
                             ry.common.kdsvc "HTTP/1.1 200 OK"                  
[04/16/26 05:23:44] INFO     Processing request of type            server.py:727
                             CallToolRequest                                    
                    INFO     HTTP Request: POST                  _client.py:1740
                             http://erp1.enpack.com.cn:13580/k3C                
                             loud/Kingdee.BOS.WebApi.ServicesStu                
                             b.DynamicFormService.ExecuteBillQue                
                             ry.common.kdsvc "HTTP/1.1 200 OK"                  
[04/16/26 05:23:48] INFO     Processing request of type            server.py:727
                             CallToolRequest                                    
                    INFO     HTTP Request: POST                  _client.py:1740
                             http://erp1.enpack.com.cn:13580/k3C                
                             loud/Kingdee.BOS.WebApi.ServicesStu                
                             b.DynamicFormService.ExecuteBillQue                
                             ry.common.kdsvc "HTTP/1.1 200 OK"                  
[04/16/26 05:23:52] INFO     Processing request of type            server.py:727
                             CallToolRequest                                    
                    INFO     HTTP Request: POST                  _client.py:1740
                             http://erp1.enpack.com.cn:13580/k3C                
                             loud/Kingdee.BOS.WebApi.ServicesStu                
                             b.DynamicFormService.ExecuteBillQue                
                             ry.common.kdsvc "HTTP/1.1 200 OK"                  
[04/16/26 05:23:59] INFO     Processing request of type            server.py:727
                             CallToolRequest                                    
                    INFO     HTTP Request: POST                  _client.py:1740
                             http://erp1.enpack.com.cn:13580/k3C                
                             loud/Kingdee.BOS.WebApi.ServicesStu                
                             b.DynamicFormService.ExecuteBillQue                
                             ry.common.kdsvc "HTTP/1.1 200 OK"                  
[04/16/26 05:24:04] INFO     Processing request of type            server.py:727
                             CallToolRequest                                    
[04/16/26 05:24:07] INFO     Processing request of type            server.py:727
                             CallToolRequest                                    
                    INFO     HTTP Request: POST                  _client.py:1740
                             http://erp1.enpack.com.cn:13580/k3C                
                             loud/Kingdee.BOS.WebApi.ServicesStu                
                             b.DynamicFormService.ExecuteBillQue                
                             ry.common.kdsvc "HTTP/1.1 200 OK"                  
[10/46] L2-05 (L2) — 7 fields / 9 tool calls: ['kingdee_search_forms_online', 'kingdee_search_forms_online', 'kingdee_search_forms_online', 'kingdee_search_forms_online', 'kingdee_query_bills', 'kingdee_query_bills', 'kingdee_search_forms_online', 'kingdee_query_bills', 'kingdee_query_bills']
[04/16/26 05:24:21] INFO     Processing request of type            server.py:727
                             CallToolRequest                                    
[04/16/26 05:24:23] INFO     Processing request of type            server.py:727
                             CallToolRequest                                    
[04/16/26 05:24:26] INFO     Processing request of type            server.py:727
                             CallToolRequest                                    
                    INFO     HTTP Request: POST                  _client.py:1740
                             http://erp1.enpack.com.cn:13580/k3C                
                             loud/Kingdee.BOS.WebApi.ServicesStu                
                             b.DynamicFormService.ExecuteBillQue                
                             ry.common.kdsvc "HTTP/1.1 200 OK"                  
[04/16/26 05:24:28] INFO     Processing request of type            server.py:727
                             CallToolRequest                                    
                    INFO     HTTP Request: POST                  _client.py:1740
                             http://erp1.enpack.com.cn:13580/k3C                
                             loud/Kingdee.BOS.WebApi.ServicesStu                
                             b.DynamicFormService.ExecuteBillQue                
                             ry.common.kdsvc "HTTP/1.1 200 OK"                  
[04/16/26 05:24:32] INFO     Processing request of type            server.py:727
                             CallToolRequest                                    
                    INFO     HTTP Request: POST                  _client.py:1740
                             http://erp1.enpack.com.cn:13580/k3C                
                             loud/Kingdee.BOS.WebApi.ServicesStu                
                             b.DynamicFormService.ExecuteBillQue                
                             ry.common.kdsvc "HTTP/1.1 200 OK"                  
[04/16/26 05:24:35] INFO     Processing request of type            server.py:727
                             CallToolRequest                                    
                    INFO     HTTP Request: POST                  _client.py:1740
                             http://erp1.enpack.com.cn:13580/k3C                
                             loud/Kingdee.BOS.WebApi.ServicesStu                
                             b.DynamicFormService.QueryBusinessI                
                             nfo.common.kdsvc "HTTP/1.1 200 OK"                 
[04/16/26 05:24:40] INFO     Processing request of type            server.py:727
                             CallToolRequest                                    
                    INFO     HTTP Request: POST                  _client.py:1740
                             http://erp1.enpack.com.cn:13580/k3C                
                             loud/Kingdee.BOS.WebApi.ServicesStu                
                             b.DynamicFormService.ExecuteBillQue                
                             ry.common.kdsvc "HTTP/1.1 200 OK"                  
[04/16/26 05:24:45] INFO     Processing request of type            server.py:727
                             CallToolRequest                                    
                    INFO     HTTP Request: POST                  _client.py:1740
                             http://erp1.enpack.com.cn:13580/k3C                
                             loud/Kingdee.BOS.WebApi.ServicesStu                
                             b.DynamicFormService.ExecuteBillQue                
                             ry.common.kdsvc "HTTP/1.1 200 OK"                  
[11/46] L2-06 (L2) — 14 fields / 8 tool calls: ['kingdee_search_forms_online', 'kingdee_search_forms_online', 'kingdee_search_forms_online', 'kingdee_search_forms_online', 'kingdee_query_bills', 'kingdee_describe_form', 'kingdee_query_bills', 'kingdee_query_bills']
[04/16/26 05:25:00] INFO     Processing request of type            server.py:727
                             CallToolRequest                                    
[04/16/26 05:25:03] INFO     Processing request of type            server.py:727
                             CallToolRequest                                    
                    INFO     HTTP Request: POST                  _client.py:1740
                             http://erp1.enpack.com.cn:13580/k3C                
                             loud/Kingdee.BOS.WebApi.ServicesStu                
                             b.DynamicFormService.ExecuteBillQue                
                             ry.common.kdsvc "HTTP/1.1 200 OK"                  
[04/16/26 05:25:05] INFO     Processing request of type            server.py:727
                             CallToolRequest                                    
                    INFO     HTTP Request: POST                  _client.py:1740
                             http://erp1.enpack.com.cn:13580/k3C                
                             loud/Kingdee.BOS.WebApi.ServicesStu                
                             b.DynamicFormService.ExecuteBillQue                
                             ry.common.kdsvc "HTTP/1.1 200 OK"                  
[04/16/26 05:25:09] INFO     Processing request of type            server.py:727
                             CallToolRequest                                    
                    INFO     HTTP Request: POST                  _client.py:1740
                             http://erp1.enpack.com.cn:13580/k3C                
                             loud/Kingdee.BOS.WebApi.ServicesStu                
                             b.DynamicFormService.ExecuteBillQue                
                             ry.common.kdsvc "HTTP/1.1 200 OK"                  
[04/16/26 05:25:13] INFO     Processing request of type            server.py:727
                             CallToolRequest                                    
                    INFO     HTTP Request: POST                  _client.py:1740
                             http://erp1.enpack.com.cn:13580/k3C                
                             loud/Kingdee.BOS.WebApi.ServicesStu                
                             b.DynamicFormService.ExecuteBillQue                
                             ry.common.kdsvc "HTTP/1.1 200 OK"                  
[04/16/26 05:25:15] INFO     Processing request of type            server.py:727
                             CallToolRequest                                    
                    INFO     HTTP Request: POST                  _client.py:1740
                             http://erp1.enpack.com.cn:13580/k3C                
                             loud/Kingdee.BOS.WebApi.ServicesStu                
                             b.DynamicFormService.QueryBusinessI                
                             nfo.common.kdsvc "HTTP/1.1 200 OK"                 
[04/16/26 05:25:22] INFO     Processing request of type            server.py:727
                             CallToolRequest                                    
                    INFO     HTTP Request: POST                  _client.py:1740
                             http://erp1.enpack.com.cn:13580/k3C                
                             loud/Kingdee.BOS.WebApi.ServicesStu                
                             b.DynamicFormService.ExecuteBillQue                
                             ry.common.kdsvc "HTTP/1.1 200 OK"                  
[04/16/26 05:25:27] INFO     Processing request of type            server.py:727
                             CallToolRequest                                    
                    INFO     HTTP Request: POST                  _client.py:1740
                             http://erp1.enpack.com.cn:13580/k3C                
                             loud/Kingdee.BOS.WebApi.ServicesStu                
                             b.DynamicFormService.ExecuteBillQue                
                             ry.common.kdsvc "HTTP/1.1 200 OK"                  
[04/16/26 05:25:31] INFO     Processing request of type            server.py:727
                             CallToolRequest                                    
                    INFO     HTTP Request: POST                  _client.py:1740
                             http://erp1.enpack.com.cn:13580/k3C                
                             loud/Kingdee.BOS.WebApi.ServicesStu                
                             b.DynamicFormService.ExecuteBillQue                
                             ry.common.kdsvc "HTTP/1.1 200 OK"                  
[12/46] L2-07 (L2) — 11 fields / 9 tool calls: ['kingdee_search_forms_online', 'kingdee_search_forms_online', 'kingdee_search_forms_online', 'kingdee_query_bills', 'kingdee_query_bills', 'kingdee_describe_form', 'kingdee_query_bills', 'kingdee_query_bills', 'kingdee_query_bills']
[04/16/26 05:25:45] INFO     Processing request of type            server.py:727
                             CallToolRequest                                    
                    INFO     HTTP Request: POST                  _client.py:1740
                             http://erp1.enpack.com.cn:13580/k3C                
                             loud/Kingdee.BOS.WebApi.ServicesStu                
                             b.DynamicFormService.ExecuteBillQue                
                             ry.common.kdsvc "HTTP/1.1 200 OK"                  
[04/16/26 05:25:49] INFO     Processing request of type            server.py:727
                             CallToolRequest                                    
                    INFO     HTTP Request: POST                  _client.py:1740
                             http://erp1.enpack.com.cn:13580/k3C                
                             loud/Kingdee.BOS.WebApi.ServicesStu                
                             b.DynamicFormService.ExecuteBillQue                
                             ry.common.kdsvc "HTTP/1.1 200 OK"                  
[04/16/26 05:25:51] INFO     Processing request of type            server.py:727
                             CallToolRequest                                    
                    INFO     HTTP Request: POST                  _client.py:1740
                             http://erp1.enpack.com.cn:13580/k3C                
                             loud/Kingdee.BOS.WebApi.ServicesStu                
                             b.DynamicFormService.ExecuteBillQue                
                             ry.common.kdsvc "HTTP/1.1 200 OK"                  
[04/16/26 05:25:54] INFO     Processing request of type            server.py:727
                             CallToolRequest                                    
[04/16/26 05:25:55] INFO     HTTP Request: POST                  _client.py:1740
                             http://erp1.enpack.com.cn:13580/k3C                
                             loud/Kingdee.BOS.WebApi.ServicesStu                
                             b.DynamicFormService.ExecuteBillQue                
                             ry.common.kdsvc "HTTP/1.1 200 OK"                  
[04/16/26 05:25:58] INFO     Processing request of type            server.py:727
                             CallToolRequest                                    
                    INFO     HTTP Request: POST                  _client.py:1740
                             http://erp1.enpack.com.cn:13580/k3C                
                             loud/Kingdee.BOS.WebApi.ServicesStu                
                             b.DynamicFormService.QueryBusinessI                
                             nfo.common.kdsvc "HTTP/1.1 200 OK"                 
[04/16/26 05:26:03] INFO     Processing request of type            server.py:727
                             CallToolRequest                                    
[04/16/26 05:26:04] INFO     HTTP Request: POST                  _client.py:1740
                             http://erp1.enpack.com.cn:13580/k3C                
                             loud/Kingdee.BOS.WebApi.ServicesStu                
                             b.DynamicFormService.ExecuteBillQue                
                             ry.common.kdsvc "HTTP/1.1 200 OK"                  
[04/16/26 05:26:07] INFO     Processing request of type            server.py:727
                             CallToolRequest                                    
                    INFO     HTTP Request: POST                  _client.py:1740
                             http://erp1.enpack.com.cn:13580/k3C                
                             loud/Kingdee.BOS.WebApi.ServicesStu                
                             b.DynamicFormService.ExecuteBillQue                
                             ry.common.kdsvc "HTTP/1.1 200 OK"                  
[13/46] L2-08 (L2) — 10 fields / 7 tool calls: ['kingdee_query_fixed_assets', 'kingdee_search_forms_online', 'kingdee_search_forms_online', 'kingdee_query_bills', 'kingdee_describe_form', 'kingdee_query_bills', 'kingdee_query_bills']
[04/16/26 05:26:21] INFO     Processing request of type            server.py:727
                             CallToolRequest                                    
[04/16/26 05:26:22] INFO     HTTP Request: POST                  _client.py:1740
                             http://erp1.enpack.com.cn:13580/k3C                
                             loud/Kingdee.BOS.WebApi.ServicesStu                
                             b.DynamicFormService.ExecuteBillQue                
                             ry.common.kdsvc "HTTP/1.1 200 OK"                  
[04/16/26 05:26:25] INFO     Processing request of type            server.py:727
                             CallToolRequest                                    
                    INFO     HTTP Request: POST                  _client.py:1740
                             http://erp1.enpack.com.cn:13580/k3C                
                             loud/Kingdee.BOS.WebApi.ServicesStu                
                             b.DynamicFormService.ExecuteBillQue                
                             ry.common.kdsvc "HTTP/1.1 200 OK"                  
[04/16/26 05:26:29] INFO     Processing request of type            server.py:727
                             CallToolRequest                                    
                    INFO     HTTP Request: POST                  _client.py:1740
                             http://erp1.enpack.com.cn:13580/k3C                
                             loud/Kingdee.BOS.WebApi.ServicesStu                
                             b.DynamicFormService.ExecuteBillQue                
                             ry.common.kdsvc "HTTP/1.1 200 OK"                  
[04/16/26 05:26:32] INFO     Processing request of type            server.py:727
                             CallToolRequest                                    
[04/16/26 05:26:33] INFO     HTTP Request: POST                  _client.py:1740
                             http://erp1.enpack.com.cn:13580/k3C                
                             loud/Kingdee.BOS.WebApi.ServicesStu                
                             b.DynamicFormService.QueryBusinessI                
                             nfo.common.kdsvc "HTTP/1.1 200 OK"                 
[04/16/26 05:26:39] INFO     Processing request of type            server.py:727
                             CallToolRequest                                    
                    INFO     HTTP Request: POST                  _client.py:1740
                             http://erp1.enpack.com.cn:13580/k3C                
                             loud/Kingdee.BOS.WebApi.ServicesStu                
                             b.DynamicFormService.ExecuteBillQue                
                             ry.common.kdsvc "HTTP/1.1 200 OK"                  
[04/16/26 05:26:45] INFO     Processing request of type            server.py:727
                             CallToolRequest                                    
                    INFO     HTTP Request: POST                  _client.py:1740
                             http://erp1.enpack.com.cn:13580/k3C                
                             loud/Kingdee.BOS.WebApi.ServicesStu                
                             b.DynamicFormService.ExecuteBillQue                
                             ry.common.kdsvc "HTTP/1.1 200 OK"                  
[04/16/26 05:26:49] INFO     Processing request of type            server.py:727
                             CallToolRequest                                    
                    INFO     HTTP Request: POST                  _client.py:1740
                             http://erp1.enpack.com.cn:13580/k3C                
                             loud/Kingdee.BOS.WebApi.ServicesStu                
                             b.DynamicFormService.ExecuteBillQue                
                             ry.common.kdsvc "HTTP/1.1 200 OK"                  
[04/16/26 05:26:53] INFO     Processing request of type            server.py:727
                             CallToolRequest                                    
                    INFO     HTTP Request: POST                  _client.py:1740
                             http://erp1.enpack.com.cn:13580/k3C                
                             loud/Kingdee.BOS.WebApi.ServicesStu                
                             b.DynamicFormService.ExecuteBillQue                
                             ry.common.kdsvc "HTTP/1.1 200 OK"                  
[14/46] L2-09 (L2) — 12 fields / 8 tool calls: ['kingdee_search_forms_online', 'kingdee_search_forms_online', 'kingdee_query_bills', 'kingdee_describe_form', 'kingdee_query_bills', 'kingdee_query_bills', 'kingdee_query_bills', 'kingdee_query_bills']
[04/16/26 05:27:03] INFO     Processing request of type            server.py:727
                             CallToolRequest                                    
                    INFO     HTTP Request: POST                  _client.py:1740
                             http://erp1.enpack.com.cn:13580/k3C                
                             loud/Kingdee.BOS.WebApi.ServicesStu                
                             b.DynamicFormService.ExecuteBillQue                
                             ry.common.kdsvc "HTTP/1.1 200 OK"                  
[04/16/26 05:27:05] INFO     Processing request of type            server.py:727
                             CallToolRequest                                    
[04/16/26 05:27:06] INFO     HTTP Request: POST                  _client.py:1740
                             http://erp1.enpack.com.cn:13580/k3C                
                             loud/Kingdee.BOS.WebApi.ServicesStu                
                             b.DynamicFormService.ExecuteBillQue                
                             ry.common.kdsvc "HTTP/1.1 200 OK"                  
[04/16/26 05:27:10] INFO     Processing request of type            server.py:727
                             CallToolRequest                                    
                    INFO     HTTP Request: POST                  _client.py:1740
                             http://erp1.enpack.com.cn:13580/k3C                
                             loud/Kingdee.BOS.WebApi.ServicesStu                
                             b.DynamicFormService.ExecuteBillQue                
                             ry.common.kdsvc "HTTP/1.1 200 OK"                  
[04/16/26 05:27:13] INFO     Processing request of type            server.py:727
                             CallToolRequest                                    
                    INFO     HTTP Request: POST                  _client.py:1740
                             http://erp1.enpack.com.cn:13580/k3C                
                             loud/Kingdee.BOS.WebApi.ServicesStu                
                             b.DynamicFormService.QueryBusinessI                
                             nfo.common.kdsvc "HTTP/1.1 200 OK"                 
[04/16/26 05:27:19] INFO     Processing request of type            server.py:727
                             CallToolRequest                                    
                    INFO     HTTP Request: POST                  _client.py:1740
                             http://erp1.enpack.com.cn:13580/k3C                
                             loud/Kingdee.BOS.WebApi.ServicesStu                
                             b.DynamicFormService.ExecuteBillQue                
                             ry.common.kdsvc "HTTP/1.1 200 OK"                  
[04/16/26 05:27:24] INFO     Processing request of type            server.py:727
                             CallToolRequest                                    
                    INFO     HTTP Request: POST                  _client.py:1740
                             http://erp1.enpack.com.cn:13580/k3C                
                             loud/Kingdee.BOS.WebApi.ServicesStu                
                             b.DynamicFormService.ExecuteBillQue                
                             ry.common.kdsvc "HTTP/1.1 200 OK"                  
[15/46] L2-10 (L2) — 7 fields / 6 tool calls: ['kingdee_search_forms_online', 'kingdee_search_forms_online', 'kingdee_query_bills', 'kingdee_describe_form', 'kingdee_query_bills', 'kingdee_query_bills']
[04/16/26 05:27:33] INFO     Processing request of type            server.py:727
                             CallToolRequest                                    
[04/16/26 05:27:35] INFO     Processing request of type            server.py:727
                             CallToolRequest                                    
[04/16/26 05:27:38] INFO     Processing request of type            server.py:727
                             CallToolRequest                                    
                    INFO     HTTP Request: POST                  _client.py:1740
                             http://erp1.enpack.com.cn:13580/k3C                
                             loud/Kingdee.BOS.WebApi.ServicesStu                
                             b.DynamicFormService.ExecuteBillQue                
                             ry.common.kdsvc "HTTP/1.1 200 OK"                  
[04/16/26 05:27:40] INFO     Processing request of type            server.py:727
                             CallToolRequest                                    
                    INFO     HTTP Request: POST                  _client.py:1740
                             http://erp1.enpack.com.cn:13580/k3C                
                             loud/Kingdee.BOS.WebApi.ServicesStu                
                             b.DynamicFormService.ExecuteBillQue                
                             ry.common.kdsvc "HTTP/1.1 200 OK"                  
[04/16/26 05:27:44] INFO     Processing request of type            server.py:727
                             CallToolRequest                                    
                    INFO     HTTP Request: POST                  _client.py:1740
                             http://erp1.enpack.com.cn:13580/k3C                
                             loud/Kingdee.BOS.WebApi.ServicesStu                
                             b.DynamicFormService.ExecuteBillQue                
                             ry.common.kdsvc "HTTP/1.1 200 OK"                  
[04/16/26 05:27:47] INFO     Processing request of type            server.py:727
                             CallToolRequest                                    
                    INFO     HTTP Request: POST                  _client.py:1740
                             http://erp1.enpack.com.cn:13580/k3C                
                             loud/Kingdee.BOS.WebApi.ServicesStu                
                             b.DynamicFormService.ExecuteBillQue                
                             ry.common.kdsvc "HTTP/1.1 200 OK"                  
[04/16/26 05:27:51] INFO     Processing request of type            server.py:727
                             CallToolRequest                                    
                    INFO     HTTP Request: POST                  _client.py:1740
                             http://erp1.enpack.com.cn:13580/k3C                
                             loud/Kingdee.BOS.WebApi.ServicesStu                
                             b.DynamicFormService.ExecuteBillQue                
                             ry.common.kdsvc "HTTP/1.1 200 OK"                  
[04/16/26 05:27:54] INFO     Processing request of type            server.py:727
                             CallToolRequest                                    
                    INFO     HTTP Request: POST                  _client.py:1740
                             http://erp1.enpack.com.cn:13580/k3C                
                             loud/Kingdee.BOS.WebApi.ServicesStu                
                             b.DynamicFormService.QueryBusinessI                
                             nfo.common.kdsvc "HTTP/1.1 200 OK"                 
[04/16/26 05:27:58] INFO     Processing request of type            server.py:727
                             CallToolRequest                                    
                    INFO     HTTP Request: POST                  _client.py:1740
                             http://erp1.enpack.com.cn:13580/k3C                
                             loud/Kingdee.BOS.WebApi.ServicesStu                
                             b.DynamicFormService.ExecuteBillQue                
                             ry.common.kdsvc "HTTP/1.1 200 OK"                  
[04/16/26 05:28:01] INFO     Processing request of type            server.py:727
                             CallToolRequest                                    
                    INFO     HTTP Request: POST                  _client.py:1740
                             http://erp1.enpack.com.cn:13580/k3C                
                             loud/Kingdee.BOS.WebApi.ServicesStu                
                             b.DynamicFormService.QueryBusinessI                
                             nfo.common.kdsvc "HTTP/1.1 200 OK"                 
[04/16/26 05:28:06] INFO     Processing request of type            server.py:727
                             CallToolRequest                                    
                    INFO     HTTP Request: POST                  _client.py:1740
                             http://erp1.enpack.com.cn:13580/k3C                
                             loud/Kingdee.BOS.WebApi.ServicesStu                
                             b.DynamicFormService.ExecuteBillQue                
                             ry.common.kdsvc "HTTP/1.1 200 OK"                  
[04/16/26 05:28:10] INFO     Processing request of type            server.py:727
                             CallToolRequest                                    
                    INFO     HTTP Request: POST                  _client.py:1740
                             http://erp1.enpack.com.cn:13580/k3C                
                             loud/Kingdee.BOS.WebApi.ServicesStu                
                             b.DynamicFormService.ExecuteBillQue                
                             ry.common.kdsvc "HTTP/1.1 200 OK"                  
[16/46] L3-01 (L3) — 19 fields / 12 tool calls: ['kingdee_search_forms_online', 'kingdee_search_forms_online', 'kingdee_search_forms_online', 'kingdee_search_forms_online', 'kingdee_query_bills', 'kingdee_query_bills', 'kingdee_query_bills', 'kingdee_describe_form', 'kingdee_query_bills', 'kingdee_describe_form', 'kingdee_query_bills', 'kingdee_query_bills']
[04/16/26 05:28:20] INFO     Processing request of type            server.py:727
                             CallToolRequest                                    
[04/16/26 05:28:22] INFO     Processing request of type            server.py:727
                             CallToolRequest                                    
[04/16/26 05:28:24] INFO     Processing request of type            server.py:727
                             CallToolRequest                                    
                    INFO     HTTP Request: POST                  _client.py:1740
                             http://erp1.enpack.com.cn:13580/k3C                
                             loud/Kingdee.BOS.WebApi.ServicesStu                
                             b.DynamicFormService.ExecuteBillQue                
                             ry.common.kdsvc "HTTP/1.1 200 OK"                  
[04/16/26 05:28:26] INFO     Processing request of type            server.py:727
                             CallToolRequest                                    
                    INFO     HTTP Request: POST                  _client.py:1740
                             http://erp1.enpack.com.cn:13580/k3C                
                             loud/Kingdee.BOS.WebApi.ServicesStu                
                             b.DynamicFormService.ExecuteBillQue                
                             ry.common.kdsvc "HTTP/1.1 200 OK"                  
[04/16/26 05:28:28] INFO     Processing request of type            server.py:727
                             CallToolRequest                                    
[04/16/26 05:28:29] INFO     HTTP Request: POST                  _client.py:1740
                             http://erp1.enpack.com.cn:13580/k3C                
                             loud/Kingdee.BOS.WebApi.ServicesStu                
                             b.DynamicFormService.ExecuteBillQue                
                             ry.common.kdsvc "HTTP/1.1 200 OK"                  
[04/16/26 05:28:32] INFO     Processing request of type            server.py:727
                             CallToolRequest                                    
                    INFO     HTTP Request: POST                  _client.py:1740
                             http://erp1.enpack.com.cn:13580/k3C                
                             loud/Kingdee.BOS.WebApi.ServicesStu                
                             b.DynamicFormService.ExecuteBillQue                
                             ry.common.kdsvc "HTTP/1.1 200 OK"                  
[04/16/26 05:28:35] INFO     Processing request of type            server.py:727
                             CallToolRequest                                    
                    INFO     HTTP Request: POST                  _client.py:1740
                             http://erp1.enpack.com.cn:13580/k3C                
                             loud/Kingdee.BOS.WebApi.ServicesStu                
                             b.DynamicFormService.ExecuteBillQue                
                             ry.common.kdsvc "HTTP/1.1 200 OK"                  
[04/16/26 05:28:38] INFO     Processing request of type            server.py:727
                             CallToolRequest                                    
[04/16/26 05:28:39] INFO     HTTP Request: POST                  _client.py:1740
                             http://erp1.enpack.com.cn:13580/k3C                
                             loud/Kingdee.BOS.WebApi.ServicesStu                
                             b.DynamicFormService.ExecuteBillQue                
                             ry.common.kdsvc "HTTP/1.1 200 OK"                  
[04/16/26 05:28:42] INFO     Processing request of type            server.py:727
                             CallToolRequest                                    
                    INFO     HTTP Request: POST                  _client.py:1740
                             http://erp1.enpack.com.cn:13580/k3C                
                             loud/Kingdee.BOS.WebApi.ServicesStu                
                             b.DynamicFormService.ExecuteBillQue                
                             ry.common.kdsvc "HTTP/1.1 200 OK"                  
[04/16/26 05:28:44] INFO     Processing request of type            server.py:727
                             CallToolRequest                                    
                    INFO     HTTP Request: POST                  _client.py:1740
                             http://erp1.enpack.com.cn:13580/k3C                
                             loud/Kingdee.BOS.WebApi.ServicesStu                
                             b.DynamicFormService.ExecuteBillQue                
                             ry.common.kdsvc "HTTP/1.1 200 OK"                  
[04/16/26 05:28:47] INFO     Processing request of type            server.py:727
                             CallToolRequest                                    
                    INFO     HTTP Request: POST                  _client.py:1740
                             http://erp1.enpack.com.cn:13580/k3C                
                             loud/Kingdee.BOS.WebApi.ServicesStu                
                             b.DynamicFormService.ExecuteBillQue                
                             ry.common.kdsvc "HTTP/1.1 200 OK"                  
[04/16/26 05:28:50] INFO     Processing request of type            server.py:727
                             CallToolRequest                                    
                    INFO     HTTP Request: POST                  _client.py:1740
                             http://erp1.enpack.com.cn:13580/k3C                
                             loud/Kingdee.BOS.WebApi.ServicesStu                
                             b.DynamicFormService.ExecuteBillQue                
                             ry.common.kdsvc "HTTP/1.1 200 OK"                  
[17/46] L3-02 (L3) — 9 fields / 12 tool calls: ['kingdee_search_forms_online', 'kingdee_search_forms_online', 'kingdee_search_forms_online', 'kingdee_search_forms_online', 'kingdee_search_forms_online', 'kingdee_query_bills', 'kingdee_query_bills', 'kingdee_query_bills', 'kingdee_query_bills', 'kingdee_search_forms_online', 'kingdee_search_forms_online', 'kingdee_query_bills']
[04/16/26 05:28:59] INFO     Processing request of type            server.py:727
                             CallToolRequest                                    
[04/16/26 05:29:01] INFO     Processing request of type            server.py:727
                             CallToolRequest                                    
[04/16/26 05:29:03] INFO     Processing request of type            server.py:727
                             CallToolRequest                                    
                    INFO     HTTP Request: POST                  _client.py:1740
                             http://erp1.enpack.com.cn:13580/k3C                
                             loud/Kingdee.BOS.WebApi.ServicesStu                
                             b.DynamicFormService.ExecuteBillQue                
                             ry.common.kdsvc "HTTP/1.1 200 OK"                  
[04/16/26 05:29:06] INFO     Processing request of type            server.py:727
                             CallToolRequest                                    
                    INFO     HTTP Request: POST                  _client.py:1740
                             http://erp1.enpack.com.cn:13580/k3C                
                             loud/Kingdee.BOS.WebApi.ServicesStu                
                             b.DynamicFormService.ExecuteBillQue                
                             ry.common.kdsvc "HTTP/1.1 200 OK"                  
[04/16/26 05:29:08] INFO     Processing request of type            server.py:727
                             CallToolRequest                                    
                    INFO     HTTP Request: POST                  _client.py:1740
                             http://erp1.enpack.com.cn:13580/k3C                
                             loud/Kingdee.BOS.WebApi.ServicesStu                
                             b.DynamicFormService.ExecuteBillQue                
                             ry.common.kdsvc "HTTP/1.1 200 OK"                  
[04/16/26 05:29:11] INFO     Processing request of type            server.py:727
                             CallToolRequest                                    
                    INFO     HTTP Request: POST                  _client.py:1740
                             http://erp1.enpack.com.cn:13580/k3C                
                             loud/Kingdee.BOS.WebApi.ServicesStu                
                             b.DynamicFormService.ExecuteBillQue                
                             ry.common.kdsvc "HTTP/1.1 200 OK"                  
[04/16/26 05:29:14] INFO     Processing request of type            server.py:727
                             CallToolRequest                                    
                    INFO     HTTP Request: POST                  _client.py:1740
                             http://erp1.enpack.com.cn:13580/k3C                
                             loud/Kingdee.BOS.WebApi.ServicesStu                
                             b.DynamicFormService.ExecuteBillQue                
                             ry.common.kdsvc "HTTP/1.1 200 OK"                  
[04/16/26 05:29:17] INFO     Processing request of type            server.py:727
                             CallToolRequest                                    
                    INFO     HTTP Request: POST                  _client.py:1740
                             http://erp1.enpack.com.cn:13580/k3C                
                             loud/Kingdee.BOS.WebApi.ServicesStu                
                             b.DynamicFormService.ExecuteBillQue                
                             ry.common.kdsvc "HTTP/1.1 200 OK"                  
[04/16/26 05:29:21] INFO     Processing request of type            server.py:727
                             CallToolRequest                                    
                    INFO     HTTP Request: POST                  _client.py:1740
                             http://erp1.enpack.com.cn:13580/k3C                
                             loud/Kingdee.BOS.WebApi.ServicesStu                
                             b.DynamicFormService.ExecuteBillQue                
                             ry.common.kdsvc "HTTP/1.1 200 OK"                  
[04/16/26 05:29:25] INFO     Processing request of type            server.py:727
                             CallToolRequest                                    
                    INFO     HTTP Request: POST                  _client.py:1740
                             http://erp1.enpack.com.cn:13580/k3C                
                             loud/Kingdee.BOS.WebApi.ServicesStu                
                             b.DynamicFormService.ExecuteBillQue                
                             ry.common.kdsvc "HTTP/1.1 200 OK"                  
[04/16/26 05:29:28] INFO     Processing request of type            server.py:727
                             CallToolRequest                                    
                    INFO     HTTP Request: POST                  _client.py:1740
                             http://erp1.enpack.com.cn:13580/k3C                
                             loud/Kingdee.BOS.WebApi.ServicesStu                
                             b.DynamicFormService.ExecuteBillQue                
                             ry.common.kdsvc "HTTP/1.1 200 OK"                  
[04/16/26 05:29:31] INFO     Processing request of type            server.py:727
                             CallToolRequest                                    
                    INFO     HTTP Request: POST                  _client.py:1740
                             http://erp1.enpack.com.cn:13580/k3C                
                             loud/Kingdee.BOS.WebApi.ServicesStu                
                             b.DynamicFormService.QueryBusinessI                
                             nfo.common.kdsvc "HTTP/1.1 200 OK"                 
[18/46] L3-03 (L3) — 17 fields / 12 tool calls: ['kingdee_search_forms_online', 'kingdee_search_forms_online', 'kingdee_search_forms_online', 'kingdee_search_forms_online', 'kingdee_search_forms_online', 'kingdee_query_bills', 'kingdee_query_bills', 'kingdee_query_bills', 'kingdee_query_bills', 'kingdee_query_bills', 'kingdee_query_bills', 'kingdee_describe_form']
[04/16/26 05:29:40] INFO     Processing request of type            server.py:727
                             CallToolRequest                                    
[04/16/26 05:29:42] INFO     Processing request of type            server.py:727
                             CallToolRequest                                    
[04/16/26 05:29:45] INFO     Processing request of type            server.py:727
                             CallToolRequest                                    
                    INFO     HTTP Request: POST                  _client.py:1740
                             http://erp1.enpack.com.cn:13580/k3C                
                             loud/Kingdee.BOS.WebApi.ServicesStu                
                             b.DynamicFormService.ExecuteBillQue                
                             ry.common.kdsvc "HTTP/1.1 200 OK"                  
[04/16/26 05:29:47] INFO     Processing request of type            server.py:727
                             CallToolRequest                                    
                    INFO     HTTP Request: POST                  _client.py:1740
                             http://erp1.enpack.com.cn:13580/k3C                
                             loud/Kingdee.BOS.WebApi.ServicesStu                
                             b.DynamicFormService.ExecuteBillQue                
                             ry.common.kdsvc "HTTP/1.1 200 OK"                  
[04/16/26 05:29:51] INFO     Processing request of type            server.py:727
                             CallToolRequest                                    
                    INFO     HTTP Request: POST                  _client.py:1740
                             http://erp1.enpack.com.cn:13580/k3C                
                             loud/Kingdee.BOS.WebApi.ServicesStu                
                             b.DynamicFormService.ExecuteBillQue                
                             ry.common.kdsvc "HTTP/1.1 200 OK"                  
[04/16/26 05:29:54] INFO     Processing request of type            server.py:727
                             CallToolRequest                                    
                    INFO     HTTP Request: POST                  _client.py:1740
                             http://erp1.enpack.com.cn:13580/k3C                
                             loud/Kingdee.BOS.WebApi.ServicesStu                
                             b.DynamicFormService.ExecuteBillQue                
                             ry.common.kdsvc "HTTP/1.1 200 OK"                  
[04/16/26 05:29:58] INFO     Processing request of type            server.py:727
                             CallToolRequest                                    
                    INFO     HTTP Request: POST                  _client.py:1740
                             http://erp1.enpack.com.cn:13580/k3C                
                             loud/Kingdee.BOS.WebApi.ServicesStu                
                             b.DynamicFormService.ExecuteBillQue                
                             ry.common.kdsvc "HTTP/1.1 200 OK"                  
[04/16/26 05:30:01] INFO     Processing request of type            server.py:727
                             CallToolRequest                                    
                    INFO     HTTP Request: POST                  _client.py:1740
                             http://erp1.enpack.com.cn:13580/k3C                
                             loud/Kingdee.BOS.WebApi.ServicesStu                
                             b.DynamicFormService.ExecuteBillQue                
                             ry.common.kdsvc "HTTP/1.1 200 OK"                  
[04/16/26 05:30:04] INFO     Processing request of type            server.py:727
                             CallToolRequest                                    
                    INFO     HTTP Request: POST                  _client.py:1740
                             http://erp1.enpack.com.cn:13580/k3C                
                             loud/Kingdee.BOS.WebApi.ServicesStu                
                             b.DynamicFormService.ExecuteBillQue                
                             ry.common.kdsvc "HTTP/1.1 200 OK"                  
[04/16/26 05:30:07] INFO     Processing request of type            server.py:727
                             CallToolRequest                                    
                    INFO     HTTP Request: POST                  _client.py:1740
                             http://erp1.enpack.com.cn:13580/k3C                
                             loud/Kingdee.BOS.WebApi.ServicesStu                
                             b.DynamicFormService.ExecuteBillQue                
                             ry.common.kdsvc "HTTP/1.1 200 OK"                  
[04/16/26 05:30:12] INFO     Processing request of type            server.py:727
                             CallToolRequest                                    
                    INFO     HTTP Request: POST                  _client.py:1740
                             http://erp1.enpack.com.cn:13580/k3C                
                             loud/Kingdee.BOS.WebApi.ServicesStu                
                             b.DynamicFormService.ExecuteBillQue                
                             ry.common.kdsvc "HTTP/1.1 200 OK"                  
[04/16/26 05:30:19] INFO     Processing request of type            server.py:727
                             CallToolRequest                                    
                    INFO     HTTP Request: POST                  _client.py:1740
                             http://erp1.enpack.com.cn:13580/k3C                
                             loud/Kingdee.BOS.WebApi.ServicesStu                
                             b.DynamicFormService.ExecuteBillQue                
                             ry.common.kdsvc "HTTP/1.1 200 OK"                  
[19/46] L3-04 (L3) — 15 fields / 12 tool calls: ['kingdee_search_forms_online', 'kingdee_search_forms_online', 'kingdee_search_forms_online', 'kingdee_search_forms_online', 'kingdee_query_bills', 'kingdee_query_materials', 'kingdee_query_bills', 'kingdee_query_inventory', 'kingdee_query_materials', 'kingdee_query_inventory', 'kingdee_query_bills', 'kingdee_query_inventory']
[04/16/26 05:30:29] INFO     Processing request of type            server.py:727
                             CallToolRequest                                    
                    INFO     HTTP Request: POST                  _client.py:1740
                             http://erp1.enpack.com.cn:13580/k3C                
                             loud/Kingdee.BOS.WebApi.ServicesStu                
                             b.DynamicFormService.ExecuteBillQue                
                             ry.common.kdsvc "HTTP/1.1 200 OK"                  
[04/16/26 05:30:33] INFO     Processing request of type            server.py:727
                             CallToolRequest                                    
                    INFO     HTTP Request: POST                  _client.py:1740
                             http://erp1.enpack.com.cn:13580/k3C                
                             loud/Kingdee.BOS.WebApi.ServicesStu                
                             b.DynamicFormService.ExecuteBillQue                
                             ry.common.kdsvc "HTTP/1.1 200 OK"                  
[20/46] L3-05 (L3) — 5 fields / 2 tool calls: ['kingdee_query_inventory', 'kingdee_query_materials']
[04/16/26 05:30:44] INFO     Processing request of type            server.py:727
                             CallToolRequest                                    
[04/16/26 05:30:46] INFO     Processing request of type            server.py:727
                             CallToolRequest                                    
[04/16/26 05:30:49] INFO     Processing request of type            server.py:727
                             CallToolRequest                                    
                    INFO     HTTP Request: POST                  _client.py:1740
                             http://erp1.enpack.com.cn:13580/k3C                
                             loud/Kingdee.BOS.WebApi.ServicesStu                
                             b.DynamicFormService.ExecuteBillQue                
                             ry.common.kdsvc "HTTP/1.1 200 OK"                  
[04/16/26 05:30:51] INFO     Processing request of type            server.py:727
                             CallToolRequest                                    
                    INFO     HTTP Request: POST                  _client.py:1740
                             http://erp1.enpack.com.cn:13580/k3C                
                             loud/Kingdee.BOS.WebApi.ServicesStu                
                             b.DynamicFormService.ExecuteBillQue                
                             ry.common.kdsvc "HTTP/1.1 200 OK"                  
[04/16/26 05:30:55] INFO     Processing request of type            server.py:727
                             CallToolRequest                                    
                    INFO     HTTP Request: POST                  _client.py:1740
                             http://erp1.enpack.com.cn:13580/k3C                
                             loud/Kingdee.BOS.WebApi.ServicesStu                
                             b.DynamicFormService.ExecuteBillQue                
                             ry.common.kdsvc "HTTP/1.1 200 OK"                  
[04/16/26 05:30:57] INFO     Processing request of type            server.py:727
                             CallToolRequest                                    
                    INFO     HTTP Request: POST                  _client.py:1740
                             http://erp1.enpack.com.cn:13580/k3C                
                             loud/Kingdee.BOS.WebApi.ServicesStu                
                             b.DynamicFormService.ExecuteBillQue                
                             ry.common.kdsvc "HTTP/1.1 200 OK"                  
[04/16/26 05:31:00] INFO     Processing request of type            server.py:727
                             CallToolRequest                                    
                    INFO     HTTP Request: POST                  _client.py:1740
                             http://erp1.enpack.com.cn:13580/k3C                
                             loud/Kingdee.BOS.WebApi.ServicesStu                
                             b.DynamicFormService.ExecuteBillQue                
                             ry.common.kdsvc "HTTP/1.1 200 OK"                  
[04/16/26 05:31:03] INFO     Processing request of type            server.py:727
                             CallToolRequest                                    
                    INFO     HTTP Request: POST                  _client.py:1740
                             http://erp1.enpack.com.cn:13580/k3C                
                             loud/Kingdee.BOS.WebApi.ServicesStu                
                             b.DynamicFormService.QueryBusinessI                
                             nfo.common.kdsvc "HTTP/1.1 200 OK"                 
[04/16/26 05:31:09] INFO     Processing request of type            server.py:727
                             CallToolRequest                                    
[04/16/26 05:31:10] INFO     HTTP Request: POST                  _client.py:1740
                             http://erp1.enpack.com.cn:13580/k3C                
                             loud/Kingdee.BOS.WebApi.ServicesStu                
                             b.DynamicFormService.ExecuteBillQue                
                             ry.common.kdsvc "HTTP/1.1 200 OK"                  
[04/16/26 05:31:13] INFO     Processing request of type            server.py:727
                             CallToolRequest                                    
                    INFO     HTTP Request: POST                  _client.py:1740
                             http://erp1.enpack.com.cn:13580/k3C                
                             loud/Kingdee.BOS.WebApi.ServicesStu                
                             b.DynamicFormService.QueryBusinessI                
                             nfo.common.kdsvc "HTTP/1.1 200 OK"                 
[04/16/26 05:31:16] INFO     Processing request of type            server.py:727
                             CallToolRequest                                    
                    INFO     HTTP Request: POST                  _client.py:1740
                             http://erp1.enpack.com.cn:13580/k3C                
                             loud/Kingdee.BOS.WebApi.ServicesStu                
                             b.DynamicFormService.ExecuteBillQue                
                             ry.common.kdsvc "HTTP/1.1 200 OK"                  
[04/16/26 05:31:20] INFO     Processing request of type            server.py:727
                             CallToolRequest                                    
                    INFO     HTTP Request: POST                  _client.py:1740
                             http://erp1.enpack.com.cn:13580/k3C                
                             loud/Kingdee.BOS.WebApi.ServicesStu                
                             b.DynamicFormService.ExecuteBillQue                
                             ry.common.kdsvc "HTTP/1.1 200 OK"                  
[21/46] L3-06 (L3) — 11 fields / 12 tool calls: ['kingdee_search_forms_online', 'kingdee_search_forms_online', 'kingdee_search_forms_online', 'kingdee_search_forms_online', 'kingdee_query_bills', 'kingdee_query_bills', 'kingdee_query_bills', 'kingdee_describe_form', 'kingdee_query_bills', 'kingdee_describe_form', 'kingdee_query_bills', 'kingdee_query_bills']
[04/16/26 05:31:29] INFO     Processing request of type            server.py:727
                             CallToolRequest                                    
[04/16/26 05:31:32] INFO     Processing request of type            server.py:727
                             CallToolRequest                                    
[04/16/26 05:31:34] INFO     Processing request of type            server.py:727
                             CallToolRequest                                    
                    INFO     HTTP Request: POST                  _client.py:1740
                             http://erp1.enpack.com.cn:13580/k3C                
                             loud/Kingdee.BOS.WebApi.ServicesStu                
                             b.DynamicFormService.ExecuteBillQue                
                             ry.common.kdsvc "HTTP/1.1 200 OK"                  
[04/16/26 05:31:37] INFO     Processing request of type            server.py:727
                             CallToolRequest                                    
                    INFO     HTTP Request: POST                  _client.py:1740
                             http://erp1.enpack.com.cn:13580/k3C                
                             loud/Kingdee.BOS.WebApi.ServicesStu                
                             b.DynamicFormService.ExecuteBillQue                
                             ry.common.kdsvc "HTTP/1.1 200 OK"                  
[04/16/26 05:31:40] INFO     Processing request of type            server.py:727
                             CallToolRequest                                    
                    INFO     HTTP Request: POST                  _client.py:1740
                             http://erp1.enpack.com.cn:13580/k3C                
                             loud/Kingdee.BOS.WebApi.ServicesStu                
                             b.DynamicFormService.ExecuteBillQue                
                             ry.common.kdsvc "HTTP/1.1 200 OK"                  
[04/16/26 05:31:43] INFO     Processing request of type            server.py:727
                             CallToolRequest                                    
                    INFO     HTTP Request: POST                  _client.py:1740
                             http://erp1.enpack.com.cn:13580/k3C                
                             loud/Kingdee.BOS.WebApi.ServicesStu                
                             b.DynamicFormService.QueryBusinessI                
                             nfo.common.kdsvc "HTTP/1.1 200 OK"                 
[04/16/26 05:31:46] INFO     Processing request of type            server.py:727
                             CallToolRequest                                    
                    INFO     HTTP Request: POST                  _client.py:1740
                             http://erp1.enpack.com.cn:13580/k3C                
                             loud/Kingdee.BOS.WebApi.ServicesStu                
                             b.DynamicFormService.ExecuteBillQue                
                             ry.common.kdsvc "HTTP/1.1 200 OK"                  
[04/16/26 05:31:50] INFO     Processing request of type            server.py:727
                             CallToolRequest                                    
                    INFO     HTTP Request: POST                  _client.py:1740
                             http://erp1.enpack.com.cn:13580/k3C                
                             loud/Kingdee.BOS.WebApi.ServicesStu                
                             b.DynamicFormService.ExecuteBillQue                
                             ry.common.kdsvc "HTTP/1.1 200 OK"                  
[22/46] L4-01 (L4) — 6 fields / 8 tool calls: ['kingdee_search_forms_online', 'kingdee_search_forms_online', 'kingdee_search_forms_online', 'kingdee_search_forms_online', 'kingdee_query_bills', 'kingdee_describe_form', 'kingdee_query_bills', 'kingdee_query_bills']
[04/16/26 05:32:00] INFO     Processing request of type            server.py:727
                             CallToolRequest                                    
                    INFO     HTTP Request: POST                  _client.py:1740
                             http://erp1.enpack.com.cn:13580/k3C                
                             loud/Kingdee.BOS.WebApi.ServicesStu                
                             b.DynamicFormService.ExecuteBillQue                
                             ry.common.kdsvc "HTTP/1.1 200 OK"                  
[04/16/26 05:32:03] INFO     Processing request of type            server.py:727
                             CallToolRequest                                    
                    INFO     HTTP Request: POST                  _client.py:1740
                             http://erp1.enpack.com.cn:13580/k3C                
                             loud/Kingdee.BOS.WebApi.ServicesStu                
                             b.DynamicFormService.ExecuteBillQue                
                             ry.common.kdsvc "HTTP/1.1 200 OK"                  
[04/16/26 05:32:05] INFO     Processing request of type            server.py:727
                             CallToolRequest                                    
                    INFO     HTTP Request: POST                  _client.py:1740
                             http://erp1.enpack.com.cn:13580/k3C                
                             loud/Kingdee.BOS.WebApi.ServicesStu                
                             b.DynamicFormService.ExecuteBillQue                
                             ry.common.kdsvc "HTTP/1.1 200 OK"                  
[04/16/26 05:32:08] INFO     Processing request of type            server.py:727
                             CallToolRequest                                    
                    INFO     HTTP Request: POST                  _client.py:1740
                             http://erp1.enpack.com.cn:13580/k3C                
                             loud/Kingdee.BOS.WebApi.ServicesStu                
                             b.DynamicFormService.QueryBusinessI                
                             nfo.common.kdsvc "HTTP/1.1 200 OK"                 
[04/16/26 05:32:12] INFO     Processing request of type            server.py:727
                             CallToolRequest                                    
[04/16/26 05:32:13] INFO     HTTP Request: POST                  _client.py:1740
                             http://erp1.enpack.com.cn:13580/k3C                
                             loud/Kingdee.BOS.WebApi.ServicesStu                
                             b.DynamicFormService.ExecuteBillQue                
                             ry.common.kdsvc "HTTP/1.1 200 OK"                  
[04/16/26 05:32:18] INFO     Processing request of type            server.py:727
                             CallToolRequest                                    
                    INFO     HTTP Request: POST                  _client.py:1740
                             http://erp1.enpack.com.cn:13580/k3C                
                             loud/Kingdee.BOS.WebApi.ServicesStu                
                             b.DynamicFormService.ExecuteBillQue                
                             ry.common.kdsvc "HTTP/1.1 200 OK"                  
[04/16/26 05:32:21] INFO     Processing request of type            server.py:727
                             CallToolRequest                                    
                    INFO     HTTP Request: POST                  _client.py:1740
                             http://erp1.enpack.com.cn:13580/k3C                
                             loud/Kingdee.BOS.WebApi.ServicesStu                
                             b.DynamicFormService.ExecuteBillQue                
                             ry.common.kdsvc "HTTP/1.1 200 OK"                  
[04/16/26 05:32:25] INFO     Processing request of type            server.py:727
                             CallToolRequest                                    
                    INFO     HTTP Request: POST                  _client.py:1740
                             http://erp1.enpack.com.cn:13580/k3C                
                             loud/Kingdee.BOS.WebApi.ServicesStu                
                             b.DynamicFormService.ExecuteBillQue                
                             ry.common.kdsvc "HTTP/1.1 200 OK"                  
[04/16/26 05:32:29] INFO     Processing request of type            server.py:727
                             CallToolRequest                                    
                    INFO     HTTP Request: POST                  _client.py:1740
                             http://erp1.enpack.com.cn:13580/k3C                
                             loud/Kingdee.BOS.WebApi.ServicesStu                
                             b.DynamicFormService.ExecuteBillQue                
                             ry.common.kdsvc "HTTP/1.1 200 OK"                  
[04/16/26 05:32:32] INFO     Processing request of type            server.py:727
                             CallToolRequest                                    
[04/16/26 05:32:33] INFO     HTTP Request: POST                  _client.py:1740
                             http://erp1.enpack.com.cn:13580/k3C                
                             loud/Kingdee.BOS.WebApi.ServicesStu                
                             b.DynamicFormService.QueryBusinessI                
                             nfo.common.kdsvc "HTTP/1.1 200 OK"                 
[04/16/26 05:32:37] INFO     Processing request of type            server.py:727
                             CallToolRequest                                    
                    INFO     HTTP Request: POST                  _client.py:1740
                             http://erp1.enpack.com.cn:13580/k3C                
                             loud/Kingdee.BOS.WebApi.ServicesStu                
                             b.DynamicFormService.ExecuteBillQue                
                             ry.common.kdsvc "HTTP/1.1 200 OK"                  
[23/46] L4-02 (L4) — 5 fields / 11 tool calls: ['kingdee_query_materials', 'kingdee_search_forms_online', 'kingdee_search_forms_online', 'kingdee_describe_form', 'kingdee_query_materials', 'kingdee_query_bills', 'kingdee_query_bills', 'kingdee_query_bills', 'kingdee_query_materials', 'kingdee_describe_form', 'kingdee_query_bills']
[04/16/26 05:32:48] INFO     Processing request of type            server.py:727
                             CallToolRequest                                    
[04/16/26 05:32:50] INFO     Processing request of type            server.py:727
                             CallToolRequest                                    
[04/16/26 05:32:53] INFO     Processing request of type            server.py:727
                             CallToolRequest                                    
                    INFO     HTTP Request: POST                  _client.py:1740
                             http://erp1.enpack.com.cn:13580/k3C                
                             loud/Kingdee.BOS.WebApi.ServicesStu                
                             b.DynamicFormService.ExecuteBillQue                
                             ry.common.kdsvc "HTTP/1.1 200 OK"                  
[04/16/26 05:32:56] INFO     Processing request of type            server.py:727
                             CallToolRequest                                    
                    INFO     HTTP Request: POST                  _client.py:1740
                             http://erp1.enpack.com.cn:13580/k3C                
                             loud/Kingdee.BOS.WebApi.ServicesStu                
                             b.DynamicFormService.ExecuteBillQue                
                             ry.common.kdsvc "HTTP/1.1 200 OK"                  
[04/16/26 05:32:59] INFO     Processing request of type            server.py:727
                             CallToolRequest                                    
                    INFO     HTTP Request: POST                  _client.py:1740
                             http://erp1.enpack.com.cn:13580/k3C                
                             loud/Kingdee.BOS.WebApi.ServicesStu                
                             b.DynamicFormService.ExecuteBillQue                
                             ry.common.kdsvc "HTTP/1.1 200 OK"                  
[04/16/26 05:33:02] INFO     Processing request of type            server.py:727
                             CallToolRequest                                    
                    INFO     HTTP Request: POST                  _client.py:1740
                             http://erp1.enpack.com.cn:13580/k3C                
                             loud/Kingdee.BOS.WebApi.ServicesStu                
                             b.DynamicFormService.ExecuteBillQue                
                             ry.common.kdsvc "HTTP/1.1 200 OK"                  
[04/16/26 05:33:05] INFO     Processing request of type            server.py:727
                             CallToolRequest                                    
                    INFO     HTTP Request: POST                  _client.py:1740
                             http://erp1.enpack.com.cn:13580/k3C                
                             loud/Kingdee.BOS.WebApi.ServicesStu                
                             b.DynamicFormService.ExecuteBillQue                
                             ry.common.kdsvc "HTTP/1.1 200 OK"                  
[04/16/26 05:33:08] INFO     Processing request of type            server.py:727
                             CallToolRequest                                    
                    INFO     HTTP Request: POST                  _client.py:1740
                             http://erp1.enpack.com.cn:13580/k3C                
                             loud/Kingdee.BOS.WebApi.ServicesStu                
                             b.DynamicFormService.ExecuteBillQue                
                             ry.common.kdsvc "HTTP/1.1 200 OK"                  
[04/16/26 05:33:12] INFO     Processing request of type            server.py:727
                             CallToolRequest                                    
                    INFO     HTTP Request: POST                  _client.py:1740
                             http://erp1.enpack.com.cn:13580/k3C                
                             loud/Kingdee.BOS.WebApi.ServicesStu                
                             b.DynamicFormService.ExecuteBillQue                
                             ry.common.kdsvc "HTTP/1.1 200 OK"                  
[04/16/26 05:33:15] INFO     Processing request of type            server.py:727
                             CallToolRequest                                    
                    INFO     HTTP Request: POST                  _client.py:1740
                             http://erp1.enpack.com.cn:13580/k3C                
                             loud/Kingdee.BOS.WebApi.ServicesStu                
                             b.DynamicFormService.ExecuteBillQue                
                             ry.common.kdsvc "HTTP/1.1 200 OK"                  
[04/16/26 05:33:18] INFO     Processing request of type            server.py:727
                             CallToolRequest                                    
                    INFO     HTTP Request: POST                  _client.py:1740
                             http://erp1.enpack.com.cn:13580/k3C                
                             loud/Kingdee.BOS.WebApi.ServicesStu                
                             b.DynamicFormService.ExecuteBillQue                
                             ry.common.kdsvc "HTTP/1.1 200 OK"                  
[04/16/26 05:33:22] INFO     Processing request of type            server.py:727
                             CallToolRequest                                    
                    INFO     HTTP Request: POST                  _client.py:1740
                             http://erp1.enpack.com.cn:13580/k3C                
                             loud/Kingdee.BOS.WebApi.ServicesStu                
                             b.DynamicFormService.ExecuteBillQue                
                             ry.common.kdsvc "HTTP/1.1 200 OK"                  
[24/46] L4-03 (L4) — 19 fields / 12 tool calls: ['kingdee_search_forms_online', 'kingdee_search_forms_online', 'kingdee_query_bills', 'kingdee_query_bills', 'kingdee_query_bills', 'kingdee_query_bills', 'kingdee_query_bills', 'kingdee_query_bills', 'kingdee_query_bills', 'kingdee_query_bills', 'kingdee_query_bills', 'kingdee_query_bills']
[04/16/26 05:33:31] INFO     Processing request of type            server.py:727
                             CallToolRequest                                    
[04/16/26 05:33:33] INFO     Processing request of type            server.py:727
                             CallToolRequest                                    
                    INFO     HTTP Request: POST                  _client.py:1740
                             http://erp1.enpack.com.cn:13580/k3C                
                             loud/Kingdee.BOS.WebApi.ServicesStu                
                             b.DynamicFormService.ExecuteBillQue                
                             ry.common.kdsvc "HTTP/1.1 200 OK"                  
[04/16/26 05:33:36] INFO     Processing request of type            server.py:727
                             CallToolRequest                                    
                    INFO     HTTP Request: POST                  _client.py:1740
                             http://erp1.enpack.com.cn:13580/k3C                
                             loud/Kingdee.BOS.WebApi.ServicesStu                
                             b.DynamicFormService.ExecuteBillQue                
                             ry.common.kdsvc "HTTP/1.1 200 OK"                  
[04/16/26 05:33:38] INFO     Processing request of type            server.py:727
                             CallToolRequest                                    
                    INFO     HTTP Request: POST                  _client.py:1740
                             http://erp1.enpack.com.cn:13580/k3C                
                             loud/Kingdee.BOS.WebApi.ServicesStu                
                             b.DynamicFormService.ExecuteBillQue                
                             ry.common.kdsvc "HTTP/1.1 200 OK"                  
[04/16/26 05:33:42] INFO     Processing request of type            server.py:727
                             CallToolRequest                                    
                    INFO     HTTP Request: POST                  _client.py:1740
                             http://erp1.enpack.com.cn:13580/k3C                
                             loud/Kingdee.BOS.WebApi.ServicesStu                
                             b.DynamicFormService.ExecuteBillQue                
                             ry.common.kdsvc "HTTP/1.1 200 OK"                  
[04/16/26 05:33:45] INFO     Processing request of type            server.py:727
                             CallToolRequest                                    
                    INFO     HTTP Request: POST                  _client.py:1740
                             http://erp1.enpack.com.cn:13580/k3C                
                             loud/Kingdee.BOS.WebApi.ServicesStu                
                             b.DynamicFormService.QueryBusinessI                
                             nfo.common.kdsvc "HTTP/1.1 200 OK"                 
[04/16/26 05:33:49] INFO     Processing request of type            server.py:727
                             CallToolRequest                                    
                    INFO     HTTP Request: POST                  _client.py:1740
                             http://erp1.enpack.com.cn:13580/k3C                
                             loud/Kingdee.BOS.WebApi.ServicesStu                
                             b.DynamicFormService.ExecuteBillQue                
                             ry.common.kdsvc "HTTP/1.1 200 OK"                  
[04/16/26 05:33:52] INFO     Processing request of type            server.py:727
                             CallToolRequest                                    
                    INFO     HTTP Request: POST                  _client.py:1740
                             http://erp1.enpack.com.cn:13580/k3C                
                             loud/Kingdee.BOS.WebApi.ServicesStu                
                             b.DynamicFormService.ExecuteBillQue                
                             ry.common.kdsvc "HTTP/1.1 200 OK"                  
[04/16/26 05:33:55] INFO     Processing request of type            server.py:727
                             CallToolRequest                                    
                    INFO     HTTP Request: POST                  _client.py:1740
                             http://erp1.enpack.com.cn:13580/k3C                
                             loud/Kingdee.BOS.WebApi.ServicesStu                
                             b.DynamicFormService.ExecuteBillQue                
                             ry.common.kdsvc "HTTP/1.1 200 OK"                  
[04/16/26 05:33:59] INFO     Processing request of type            server.py:727
                             CallToolRequest                                    
                    INFO     HTTP Request: POST                  _client.py:1740
                             http://erp1.enpack.com.cn:13580/k3C                
                             loud/Kingdee.BOS.WebApi.ServicesStu                
                             b.DynamicFormService.ExecuteBillQue                
                             ry.common.kdsvc "HTTP/1.1 200 OK"                  
[04/16/26 05:34:02] INFO     Processing request of type            server.py:727
                             CallToolRequest                                    
                    INFO     HTTP Request: POST                  _client.py:1740
                             http://erp1.enpack.com.cn:13580/k3C                
                             loud/Kingdee.BOS.WebApi.ServicesStu                
                             b.DynamicFormService.ExecuteBillQue                
                             ry.common.kdsvc "HTTP/1.1 200 OK"                  
[04/16/26 05:34:04] INFO     Processing request of type            server.py:727
                             CallToolRequest                                    
                    INFO     HTTP Request: POST                  _client.py:1740
                             http://erp1.enpack.com.cn:13580/k3C                
                             loud/Kingdee.BOS.WebApi.ServicesStu                
                             b.DynamicFormService.ExecuteBillQue                
                             ry.common.kdsvc "HTTP/1.1 200 OK"                  
[25/46] L4-04 (L4) — 12 fields / 12 tool calls: ['kingdee_search_forms_online', 'kingdee_search_forms_online', 'kingdee_search_forms_online', 'kingdee_search_forms_online', 'kingdee_query_bills', 'kingdee_describe_form', 'kingdee_query_bills', 'kingdee_search_forms_online', 'kingdee_search_forms_online', 'kingdee_query_bills', 'kingdee_query_materials', 'kingdee_query_materials']
[04/16/26 05:34:14] INFO     Processing request of type            server.py:727
                             CallToolRequest                                    
                    INFO     HTTP Request: POST                  _client.py:1740
                             http://erp1.enpack.com.cn:13580/k3C                
                             loud/Kingdee.BOS.WebApi.ServicesStu                
                             b.DynamicFormService.ExecuteBillQue                
                             ry.common.kdsvc "HTTP/1.1 200 OK"                  
[04/16/26 05:34:16] INFO     Processing request of type            server.py:727
                             CallToolRequest                                    
[04/16/26 05:34:17] INFO     HTTP Request: POST                  _client.py:1740
                             http://erp1.enpack.com.cn:13580/k3C                
                             loud/Kingdee.BOS.WebApi.ServicesStu                
                             b.DynamicFormService.ExecuteBillQue                
                             ry.common.kdsvc "HTTP/1.1 200 OK"                  
[04/16/26 05:34:21] INFO     Processing request of type            server.py:727
                             CallToolRequest                                    
                    INFO     HTTP Request: POST                  _client.py:1740
                             http://erp1.enpack.com.cn:13580/k3C                
                             loud/Kingdee.BOS.WebApi.ServicesStu                
                             b.DynamicFormService.ExecuteBillQue                
                             ry.common.kdsvc "HTTP/1.1 200 OK"                  
[04/16/26 05:34:23] INFO     Processing request of type            server.py:727
                             CallToolRequest                                    
                    INFO     HTTP Request: POST                  _client.py:1740
                             http://erp1.enpack.com.cn:13580/k3C                
                             loud/Kingdee.BOS.WebApi.ServicesStu                
                             b.DynamicFormService.QueryBusinessI                
                             nfo.common.kdsvc "HTTP/1.1 200 OK"                 
[04/16/26 05:34:28] INFO     Processing request of type            server.py:727
                             CallToolRequest                                    
                    INFO     HTTP Request: POST                  _client.py:1740
                             http://erp1.enpack.com.cn:13580/k3C                
                             loud/Kingdee.BOS.WebApi.ServicesStu                
                             b.DynamicFormService.ExecuteBillQue                
                             ry.common.kdsvc "HTTP/1.1 200 OK"                  
[04/16/26 05:34:31] INFO     Processing request of type            server.py:727
                             CallToolRequest                                    
                    INFO     HTTP Request: POST                  _client.py:1740
                             http://erp1.enpack.com.cn:13580/k3C                
                             loud/Kingdee.BOS.WebApi.ServicesStu                
                             b.DynamicFormService.ExecuteBillQue                
                             ry.common.kdsvc "HTTP/1.1 200 OK"                  
[04/16/26 05:34:35] INFO     Processing request of type            server.py:727
                             CallToolRequest                                    
                    INFO     HTTP Request: POST                  _client.py:1740
                             http://erp1.enpack.com.cn:13580/k3C                
                             loud/Kingdee.BOS.WebApi.ServicesStu                
                             b.DynamicFormService.ExecuteBillQue                
                             ry.common.kdsvc "HTTP/1.1 200 OK"                  
[04/16/26 05:34:39] INFO     Processing request of type            server.py:727
                             CallToolRequest                                    
                    INFO     HTTP Request: POST                  _client.py:1740
                             http://erp1.enpack.com.cn:13580/k3C                
                             loud/Kingdee.BOS.WebApi.ServicesStu                
                             b.DynamicFormService.ExecuteBillQue                
                             ry.common.kdsvc "HTTP/1.1 200 OK"                  
[04/16/26 05:34:42] INFO     Processing request of type            server.py:727
                             CallToolRequest                                    
                    INFO     HTTP Request: POST                  _client.py:1740
                             http://erp1.enpack.com.cn:13580/k3C                
                             loud/Kingdee.BOS.WebApi.ServicesStu                
                             b.DynamicFormService.ExecuteBillQue                
                             ry.common.kdsvc "HTTP/1.1 200 OK"                  
[04/16/26 05:34:47] INFO     Processing request of type            server.py:727
                             CallToolRequest                                    
                    INFO     HTTP Request: POST                  _client.py:1740
                             http://erp1.enpack.com.cn:13580/k3C                
                             loud/Kingdee.BOS.WebApi.ServicesStu                
                             b.DynamicFormService.ExecuteBillQue                
                             ry.common.kdsvc "HTTP/1.1 200 OK"                  
[26/46] L4-05 (L4) — 12 fields / 10 tool calls: ['kingdee_search_forms_online', 'kingdee_search_forms_online', 'kingdee_query_bills', 'kingdee_describe_form', 'kingdee_query_bills', 'kingdee_query_bills', 'kingdee_query_bills', 'kingdee_query_bills', 'kingdee_query_bills', 'kingdee_query_bills']
[04/16/26 05:34:58] INFO     Processing request of type            server.py:727
                             CallToolRequest                                    
[04/16/26 05:35:00] INFO     Processing request of type            server.py:727
                             CallToolRequest                                    
                    INFO     HTTP Request: POST                  _client.py:1740
                             http://erp1.enpack.com.cn:13580/k3C                
                             loud/Kingdee.BOS.WebApi.ServicesStu                
                             b.DynamicFormService.ExecuteBillQue                
                             ry.common.kdsvc "HTTP/1.1 200 OK"                  
[04/16/26 05:35:03] INFO     Processing request of type            server.py:727
                             CallToolRequest                                    
                    INFO     HTTP Request: POST                  _client.py:1740
                             http://erp1.enpack.com.cn:13580/k3C                
                             loud/Kingdee.BOS.WebApi.ServicesStu                
                             b.DynamicFormService.ExecuteBillQue                
                             ry.common.kdsvc "HTTP/1.1 200 OK"                  
[04/16/26 05:35:05] INFO     Processing request of type            server.py:727
                             CallToolRequest                                    
                    INFO     HTTP Request: POST                  _client.py:1740
                             http://erp1.enpack.com.cn:13580/k3C                
                             loud/Kingdee.BOS.WebApi.ServicesStu                
                             b.DynamicFormService.ExecuteBillQue                
                             ry.common.kdsvc "HTTP/1.1 200 OK"                  
[04/16/26 05:35:07] INFO     Processing request of type            server.py:727
                             CallToolRequest                                    
                    INFO     HTTP Request: POST                  _client.py:1740
                             http://erp1.enpack.com.cn:13580/k3C                
                             loud/Kingdee.BOS.WebApi.ServicesStu                
                             b.DynamicFormService.ExecuteBillQue                
                             ry.common.kdsvc "HTTP/1.1 200 OK"                  
[04/16/26 05:35:10] INFO     Processing request of type            server.py:727
                             CallToolRequest                                    
[04/16/26 05:35:11] INFO     HTTP Request: POST                  _client.py:1740
                             http://erp1.enpack.com.cn:13580/k3C                
                             loud/Kingdee.BOS.WebApi.ServicesStu                
                             b.DynamicFormService.ExecuteBillQue                
                             ry.common.kdsvc "HTTP/1.1 200 OK"                  
[04/16/26 05:35:13] INFO     Processing request of type            server.py:727
                             CallToolRequest                                    
                    INFO     HTTP Request: POST                  _client.py:1740
                             http://erp1.enpack.com.cn:13580/k3C                
                             loud/Kingdee.BOS.WebApi.ServicesStu                
                             b.DynamicFormService.ExecuteBillQue                
                             ry.common.kdsvc "HTTP/1.1 200 OK"                  
[04/16/26 05:35:17] INFO     Processing request of type            server.py:727
                             CallToolRequest                                    
                    INFO     HTTP Request: POST                  _client.py:1740
                             http://erp1.enpack.com.cn:13580/k3C                
                             loud/Kingdee.BOS.WebApi.ServicesStu                
                             b.DynamicFormService.ExecuteBillQue                
                             ry.common.kdsvc "HTTP/1.1 200 OK"                  
[04/16/26 05:35:20] INFO     Processing request of type            server.py:727
                             CallToolRequest                                    
                    INFO     HTTP Request: POST                  _client.py:1740
                             http://erp1.enpack.com.cn:13580/k3C                
                             loud/Kingdee.BOS.WebApi.ServicesStu                
                             b.DynamicFormService.QueryBusinessI                
                             nfo.common.kdsvc "HTTP/1.1 200 OK"                 
[04/16/26 05:35:25] INFO     Processing request of type            server.py:727
                             CallToolRequest                                    
                    INFO     HTTP Request: POST                  _client.py:1740
                             http://erp1.enpack.com.cn:13580/k3C                
                             loud/Kingdee.BOS.WebApi.ServicesStu                
                             b.DynamicFormService.ExecuteBillQue                
                             ry.common.kdsvc "HTTP/1.1 200 OK"                  
[04/16/26 05:35:29] INFO     Processing request of type            server.py:727
                             CallToolRequest                                    
                    INFO     HTTP Request: POST                  _client.py:1740
                             http://erp1.enpack.com.cn:13580/k3C                
                             loud/Kingdee.BOS.WebApi.ServicesStu                
                             b.DynamicFormService.ExecuteBillQue                
                             ry.common.kdsvc "HTTP/1.1 200 OK"                  
[04/16/26 05:35:32] INFO     Processing request of type            server.py:727
                             CallToolRequest                                    
                    INFO     HTTP Request: POST                  _client.py:1740
                             http://erp1.enpack.com.cn:13580/k3C                
                             loud/Kingdee.BOS.WebApi.ServicesStu                
                             b.DynamicFormService.ExecuteBillQue                
                             ry.common.kdsvc "HTTP/1.1 200 OK"                  
[27/46] L5-01 (L5) — 9 fields / 12 tool calls: ['kingdee_search_forms_online', 'kingdee_search_forms_online', 'kingdee_search_forms_online', 'kingdee_search_forms_online', 'kingdee_search_forms_online', 'kingdee_query_bills', 'kingdee_query_bills', 'kingdee_query_bills', 'kingdee_describe_form', 'kingdee_query_bills', 'kingdee_query_bills', 'kingdee_query_bills']
[04/16/26 05:35:41] INFO     Processing request of type            server.py:727
                             CallToolRequest                                    
[04/16/26 05:35:44] INFO     Processing request of type            server.py:727
                             CallToolRequest                                    
[04/16/26 05:35:47] INFO     Processing request of type            server.py:727
                             CallToolRequest                                    
                    INFO     HTTP Request: POST                  _client.py:1740
                             http://erp1.enpack.com.cn:13580/k3C                
                             loud/Kingdee.BOS.WebApi.ServicesStu                
                             b.DynamicFormService.ExecuteBillQue                
                             ry.common.kdsvc "HTTP/1.1 200 OK"                  
[04/16/26 05:35:50] INFO     Processing request of type            server.py:727
                             CallToolRequest                                    
                    INFO     HTTP Request: POST                  _client.py:1740
                             http://erp1.enpack.com.cn:13580/k3C                
                             loud/Kingdee.BOS.WebApi.ServicesStu                
                             b.DynamicFormService.ExecuteBillQue                
                             ry.common.kdsvc "HTTP/1.1 200 OK"                  
[04/16/26 05:35:52] INFO     Processing request of type            server.py:727
                             CallToolRequest                                    
                    INFO     HTTP Request: POST                  _client.py:1740
                             http://erp1.enpack.com.cn:13580/k3C                
                             loud/Kingdee.BOS.WebApi.ServicesStu                
                             b.DynamicFormService.ExecuteBillQue                
                             ry.common.kdsvc "HTTP/1.1 200 OK"                  
[04/16/26 05:35:55] INFO     Processing request of type            server.py:727
                             CallToolRequest                                    
                    INFO     HTTP Request: POST                  _client.py:1740
                             http://erp1.enpack.com.cn:13580/k3C                
                             loud/Kingdee.BOS.WebApi.ServicesStu                
                             b.DynamicFormService.QueryBusinessI                
                             nfo.common.kdsvc "HTTP/1.1 200 OK"                 
[04/16/26 05:35:59] INFO     Processing request of type            server.py:727
                             CallToolRequest                                    
                    INFO     HTTP Request: POST                  _client.py:1740
                             http://erp1.enpack.com.cn:13580/k3C                
                             loud/Kingdee.BOS.WebApi.ServicesStu                
                             b.DynamicFormService.QueryBusinessI                
                             nfo.common.kdsvc "HTTP/1.1 200 OK"                 
[04/16/26 05:36:03] INFO     Processing request of type            server.py:727
                             CallToolRequest                                    
                    INFO     HTTP Request: POST                  _client.py:1740
                             http://erp1.enpack.com.cn:13580/k3C                
                             loud/Kingdee.BOS.WebApi.ServicesStu                
                             b.DynamicFormService.ExecuteBillQue                
                             ry.common.kdsvc "HTTP/1.1 200 OK"                  
[04/16/26 05:36:11] INFO     Processing request of type            server.py:727
                             CallToolRequest                                    
                    INFO     HTTP Request: POST                  _client.py:1740
                             http://erp1.enpack.com.cn:13580/k3C                
                             loud/Kingdee.BOS.WebApi.ServicesStu                
                             b.DynamicFormService.ExecuteBillQue                
                             ry.common.kdsvc "HTTP/1.1 200 OK"                  
[04/16/26 05:36:16] INFO     Processing request of type            server.py:727
                             CallToolRequest                                    
                    INFO     HTTP Request: POST                  _client.py:1740
                             http://erp1.enpack.com.cn:13580/k3C                
                             loud/Kingdee.BOS.WebApi.ServicesStu                
                             b.DynamicFormService.ExecuteBillQue                
                             ry.common.kdsvc "HTTP/1.1 200 OK"                  
[04/16/26 05:36:32] INFO     Processing request of type            server.py:727
                             CallToolRequest                                    
                    INFO     HTTP Request: POST                  _client.py:1740
                             http://erp1.enpack.com.cn:13580/k3C                
                             loud/Kingdee.BOS.WebApi.ServicesStu                
                             b.DynamicFormService.ExecuteBillQue                
                             ry.common.kdsvc "HTTP/1.1 200 OK"                  
[28/46] L5-02 (L5) — 23 fields / 11 tool calls: ['kingdee_search_forms_online', 'kingdee_search_forms_online', 'kingdee_search_forms_online', 'kingdee_search_forms_online', 'kingdee_query_materials', 'kingdee_describe_form', 'kingdee_describe_form', 'kingdee_query_materials', 'kingdee_query_bills', 'kingdee_query_bills', 'kingdee_query_materials']
[04/16/26 05:36:50] INFO     Processing request of type            server.py:727
                             CallToolRequest                                    
[04/16/26 05:36:53] INFO     Processing request of type            server.py:727
                             CallToolRequest                                    
                    INFO     HTTP Request: POST                  _client.py:1740
                             http://erp1.enpack.com.cn:13580/k3C                
                             loud/Kingdee.BOS.WebApi.ServicesStu                
                             b.DynamicFormService.ExecuteBillQue                
                             ry.common.kdsvc "HTTP/1.1 200 OK"                  
[04/16/26 05:36:56] INFO     Processing request of type            server.py:727
                             CallToolRequest                                    
                    INFO     HTTP Request: POST                  _client.py:1740
                             http://erp1.enpack.com.cn:13580/k3C                
                             loud/Kingdee.BOS.WebApi.ServicesStu                
                             b.DynamicFormService.ExecuteBillQue                
                             ry.common.kdsvc "HTTP/1.1 200 OK"                  
[04/16/26 05:37:00] INFO     Processing request of type            server.py:727
                             CallToolRequest                                    
                    INFO     HTTP Request: POST                  _client.py:1740
                             http://erp1.enpack.com.cn:13580/k3C                
                             loud/Kingdee.BOS.WebApi.ServicesStu                
                             b.DynamicFormService.ExecuteBillQue                
                             ry.common.kdsvc "HTTP/1.1 200 OK"                  
[04/16/26 05:37:04] INFO     Processing request of type            server.py:727
                             CallToolRequest                                    
                    INFO     HTTP Request: POST                  _client.py:1740
                             http://erp1.enpack.com.cn:13580/k3C                
                             loud/Kingdee.BOS.WebApi.ServicesStu                
                             b.DynamicFormService.QueryBusinessI                
                             nfo.common.kdsvc "HTTP/1.1 200 OK"                 
[04/16/26 05:37:09] INFO     Processing request of type            server.py:727
                             CallToolRequest                                    
                    INFO     HTTP Request: POST                  _client.py:1740
                             http://erp1.enpack.com.cn:13580/k3C                
                             loud/Kingdee.BOS.WebApi.ServicesStu                
                             b.DynamicFormService.ExecuteBillQue                
                             ry.common.kdsvc "HTTP/1.1 200 OK"                  
[04/16/26 05:37:14] INFO     Processing request of type            server.py:727
                             CallToolRequest                                    
                    INFO     HTTP Request: POST                  _client.py:1740
                             http://erp1.enpack.com.cn:13580/k3C                
                             loud/Kingdee.BOS.WebApi.ServicesStu                
                             b.DynamicFormService.ExecuteBillQue                
                             ry.common.kdsvc "HTTP/1.1 200 OK"                  
[04/16/26 05:37:20] INFO     Processing request of type            server.py:727
                             CallToolRequest                                    
                    INFO     HTTP Request: POST                  _client.py:1740
                             http://erp1.enpack.com.cn:13580/k3C                
                             loud/Kingdee.BOS.WebApi.ServicesStu                
                             b.DynamicFormService.ExecuteBillQue                
                             ry.common.kdsvc "HTTP/1.1 200 OK"                  
[04/16/26 05:37:24] INFO     Processing request of type            server.py:727
                             CallToolRequest                                    
                    INFO     HTTP Request: POST                  _client.py:1740
                             http://erp1.enpack.com.cn:13580/k3C                
                             loud/Kingdee.BOS.WebApi.ServicesStu                
                             b.DynamicFormService.QueryBusinessI                
                             nfo.common.kdsvc "HTTP/1.1 200 OK"                 
[04/16/26 05:37:32] INFO     Processing request of type            server.py:727
                             CallToolRequest                                    
                    INFO     HTTP Request: POST                  _client.py:1740
                             http://erp1.enpack.com.cn:13580/k3C                
                             loud/Kingdee.BOS.WebApi.ServicesStu                
                             b.DynamicFormService.ExecuteBillQue                
                             ry.common.kdsvc "HTTP/1.1 200 OK"                  
[04/16/26 05:37:45] INFO     Processing request of type            server.py:727
                             CallToolRequest                                    
                    INFO     HTTP Request: POST                  _client.py:1740
                             http://erp1.enpack.com.cn:13580/k3C                
                             loud/Kingdee.BOS.WebApi.ServicesStu                
                             b.DynamicFormService.ExecuteBillQue                
                             ry.common.kdsvc "HTTP/1.1 200 OK"                  
[29/46] L5-03 (L5) — 11 fields / 11 tool calls: ['kingdee_search_forms_online', 'kingdee_search_forms_online', 'kingdee_search_forms_online', 'kingdee_query_bills', 'kingdee_describe_form', 'kingdee_query_bills', 'kingdee_query_bills', 'kingdee_query_bills', 'kingdee_describe_form', 'kingdee_query_bills', 'kingdee_query_bills']
[04/16/26 05:38:04] INFO     Processing request of type            server.py:727
                             CallToolRequest                                    
                    INFO     HTTP Request: POST                  _client.py:1740
                             http://erp1.enpack.com.cn:13580/k3C                
                             loud/Kingdee.BOS.WebApi.ServicesStu                
                             b.DynamicFormService.ExecuteBillQue                
                             ry.common.kdsvc "HTTP/1.1 200 OK"                  
[04/16/26 05:38:07] INFO     Processing request of type            server.py:727
                             CallToolRequest                                    
                    INFO     HTTP Request: POST                  _client.py:1740
                             http://erp1.enpack.com.cn:13580/k3C                
                             loud/Kingdee.BOS.WebApi.ServicesStu                
                             b.DynamicFormService.ExecuteBillQue                
                             ry.common.kdsvc "HTTP/1.1 200 OK"                  
[04/16/26 05:38:10] INFO     Processing request of type            server.py:727
                             CallToolRequest                                    
                    INFO     HTTP Request: POST                  _client.py:1740
                             http://erp1.enpack.com.cn:13580/k3C                
                             loud/Kingdee.BOS.WebApi.ServicesStu                
                             b.DynamicFormService.ExecuteBillQue                
                             ry.common.kdsvc "HTTP/1.1 200 OK"                  
[04/16/26 05:38:14] INFO     Processing request of type            server.py:727
                             CallToolRequest                                    
                    INFO     HTTP Request: POST                  _client.py:1740
                             http://erp1.enpack.com.cn:13580/k3C                
                             loud/Kingdee.BOS.WebApi.ServicesStu                
                             b.DynamicFormService.ExecuteBillQue                
                             ry.common.kdsvc "HTTP/1.1 200 OK"                  
[04/16/26 05:38:16] INFO     Processing request of type            server.py:727
                             CallToolRequest                                    
[04/16/26 05:38:17] INFO     HTTP Request: POST                  _client.py:1740
                             http://erp1.enpack.com.cn:13580/k3C                
                             loud/Kingdee.BOS.WebApi.ServicesStu                
                             b.DynamicFormService.ExecuteBillQue                
                             ry.common.kdsvc "HTTP/1.1 200 OK"                  
[04/16/26 05:38:20] INFO     Processing request of type            server.py:727
                             CallToolRequest                                    
[04/16/26 05:38:21] INFO     HTTP Request: POST                  _client.py:1740
                             http://erp1.enpack.com.cn:13580/k3C                
                             loud/Kingdee.BOS.WebApi.ServicesStu                
                             b.DynamicFormService.ExecuteBillQue                
                             ry.common.kdsvc "HTTP/1.1 200 OK"                  
[04/16/26 05:38:24] INFO     Processing request of type            server.py:727
                             CallToolRequest                                    
                    INFO     HTTP Request: POST                  _client.py:1740
                             http://erp1.enpack.com.cn:13580/k3C                
                             loud/Kingdee.BOS.WebApi.ServicesStu                
                             b.DynamicFormService.ExecuteBillQue                
                             ry.common.kdsvc "HTTP/1.1 200 OK"                  
[30/46] L6-01 (L6) — 8 fields / 7 tool calls: ['kingdee_query_bills', 'kingdee_search_forms_online', 'kingdee_search_forms_online', 'kingdee_query_bills', 'kingdee_search_forms_online', 'kingdee_query_bills', 'kingdee_search_forms_online']
[04/16/26 05:38:35] INFO     Processing request of type            server.py:727
                             CallToolRequest                                    
[04/16/26 05:38:37] INFO     Processing request of type            server.py:727
                             CallToolRequest                                    
[04/16/26 05:38:40] INFO     Processing request of type            server.py:727
                             CallToolRequest                                    
[04/16/26 05:38:43] INFO     Processing request of type            server.py:727
                             CallToolRequest                                    
[04/16/26 05:38:47] INFO     Processing request of type            server.py:727
                             CallToolRequest                                    
                    INFO     HTTP Request: POST                  _client.py:1740
                             http://erp1.enpack.com.cn:13580/k3C                
                             loud/Kingdee.BOS.WebApi.ServicesStu                
                             b.DynamicFormService.ExecuteBillQue                
                             ry.common.kdsvc "HTTP/1.1 200 OK"                  
[04/16/26 05:38:50] INFO     Processing request of type            server.py:727
                             CallToolRequest                                    
                    INFO     HTTP Request: POST                  _client.py:1740
                             http://erp1.enpack.com.cn:13580/k3C                
                             loud/Kingdee.BOS.WebApi.ServicesStu                
                             b.DynamicFormService.ExecuteBillQue                
                             ry.common.kdsvc "HTTP/1.1 200 OK"                  
[04/16/26 05:38:53] INFO     Processing request of type            server.py:727
                             CallToolRequest                                    
[04/16/26 05:38:56] INFO     Processing request of type            server.py:727
                             CallToolRequest                                    
                    INFO     HTTP Request: POST                  _client.py:1740
                             http://erp1.enpack.com.cn:13580/k3C                
                             loud/Kingdee.BOS.WebApi.ServicesStu                
                             b.DynamicFormService.QueryBusinessI                
                             nfo.common.kdsvc "HTTP/1.1 200 OK"                 
[04/16/26 05:39:00] INFO     Processing request of type            server.py:727
                             CallToolRequest                                    
                    INFO     HTTP Request: POST                  _client.py:1740
                             http://erp1.enpack.com.cn:13580/k3C                
                             loud/Kingdee.BOS.WebApi.ServicesStu                
                             b.DynamicFormService.ExecuteBillQue                
                             ry.common.kdsvc "HTTP/1.1 200 OK"                  
[04/16/26 05:39:04] INFO     Processing request of type            server.py:727
                             CallToolRequest                                    
                    INFO     HTTP Request: POST                  _client.py:1740
                             http://erp1.enpack.com.cn:13580/k3C                
                             loud/Kingdee.BOS.WebApi.ServicesStu                
                             b.DynamicFormService.ExecuteBillQue                
                             ry.common.kdsvc "HTTP/1.1 200 OK"                  
[04/16/26 05:39:07] INFO     Processing request of type            server.py:727
                             CallToolRequest                                    
                    INFO     HTTP Request: POST                  _client.py:1740
                             http://erp1.enpack.com.cn:13580/k3C                
                             loud/Kingdee.BOS.WebApi.ServicesStu                
                             b.DynamicFormService.ExecuteBillQue                
                             ry.common.kdsvc "HTTP/1.1 200 OK"                  
[04/16/26 05:39:10] INFO     Processing request of type            server.py:727
                             CallToolRequest                                    
                    INFO     HTTP Request: POST                  _client.py:1740
                             http://erp1.enpack.com.cn:13580/k3C                
                             loud/Kingdee.BOS.WebApi.ServicesStu                
                             b.DynamicFormService.ExecuteBillQue                
                             ry.common.kdsvc "HTTP/1.1 200 OK"                  
[31/46] L6-02 (L6) — 12 fields / 12 tool calls: ['kingdee_search_forms_online', 'kingdee_search_forms_online', 'kingdee_search_forms_online', 'kingdee_search_forms_online', 'kingdee_query_bills', 'kingdee_query_bills', 'kingdee_describe_form', 'kingdee_describe_form', 'kingdee_query_bills', 'kingdee_search_forms_online', 'kingdee_search_forms_online', 'kingdee_search_forms_online']
[04/16/26 05:39:21] INFO     Processing request of type            server.py:727
                             CallToolRequest                                    
[04/16/26 05:39:23] INFO     Processing request of type            server.py:727
                             CallToolRequest                                    
[04/16/26 05:39:25] INFO     Processing request of type            server.py:727
                             CallToolRequest                                    
                    INFO     HTTP Request: POST                  _client.py:1740
                             http://erp1.enpack.com.cn:13580/k3C                
                             loud/Kingdee.BOS.WebApi.ServicesStu                
                             b.DynamicFormService.ExecuteBillQue                
                             ry.common.kdsvc "HTTP/1.1 200 OK"                  
[04/16/26 05:39:28] INFO     Processing request of type            server.py:727
                             CallToolRequest                                    
                    INFO     HTTP Request: POST                  _client.py:1740
                             http://erp1.enpack.com.cn:13580/k3C                
                             loud/Kingdee.BOS.WebApi.ServicesStu                
                             b.DynamicFormService.ExecuteBillQue                
                             ry.common.kdsvc "HTTP/1.1 200 OK"                  
[04/16/26 05:39:31] INFO     Processing request of type            server.py:727
                             CallToolRequest                                    
                    INFO     HTTP Request: POST                  _client.py:1740
                             http://erp1.enpack.com.cn:13580/k3C                
                             loud/Kingdee.BOS.WebApi.ServicesStu                
                             b.DynamicFormService.ExecuteBillQue                
                             ry.common.kdsvc "HTTP/1.1 200 OK"                  
[04/16/26 05:39:33] INFO     Processing request of type            server.py:727
                             CallToolRequest                                    
                    INFO     HTTP Request: POST                  _client.py:1740
                             http://erp1.enpack.com.cn:13580/k3C                
                             loud/Kingdee.BOS.WebApi.ServicesStu                
                             b.DynamicFormService.ExecuteBillQue                
                             ry.common.kdsvc "HTTP/1.1 200 OK"                  
[04/16/26 05:39:36] INFO     Processing request of type            server.py:727
                             CallToolRequest                                    
                    INFO     HTTP Request: POST                  _client.py:1740
                             http://erp1.enpack.com.cn:13580/k3C                
                             loud/Kingdee.BOS.WebApi.ServicesStu                
                             b.DynamicFormService.ExecuteBillQue                
                             ry.common.kdsvc "HTTP/1.1 200 OK"                  
[04/16/26 05:39:40] INFO     Processing request of type            server.py:727
                             CallToolRequest                                    
                    INFO     HTTP Request: POST                  _client.py:1740
                             http://erp1.enpack.com.cn:13580/k3C                
                             loud/Kingdee.BOS.WebApi.ServicesStu                
                             b.DynamicFormService.ExecuteBillQue                
                             ry.common.kdsvc "HTTP/1.1 200 OK"                  
[04/16/26 05:39:43] INFO     Processing request of type            server.py:727
                             CallToolRequest                                    
                    INFO     HTTP Request: POST                  _client.py:1740
                             http://erp1.enpack.com.cn:13580/k3C                
                             loud/Kingdee.BOS.WebApi.ServicesStu                
                             b.DynamicFormService.ExecuteBillQue                
                             ry.common.kdsvc "HTTP/1.1 200 OK"                  
[04/16/26 05:39:47] INFO     Processing request of type            server.py:727
                             CallToolRequest                                    
                    INFO     HTTP Request: POST                  _client.py:1740
                             http://erp1.enpack.com.cn:13580/k3C                
                             loud/Kingdee.BOS.WebApi.ServicesStu                
                             b.DynamicFormService.ExecuteBillQue                
                             ry.common.kdsvc "HTTP/1.1 200 OK"                  
[04/16/26 05:39:51] INFO     Processing request of type            server.py:727
                             CallToolRequest                                    
                    INFO     HTTP Request: POST                  _client.py:1740
                             http://erp1.enpack.com.cn:13580/k3C                
                             loud/Kingdee.BOS.WebApi.ServicesStu                
                             b.DynamicFormService.ExecuteBillQue                
                             ry.common.kdsvc "HTTP/1.1 200 OK"                  
[04/16/26 05:39:55] INFO     Processing request of type            server.py:727
                             CallToolRequest                                    
                    INFO     HTTP Request: POST                  _client.py:1740
                             http://erp1.enpack.com.cn:13580/k3C                
                             loud/Kingdee.BOS.WebApi.ServicesStu                
                             b.DynamicFormService.ExecuteBillQue                
                             ry.common.kdsvc "HTTP/1.1 200 OK"                  
[32/46] L6-03 (L6) — 8 fields / 12 tool calls: ['kingdee_search_forms_online', 'kingdee_search_forms_online', 'kingdee_search_forms_online', 'kingdee_search_forms_online', 'kingdee_query_inventory', 'kingdee_query_materials', 'kingdee_query_materials', 'kingdee_query_materials', 'kingdee_search_forms_online', 'kingdee_query_bills', 'kingdee_query_bills', 'kingdee_query_bills']
[04/16/26 05:40:07] INFO     Processing request of type            server.py:727
                             CallToolRequest                                    
[04/16/26 05:40:09] INFO     Processing request of type            server.py:727
                             CallToolRequest                                    
[04/16/26 05:40:12] INFO     Processing request of type            server.py:727
                             CallToolRequest                                    
                    INFO     HTTP Request: POST                  _client.py:1740
                             http://erp1.enpack.com.cn:13580/k3C                
                             loud/Kingdee.BOS.WebApi.ServicesStu                
                             b.DynamicFormService.ExecuteBillQue                
                             ry.common.kdsvc "HTTP/1.1 200 OK"                  
[04/16/26 05:40:14] INFO     Processing request of type            server.py:727
                             CallToolRequest                                    
                    INFO     HTTP Request: POST                  _client.py:1740
                             http://erp1.enpack.com.cn:13580/k3C                
                             loud/Kingdee.BOS.WebApi.ServicesStu                
                             b.DynamicFormService.ExecuteBillQue                
                             ry.common.kdsvc "HTTP/1.1 200 OK"                  
[04/16/26 05:40:18] INFO     Processing request of type            server.py:727
                             CallToolRequest                                    
                    INFO     HTTP Request: POST                  _client.py:1740
                             http://erp1.enpack.com.cn:13580/k3C                
                             loud/Kingdee.BOS.WebApi.ServicesStu                
                             b.DynamicFormService.ExecuteBillQue                
                             ry.common.kdsvc "HTTP/1.1 200 OK"                  
[04/16/26 05:40:22] INFO     Processing request of type            server.py:727
                             CallToolRequest                                    
                    INFO     HTTP Request: POST                  _client.py:1740
                             http://erp1.enpack.com.cn:13580/k3C                
                             loud/Kingdee.BOS.WebApi.ServicesStu                
                             b.DynamicFormService.ExecuteBillQue                
                             ry.common.kdsvc "HTTP/1.1 200 OK"                  
[04/16/26 05:40:25] INFO     Processing request of type            server.py:727
                             CallToolRequest                                    
                    INFO     HTTP Request: POST                  _client.py:1740
                             http://erp1.enpack.com.cn:13580/k3C                
                             loud/Kingdee.BOS.WebApi.ServicesStu                
                             b.DynamicFormService.ExecuteBillQue                
                             ry.common.kdsvc "HTTP/1.1 200 OK"                  
[04/16/26 05:40:29] INFO     Processing request of type            server.py:727
                             CallToolRequest                                    
                    INFO     HTTP Request: POST                  _client.py:1740
                             http://erp1.enpack.com.cn:13580/k3C                
                             loud/Kingdee.BOS.WebApi.ServicesStu                
                             b.DynamicFormService.ExecuteBillQue                
                             ry.common.kdsvc "HTTP/1.1 200 OK"                  
[04/16/26 05:40:32] INFO     Processing request of type            server.py:727
                             CallToolRequest                                    
[04/16/26 05:40:33] INFO     HTTP Request: POST                  _client.py:1740
                             http://erp1.enpack.com.cn:13580/k3C                
                             loud/Kingdee.BOS.WebApi.ServicesStu                
                             b.DynamicFormService.QueryBusinessI                
                             nfo.common.kdsvc "HTTP/1.1 200 OK"                 
[04/16/26 05:40:39] INFO     Processing request of type            server.py:727
                             CallToolRequest                                    
                    INFO     HTTP Request: POST                  _client.py:1740
                             http://erp1.enpack.com.cn:13580/k3C                
                             loud/Kingdee.BOS.WebApi.ServicesStu                
                             b.DynamicFormService.ExecuteBillQue                
                             ry.common.kdsvc "HTTP/1.1 200 OK"                  
[04/16/26 05:40:47] INFO     Processing request of type            server.py:727
                             CallToolRequest                                    
                    INFO     HTTP Request: POST                  _client.py:1740
                             http://erp1.enpack.com.cn:13580/k3C                
                             loud/Kingdee.BOS.WebApi.ServicesStu                
                             b.DynamicFormService.ExecuteBillQue                
                             ry.common.kdsvc "HTTP/1.1 200 OK"                  
[04/16/26 05:40:51] INFO     Processing request of type            server.py:727
                             CallToolRequest                                    
[04/16/26 05:40:52] INFO     HTTP Request: POST                  _client.py:1740
                             http://erp1.enpack.com.cn:13580/k3C                
                             loud/Kingdee.BOS.WebApi.ServicesStu                
                             b.DynamicFormService.ExecuteBillQue                
                             ry.common.kdsvc "HTTP/1.1 200 OK"                  
[33/46] L6-04 (L6) — 15 fields / 12 tool calls: ['kingdee_search_forms_online', 'kingdee_search_forms_online', 'kingdee_search_forms_online', 'kingdee_search_forms_online', 'kingdee_query_bills', 'kingdee_query_bills', 'kingdee_query_bills', 'kingdee_query_bills', 'kingdee_describe_form', 'kingdee_query_bills', 'kingdee_query_bills', 'kingdee_query_bills']
[04/16/26 05:41:03] INFO     Processing request of type            server.py:727
                             CallToolRequest                                    
[04/16/26 05:41:05] INFO     Processing request of type            server.py:727
                             CallToolRequest                                    
[04/16/26 05:41:08] INFO     Processing request of type            server.py:727
                             CallToolRequest                                    
                    INFO     HTTP Request: POST                  _client.py:1740
                             http://erp1.enpack.com.cn:13580/k3C                
                             loud/Kingdee.BOS.WebApi.ServicesStu                
                             b.DynamicFormService.ExecuteBillQue                
                             ry.common.kdsvc "HTTP/1.1 200 OK"                  
[04/16/26 05:41:10] INFO     Processing request of type            server.py:727
                             CallToolRequest                                    
                    INFO     HTTP Request: POST                  _client.py:1740
                             http://erp1.enpack.com.cn:13580/k3C                
                             loud/Kingdee.BOS.WebApi.ServicesStu                
                             b.DynamicFormService.ExecuteBillQue                
                             ry.common.kdsvc "HTTP/1.1 200 OK"                  
[04/16/26 05:41:13] INFO     Processing request of type            server.py:727
                             CallToolRequest                                    
                    INFO     HTTP Request: POST                  _client.py:1740
                             http://erp1.enpack.com.cn:13580/k3C                
                             loud/Kingdee.BOS.WebApi.ServicesStu                
                             b.DynamicFormService.ExecuteBillQue                
                             ry.common.kdsvc "HTTP/1.1 200 OK"                  
[04/16/26 05:41:16] INFO     Processing request of type            server.py:727
                             CallToolRequest                                    
                    INFO     HTTP Request: POST                  _client.py:1740
                             http://erp1.enpack.com.cn:13580/k3C                
                             loud/Kingdee.BOS.WebApi.ServicesStu                
                             b.DynamicFormService.ExecuteBillQue                
                             ry.common.kdsvc "HTTP/1.1 200 OK"                  
[04/16/26 05:41:20] INFO     Processing request of type            server.py:727
                             CallToolRequest                                    
                    INFO     HTTP Request: POST                  _client.py:1740
                             http://erp1.enpack.com.cn:13580/k3C                
                             loud/Kingdee.BOS.WebApi.ServicesStu                
                             b.DynamicFormService.ExecuteBillQue                
                             ry.common.kdsvc "HTTP/1.1 200 OK"                  
[04/16/26 05:41:23] INFO     Processing request of type            server.py:727
                             CallToolRequest                                    
                    INFO     HTTP Request: POST                  _client.py:1740
                             http://erp1.enpack.com.cn:13580/k3C                
                             loud/Kingdee.BOS.WebApi.ServicesStu                
                             b.DynamicFormService.ExecuteBillQue                
                             ry.common.kdsvc "HTTP/1.1 200 OK"                  
[04/16/26 05:41:26] INFO     Processing request of type            server.py:727
                             CallToolRequest                                    
                    INFO     HTTP Request: POST                  _client.py:1740
                             http://erp1.enpack.com.cn:13580/k3C                
                             loud/Kingdee.BOS.WebApi.ServicesStu                
                             b.DynamicFormService.ExecuteBillQue                
                             ry.common.kdsvc "HTTP/1.1 200 OK"                  
[04/16/26 05:41:30] INFO     Processing request of type            server.py:727
                             CallToolRequest                                    
                    INFO     HTTP Request: POST                  _client.py:1740
                             http://erp1.enpack.com.cn:13580/k3C                
                             loud/Kingdee.BOS.WebApi.ServicesStu                
                             b.DynamicFormService.ExecuteBillQue                
                             ry.common.kdsvc "HTTP/1.1 200 OK"                  
[04/16/26 05:41:34] INFO     Processing request of type            server.py:727
                             CallToolRequest                                    
                    INFO     HTTP Request: POST                  _client.py:1740
                             http://erp1.enpack.com.cn:13580/k3C                
                             loud/Kingdee.BOS.WebApi.ServicesStu                
                             b.DynamicFormService.ExecuteBillQue                
                             ry.common.kdsvc "HTTP/1.1 200 OK"                  
[04/16/26 05:41:38] INFO     Processing request of type            server.py:727
                             CallToolRequest                                    
                    INFO     HTTP Request: POST                  _client.py:1740
                             http://erp1.enpack.com.cn:13580/k3C                
                             loud/Kingdee.BOS.WebApi.ServicesStu                
                             b.DynamicFormService.ExecuteBillQue                
                             ry.common.kdsvc "HTTP/1.1 200 OK"                  
[34/46] L6-05 (L6) — 10 fields / 12 tool calls: ['kingdee_search_forms_online', 'kingdee_search_forms_online', 'kingdee_search_forms_online', 'kingdee_search_forms_online', 'kingdee_search_forms_online', 'kingdee_search_forms_online', 'kingdee_query_bills', 'kingdee_query_bills', 'kingdee_query_bills', 'kingdee_query_bills', 'kingdee_query_bills', 'kingdee_query_materials']
[04/16/26 05:41:46] INFO     Processing request of type            server.py:727
                             CallToolRequest                                    
[04/16/26 05:41:47] INFO     HTTP Request: POST                  _client.py:1740
                             http://erp1.enpack.com.cn:13580/k3C                
                             loud/Kingdee.BOS.WebApi.ServicesStu                
                             b.DynamicFormService.ExecuteBillQue                
                             ry.common.kdsvc "HTTP/1.1 200 OK"                  
[04/16/26 05:41:49] INFO     Processing request of type            server.py:727
                             CallToolRequest                                    
                    INFO     HTTP Request: POST                  _client.py:1740
                             http://erp1.enpack.com.cn:13580/k3C                
                             loud/Kingdee.BOS.WebApi.ServicesStu                
                             b.DynamicFormService.ExecuteBillQue                
                             ry.common.kdsvc "HTTP/1.1 200 OK"                  
[04/16/26 05:41:53] INFO     Processing request of type            server.py:727
                             CallToolRequest                                    
                    INFO     HTTP Request: POST                  _client.py:1740
                             http://erp1.enpack.com.cn:13580/k3C                
                             loud/Kingdee.BOS.WebApi.ServicesStu                
                             b.DynamicFormService.ExecuteBillQue                
                             ry.common.kdsvc "HTTP/1.1 200 OK"                  
[04/16/26 05:41:57] INFO     Processing request of type            server.py:727
                             CallToolRequest                                    
                    INFO     HTTP Request: POST                  _client.py:1740
                             http://erp1.enpack.com.cn:13580/k3C                
                             loud/Kingdee.BOS.WebApi.ServicesStu                
                             b.DynamicFormService.ExecuteBillQue                
                             ry.common.kdsvc "HTTP/1.1 200 OK"                  
[04/16/26 05:42:00] INFO     Processing request of type            server.py:727
                             CallToolRequest                                    
[04/16/26 05:42:01] INFO     HTTP Request: POST                  _client.py:1740
                             http://erp1.enpack.com.cn:13580/k3C                
                             loud/Kingdee.BOS.WebApi.ServicesStu                
                             b.DynamicFormService.ExecuteBillQue                
                             ry.common.kdsvc "HTTP/1.1 200 OK"                  
[04/16/26 05:42:04] INFO     Processing request of type            server.py:727
                             CallToolRequest                                    
                    INFO     HTTP Request: POST                  _client.py:1740
                             http://erp1.enpack.com.cn:13580/k3C                
                             loud/Kingdee.BOS.WebApi.ServicesStu                
                             b.DynamicFormService.ExecuteBillQue                
                             ry.common.kdsvc "HTTP/1.1 200 OK"                  
[04/16/26 05:42:07] INFO     Processing request of type            server.py:727
                             CallToolRequest                                    
                    INFO     HTTP Request: POST                  _client.py:1740
                             http://erp1.enpack.com.cn:13580/k3C                
                             loud/Kingdee.BOS.WebApi.ServicesStu                
                             b.DynamicFormService.ExecuteBillQue                
                             ry.common.kdsvc "HTTP/1.1 200 OK"                  
[04/16/26 05:42:10] INFO     Processing request of type            server.py:727
                             CallToolRequest                                    
                    INFO     HTTP Request: POST                  _client.py:1740
                             http://erp1.enpack.com.cn:13580/k3C                
                             loud/Kingdee.BOS.WebApi.ServicesStu                
                             b.DynamicFormService.QueryBusinessI                
                             nfo.common.kdsvc "HTTP/1.1 200 OK"                 
[04/16/26 05:42:12] INFO     Processing request of type            server.py:727
                             CallToolRequest                                    
                    INFO     HTTP Request: POST                  _client.py:1740
                             http://erp1.enpack.com.cn:13580/k3C                
                             loud/Kingdee.BOS.WebApi.ServicesStu                
                             b.DynamicFormService.QueryBusinessI                
                             nfo.common.kdsvc "HTTP/1.1 200 OK"                 
[04/16/26 05:42:16] INFO     Processing request of type            server.py:727
                             CallToolRequest                                    
                    INFO     HTTP Request: POST                  _client.py:1740
                             http://erp1.enpack.com.cn:13580/k3C                
                             loud/Kingdee.BOS.WebApi.ServicesStu                
                             b.DynamicFormService.ExecuteBillQue                
                             ry.common.kdsvc "HTTP/1.1 200 OK"                  
[04/16/26 05:42:26] INFO     Processing request of type            server.py:727
                             CallToolRequest                                    
                    INFO     HTTP Request: POST                  _client.py:1740
                             http://erp1.enpack.com.cn:13580/k3C                
                             loud/Kingdee.BOS.WebApi.ServicesStu                
                             b.DynamicFormService.ExecuteBillQue                
                             ry.common.kdsvc "HTTP/1.1 200 OK"                  
[04/16/26 05:42:29] INFO     Processing request of type            server.py:727
                             CallToolRequest                                    
                    INFO     HTTP Request: POST                  _client.py:1740
                             http://erp1.enpack.com.cn:13580/k3C                
                             loud/Kingdee.BOS.WebApi.ServicesStu                
                             b.DynamicFormService.ExecuteBillQue                
                             ry.common.kdsvc "HTTP/1.1 200 OK"                  
[35/46] L6-06 (L6) — 15 fields / 12 tool calls: ['kingdee_query_inventory', 'kingdee_query_materials', 'kingdee_search_forms_online', 'kingdee_search_forms_online', 'kingdee_query_bills', 'kingdee_query_bills', 'kingdee_search_forms_online', 'kingdee_describe_form', 'kingdee_describe_form', 'kingdee_query_materials', 'kingdee_query_bills', 'kingdee_search_forms_online']
[04/16/26 05:42:42] INFO     Processing request of type            server.py:727
                             CallToolRequest                                    
[04/16/26 05:42:45] INFO     Processing request of type            server.py:727
                             CallToolRequest                                    
[04/16/26 05:42:48] INFO     Processing request of type            server.py:727
                             CallToolRequest                                    
                    INFO     HTTP Request: POST                  _client.py:1740
                             http://erp1.enpack.com.cn:13580/k3C                
                             loud/Kingdee.BOS.WebApi.ServicesStu                
                             b.DynamicFormService.ExecuteBillQue                
                             ry.common.kdsvc "HTTP/1.1 200 OK"                  
[04/16/26 05:42:52] INFO     Processing request of type            server.py:727
                             CallToolRequest                                    
                    INFO     HTTP Request: POST                  _client.py:1740
                             http://erp1.enpack.com.cn:13580/k3C                
                             loud/Kingdee.BOS.WebApi.ServicesStu                
                             b.DynamicFormService.ExecuteBillQue                
                             ry.common.kdsvc "HTTP/1.1 200 OK"                  
[04/16/26 05:42:56] INFO     Processing request of type            server.py:727
                             CallToolRequest                                    
                    INFO     HTTP Request: POST                  _client.py:1740
                             http://erp1.enpack.com.cn:13580/k3C                
                             loud/Kingdee.BOS.WebApi.ServicesStu                
                             b.DynamicFormService.ExecuteBillQue                
                             ry.common.kdsvc "HTTP/1.1 200 OK"                  
[04/16/26 05:42:59] INFO     Processing request of type            server.py:727
                             CallToolRequest                                    
[04/16/26 05:43:00] INFO     HTTP Request: POST                  _client.py:1740
                             http://erp1.enpack.com.cn:13580/k3C                
                             loud/Kingdee.BOS.WebApi.ServicesStu                
                             b.DynamicFormService.ExecuteBillQue                
                             ry.common.kdsvc "HTTP/1.1 200 OK"                  
[04/16/26 05:43:03] INFO     Processing request of type            server.py:727
                             CallToolRequest                                    
                    INFO     HTTP Request: POST                  _client.py:1740
                             http://erp1.enpack.com.cn:13580/k3C                
                             loud/Kingdee.BOS.WebApi.ServicesStu                
                             b.DynamicFormService.ExecuteBillQue                
                             ry.common.kdsvc "HTTP/1.1 200 OK"                  
[04/16/26 05:43:06] INFO     Processing request of type            server.py:727
                             CallToolRequest                                    
                    INFO     HTTP Request: POST                  _client.py:1740
                             http://erp1.enpack.com.cn:13580/k3C                
                             loud/Kingdee.BOS.WebApi.ServicesStu                
                             b.DynamicFormService.QueryBusinessI                
                             nfo.common.kdsvc "HTTP/1.1 200 OK"                 
[04/16/26 05:43:09] INFO     Processing request of type            server.py:727
                             CallToolRequest                                    
                    INFO     HTTP Request: POST                  _client.py:1740
                             http://erp1.enpack.com.cn:13580/k3C                
                             loud/Kingdee.BOS.WebApi.ServicesStu                
                             b.DynamicFormService.QueryBusinessI                
                             nfo.common.kdsvc "HTTP/1.1 200 OK"                 
[04/16/26 05:43:13] INFO     Processing request of type            server.py:727
                             CallToolRequest                                    
                    INFO     HTTP Request: POST                  _client.py:1740
                             http://erp1.enpack.com.cn:13580/k3C                
                             loud/Kingdee.BOS.WebApi.ServicesStu                
                             b.DynamicFormService.ExecuteBillQue                
                             ry.common.kdsvc "HTTP/1.1 200 OK"                  
[04/16/26 05:43:17] INFO     Processing request of type            server.py:727
                             CallToolRequest                                    
[04/16/26 05:43:18] INFO     HTTP Request: POST                  _client.py:1740
                             http://erp1.enpack.com.cn:13580/k3C                
                             loud/Kingdee.BOS.WebApi.ServicesStu                
                             b.DynamicFormService.ExecuteBillQue                
                             ry.common.kdsvc "HTTP/1.1 200 OK"                  
[04/16/26 05:43:21] INFO     Processing request of type            server.py:727
                             CallToolRequest                                    
                    INFO     HTTP Request: POST                  _client.py:1740
                             http://erp1.enpack.com.cn:13580/k3C                
                             loud/Kingdee.BOS.WebApi.ServicesStu                
                             b.DynamicFormService.ExecuteBillQue                
                             ry.common.kdsvc "HTTP/1.1 200 OK"                  
[36/46] L6-07 (L6) — 18 fields / 12 tool calls: ['kingdee_search_forms_online', 'kingdee_search_forms_online', 'kingdee_query_bills', 'kingdee_query_bills', 'kingdee_query_bills', 'kingdee_query_bills', 'kingdee_query_bills', 'kingdee_describe_form', 'kingdee_describe_form', 'kingdee_query_bills', 'kingdee_query_bills', 'kingdee_query_bills']
[04/16/26 05:43:32] INFO     Processing request of type            server.py:727
                             CallToolRequest                                    
[04/16/26 05:43:34] INFO     Processing request of type            server.py:727
                             CallToolRequest                                    
[04/16/26 05:43:37] INFO     Processing request of type            server.py:727
                             CallToolRequest                                    
                    INFO     HTTP Request: POST                  _client.py:1740
                             http://erp1.enpack.com.cn:13580/k3C                
                             loud/Kingdee.BOS.WebApi.ServicesStu                
                             b.DynamicFormService.ExecuteBillQue                
                             ry.common.kdsvc "HTTP/1.1 200 OK"                  
[04/16/26 05:43:40] INFO     Processing request of type            server.py:727
                             CallToolRequest                                    
                    INFO     HTTP Request: POST                  _client.py:1740
                             http://erp1.enpack.com.cn:13580/k3C                
                             loud/Kingdee.BOS.WebApi.ServicesStu                
                             b.DynamicFormService.ExecuteBillQue                
                             ry.common.kdsvc "HTTP/1.1 200 OK"                  
[04/16/26 05:43:43] INFO     Processing request of type            server.py:727
                             CallToolRequest                                    
                    INFO     HTTP Request: POST                  _client.py:1740
                             http://erp1.enpack.com.cn:13580/k3C                
                             loud/Kingdee.BOS.WebApi.ServicesStu                
                             b.DynamicFormService.ExecuteBillQue                
                             ry.common.kdsvc "HTTP/1.1 200 OK"                  
[04/16/26 05:43:46] INFO     Processing request of type            server.py:727
                             CallToolRequest                                    
                    INFO     HTTP Request: POST                  _client.py:1740
                             http://erp1.enpack.com.cn:13580/k3C                
                             loud/Kingdee.BOS.WebApi.ServicesStu                
                             b.DynamicFormService.ExecuteBillQue                
                             ry.common.kdsvc "HTTP/1.1 200 OK"                  
[04/16/26 05:43:49] INFO     Processing request of type            server.py:727
                             CallToolRequest                                    
                    INFO     HTTP Request: POST                  _client.py:1740
                             http://erp1.enpack.com.cn:13580/k3C                
                             loud/Kingdee.BOS.WebApi.ServicesStu                
                             b.DynamicFormService.ExecuteBillQue                
                             ry.common.kdsvc "HTTP/1.1 200 OK"                  
[04/16/26 05:43:52] INFO     Processing request of type            server.py:727
                             CallToolRequest                                    
                    INFO     HTTP Request: POST                  _client.py:1740
                             http://erp1.enpack.com.cn:13580/k3C                
                             loud/Kingdee.BOS.WebApi.ServicesStu                
                             b.DynamicFormService.ExecuteBillQue                
                             ry.common.kdsvc "HTTP/1.1 200 OK"                  
[04/16/26 05:43:56] INFO     Processing request of type            server.py:727
                             CallToolRequest                                    
                    INFO     HTTP Request: POST                  _client.py:1740
                             http://erp1.enpack.com.cn:13580/k3C                
                             loud/Kingdee.BOS.WebApi.ServicesStu                
                             b.DynamicFormService.ExecuteBillQue                
                             ry.common.kdsvc "HTTP/1.1 200 OK"                  
[04/16/26 05:43:59] INFO     Processing request of type            server.py:727
                             CallToolRequest                                    
                    INFO     HTTP Request: POST                  _client.py:1740
                             http://erp1.enpack.com.cn:13580/k3C                
                             loud/Kingdee.BOS.WebApi.ServicesStu                
                             b.DynamicFormService.ExecuteBillQue                
                             ry.common.kdsvc "HTTP/1.1 200 OK"                  
[04/16/26 05:44:03] INFO     Processing request of type            server.py:727
                             CallToolRequest                                    
                    INFO     HTTP Request: POST                  _client.py:1740
                             http://erp1.enpack.com.cn:13580/k3C                
                             loud/Kingdee.BOS.WebApi.ServicesStu                
                             b.DynamicFormService.ExecuteBillQue                
                             ry.common.kdsvc "HTTP/1.1 200 OK"                  
[04/16/26 05:44:06] INFO     Processing request of type            server.py:727
                             CallToolRequest                                    
                    INFO     HTTP Request: POST                  _client.py:1740
                             http://erp1.enpack.com.cn:13580/k3C                
                             loud/Kingdee.BOS.WebApi.ServicesStu                
                             b.DynamicFormService.ExecuteBillQue                
                             ry.common.kdsvc "HTTP/1.1 200 OK"                  
[37/46] L7-01 (L7) — 8 fields / 12 tool calls: ['kingdee_search_forms_online', 'kingdee_search_forms_online', 'kingdee_search_forms_online', 'kingdee_search_forms_online', 'kingdee_search_forms_online', 'kingdee_search_forms_online', 'kingdee_query_bills', 'kingdee_query_bills', 'kingdee_query_bills', 'kingdee_query_bills', 'kingdee_query_bills', 'kingdee_query_bills']
[38/46] L7-02 (L7) — 0 fields / 0 tool calls: []
[39/46] L7-03 (L7) — 0 fields / 0 tool calls: []
[04/16/26 05:44:27] INFO     Processing request of type            server.py:727
                             CallToolRequest                                    
[04/16/26 05:44:30] INFO     Processing request of type            server.py:727
                             CallToolRequest                                    
                    INFO     HTTP Request: POST                  _client.py:1740
                             http://erp1.enpack.com.cn:13580/k3C                
                             loud/Kingdee.BOS.WebApi.ServicesStu                
                             b.DynamicFormService.ExecuteBillQue                
                             ry.common.kdsvc "HTTP/1.1 200 OK"                  
[04/16/26 05:44:33] INFO     Processing request of type            server.py:727
                             CallToolRequest                                    
                    INFO     HTTP Request: POST                  _client.py:1740
                             http://erp1.enpack.com.cn:13580/k3C                
                             loud/Kingdee.BOS.WebApi.ServicesStu                
                             b.DynamicFormService.ExecuteBillQue                
                             ry.common.kdsvc "HTTP/1.1 200 OK"                  
[04/16/26 05:44:35] INFO     Processing request of type            server.py:727
                             CallToolRequest                                    
                    INFO     HTTP Request: POST                  _client.py:1740
                             http://erp1.enpack.com.cn:13580/k3C                
                             loud/Kingdee.BOS.WebApi.ServicesStu                
                             b.DynamicFormService.ExecuteBillQue                
                             ry.common.kdsvc "HTTP/1.1 200 OK"                  
[04/16/26 05:44:39] INFO     Processing request of type            server.py:727
                             CallToolRequest                                    
                    INFO     HTTP Request: POST                  _client.py:1740
                             http://erp1.enpack.com.cn:13580/k3C                
                             loud/Kingdee.BOS.WebApi.ServicesStu                
                             b.DynamicFormService.ExecuteBillQue                
                             ry.common.kdsvc "HTTP/1.1 200 OK"                  
[40/46] L7-04 (L7) — 0 fields / 5 tool calls: ['kingdee_search_forms_online', 'kingdee_search_forms_online', 'kingdee_search_forms_online', 'kingdee_search_forms_online', 'kingdee_search_forms_online']
[04/16/26 05:44:53] INFO     Processing request of type            server.py:727
                             CallToolRequest                                    
                    INFO     HTTP Request: POST                  _client.py:1740
                             http://erp1.enpack.com.cn:13580/k3C                
                             loud/Kingdee.BOS.WebApi.ServicesStu                
                             b.DynamicFormService.ExecuteBillQue                
                             ry.common.kdsvc "HTTP/1.1 200 OK"                  
[04/16/26 05:44:55] INFO     Processing request of type            server.py:727
                             CallToolRequest                                    
                    INFO     HTTP Request: POST                  _client.py:1740
                             http://erp1.enpack.com.cn:13580/k3C                
                             loud/Kingdee.BOS.WebApi.ServicesStu                
                             b.DynamicFormService.ExecuteBillQue                
                             ry.common.kdsvc "HTTP/1.1 200 OK"                  
[04/16/26 05:44:58] INFO     Processing request of type            server.py:727
                             CallToolRequest                                    
                    INFO     HTTP Request: POST                  _client.py:1740
                             http://erp1.enpack.com.cn:13580/k3C                
                             loud/Kingdee.BOS.WebApi.ServicesStu                
                             b.DynamicFormService.ExecuteBillQue                
                             ry.common.kdsvc "HTTP/1.1 200 OK"                  
[04/16/26 05:45:00] INFO     Processing request of type            server.py:727
                             CallToolRequest                                    
[04/16/26 05:45:01] INFO     HTTP Request: POST                  _client.py:1740
                             http://erp1.enpack.com.cn:13580/k3C                
                             loud/Kingdee.BOS.WebApi.ServicesStu                
                             b.DynamicFormService.ExecuteBillQue                
                             ry.common.kdsvc "HTTP/1.1 200 OK"                  
[04/16/26 05:45:03] INFO     Processing request of type            server.py:727
                             CallToolRequest                                    
                    INFO     HTTP Request: POST                  _client.py:1740
                             http://erp1.enpack.com.cn:13580/k3C                
                             loud/Kingdee.BOS.WebApi.ServicesStu                
                             b.DynamicFormService.ExecuteBillQue                
                             ry.common.kdsvc "HTTP/1.1 200 OK"                  
[04/16/26 05:45:06] INFO     Processing request of type            server.py:727
                             CallToolRequest                                    
                    INFO     HTTP Request: POST                  _client.py:1740
                             http://erp1.enpack.com.cn:13580/k3C                
                             loud/Kingdee.BOS.WebApi.ServicesStu                
                             b.DynamicFormService.ExecuteBillQue                
                             ry.common.kdsvc "HTTP/1.1 200 OK"                  
[41/46] L7-05 (L7) — 0 fields / 6 tool calls: ['kingdee_search_forms_online', 'kingdee_search_forms_online', 'kingdee_search_forms_online', 'kingdee_search_forms_online', 'kingdee_search_forms_online', 'kingdee_search_forms_online']
[42/46] L7-06 (L7) — 0 fields / 0 tool calls: []
[04/16/26 05:45:22] INFO     Processing request of type            server.py:727
                             CallToolRequest                                    
[04/16/26 05:45:25] INFO     Processing request of type            server.py:727
                             CallToolRequest                                    
                    INFO     HTTP Request: POST                  _client.py:1740
                             http://erp1.enpack.com.cn:13580/k3C                
                             loud/Kingdee.BOS.WebApi.ServicesStu                
                             b.DynamicFormService.ExecuteBillQue                
                             ry.common.kdsvc "HTTP/1.1 200 OK"                  
[04/16/26 05:45:28] INFO     Processing request of type            server.py:727
                             CallToolRequest                                    
                    INFO     HTTP Request: POST                  _client.py:1740
                             http://erp1.enpack.com.cn:13580/k3C                
                             loud/Kingdee.BOS.WebApi.ServicesStu                
                             b.DynamicFormService.ExecuteBillQue                
                             ry.common.kdsvc "HTTP/1.1 200 OK"                  
[04/16/26 05:45:32] INFO     Processing request of type            server.py:727
                             CallToolRequest                                    
                    INFO     HTTP Request: POST                  _client.py:1740
                             http://erp1.enpack.com.cn:13580/k3C                
                             loud/Kingdee.BOS.WebApi.ServicesStu                
                             b.DynamicFormService.ExecuteBillQue                
                             ry.common.kdsvc "HTTP/1.1 200 OK"                  
[04/16/26 05:45:36] INFO     Processing request of type            server.py:727
                             CallToolRequest                                    
                    INFO     HTTP Request: POST                  _client.py:1740
                             http://erp1.enpack.com.cn:13580/k3C                
                             loud/Kingdee.BOS.WebApi.ServicesStu                
                             b.DynamicFormService.ExecuteBillQue                
                             ry.common.kdsvc "HTTP/1.1 200 OK"                  
[04/16/26 05:45:39] INFO     Processing request of type            server.py:727
                             CallToolRequest                                    
                    INFO     HTTP Request: POST                  _client.py:1740
                             http://erp1.enpack.com.cn:13580/k3C                
                             loud/Kingdee.BOS.WebApi.ServicesStu                
                             b.DynamicFormService.ExecuteBillQue                
                             ry.common.kdsvc "HTTP/1.1 200 OK"                  
[04/16/26 05:45:43] INFO     Processing request of type            server.py:727
                             CallToolRequest                                    
                    INFO     HTTP Request: POST                  _client.py:1740
                             http://erp1.enpack.com.cn:13580/k3C                
                             loud/Kingdee.BOS.WebApi.ServicesStu                
                             b.DynamicFormService.ExecuteBillQue                
                             ry.common.kdsvc "HTTP/1.1 200 OK"                  
[04/16/26 05:45:47] INFO     Processing request of type            server.py:727
                             CallToolRequest                                    
                    INFO     HTTP Request: POST                  _client.py:1740
                             http://erp1.enpack.com.cn:13580/k3C                
                             loud/Kingdee.BOS.WebApi.ServicesStu                
                             b.DynamicFormService.ExecuteBillQue                
                             ry.common.kdsvc "HTTP/1.1 200 OK"                  
[04/16/26 05:45:54] INFO     Processing request of type            server.py:727
                             CallToolRequest                                    
                    INFO     HTTP Request: POST                  _client.py:1740
                             http://erp1.enpack.com.cn:13580/k3C                
                             loud/Kingdee.BOS.WebApi.ServicesStu                
                             b.DynamicFormService.ExecuteBillQue                
                             ry.common.kdsvc "HTTP/1.1 200 OK"                  
[04/16/26 05:45:59] INFO     Processing request of type            server.py:727
                             CallToolRequest                                    
                    INFO     HTTP Request: POST                  _client.py:1740
                             http://erp1.enpack.com.cn:13580/k3C                
                             loud/Kingdee.BOS.WebApi.ServicesStu                
                             b.DynamicFormService.ExecuteBillQue                
                             ry.common.kdsvc "HTTP/1.1 200 OK"                  
[43/46] L8-01 (L8) — 9 fields / 10 tool calls: ['kingdee_search_forms_online', 'kingdee_search_forms_online', 'kingdee_search_forms_online', 'kingdee_query_bills', 'kingdee_query_bills', 'kingdee_query_bills', 'kingdee_query_bills', 'kingdee_query_bills', 'kingdee_query_bills', 'kingdee_query_bills']
[04/16/26 05:46:17] INFO     Processing request of type            server.py:727
                             CallToolRequest                                    
[04/16/26 05:46:19] INFO     Processing request of type            server.py:727
                             CallToolRequest                                    
[04/16/26 05:46:22] INFO     Processing request of type            server.py:727
                             CallToolRequest                                    
                    INFO     HTTP Request: POST                  _client.py:1740
                             http://erp1.enpack.com.cn:13580/k3C                
                             loud/Kingdee.BOS.WebApi.ServicesStu                
                             b.DynamicFormService.ExecuteBillQue                
                             ry.common.kdsvc "HTTP/1.1 200 OK"                  
[04/16/26 05:46:25] INFO     Processing request of type            server.py:727
                             CallToolRequest                                    
                    INFO     HTTP Request: POST                  _client.py:1740
                             http://erp1.enpack.com.cn:13580/k3C                
                             loud/Kingdee.BOS.WebApi.ServicesStu                
                             b.DynamicFormService.ExecuteBillQue                
                             ry.common.kdsvc "HTTP/1.1 200 OK"                  
[04/16/26 05:46:29] INFO     Processing request of type            server.py:727
                             CallToolRequest                                    
                    INFO     HTTP Request: POST                  _client.py:1740
                             http://erp1.enpack.com.cn:13580/k3C                
                             loud/Kingdee.BOS.WebApi.ServicesStu                
                             b.DynamicFormService.ExecuteBillQue                
                             ry.common.kdsvc "HTTP/1.1 200 OK"                  
[04/16/26 05:46:33] INFO     Processing request of type            server.py:727
                             CallToolRequest                                    
                    INFO     HTTP Request: POST                  _client.py:1740
                             http://erp1.enpack.com.cn:13580/k3C                
                             loud/Kingdee.BOS.WebApi.ServicesStu                
                             b.DynamicFormService.ExecuteBillQue                
                             ry.common.kdsvc "HTTP/1.1 200 OK"                  
[04/16/26 05:46:36] INFO     Processing request of type            server.py:727
                             CallToolRequest                                    
                    INFO     HTTP Request: POST                  _client.py:1740
                             http://erp1.enpack.com.cn:13580/k3C                
                             loud/Kingdee.BOS.WebApi.ServicesStu                
                             b.DynamicFormService.ExecuteBillQue                
                             ry.common.kdsvc "HTTP/1.1 200 OK"                  
[04/16/26 05:46:39] INFO     Processing request of type            server.py:727
                             CallToolRequest                                    
                    INFO     HTTP Request: POST                  _client.py:1740
                             http://erp1.enpack.com.cn:13580/k3C                
                             loud/Kingdee.BOS.WebApi.ServicesStu                
                             b.DynamicFormService.QueryBusinessI                
                             nfo.common.kdsvc "HTTP/1.1 200 OK"                 
[04/16/26 05:46:44] INFO     Processing request of type            server.py:727
                             CallToolRequest                                    
                    INFO     HTTP Request: POST                  _client.py:1740
                             http://erp1.enpack.com.cn:13580/k3C                
                             loud/Kingdee.BOS.WebApi.ServicesStu                
                             b.DynamicFormService.ExecuteBillQue                
                             ry.common.kdsvc "HTTP/1.1 200 OK"                  
[04/16/26 05:46:49] INFO     Processing request of type            server.py:727
                             CallToolRequest                                    
                    INFO     HTTP Request: POST                  _client.py:1740
                             http://erp1.enpack.com.cn:13580/k3C                
                             loud/Kingdee.BOS.WebApi.ServicesStu                
                             b.DynamicFormService.ExecuteBillQue                
                             ry.common.kdsvc "HTTP/1.1 200 OK"                  
[04/16/26 05:46:53] INFO     Processing request of type            server.py:727
                             CallToolRequest                                    
[04/16/26 05:46:58] INFO     Processing request of type            server.py:727
                             CallToolRequest                                    
                    INFO     HTTP Request: POST                  _client.py:1740
                             http://erp1.enpack.com.cn:13580/k3C                
                             loud/Kingdee.BOS.WebApi.ServicesStu                
                             b.DynamicFormService.ExecuteBillQue                
                             ry.common.kdsvc "HTTP/1.1 200 OK"                  
[44/46] L8-02 (L8) — 17 fields / 12 tool calls: ['kingdee_search_forms_online', 'kingdee_search_forms_online', 'kingdee_search_forms_online', 'kingdee_search_forms_online', 'kingdee_query_bills', 'kingdee_query_materials', 'kingdee_query_materials', 'kingdee_describe_form', 'kingdee_query_bills', 'kingdee_query_bills', 'kingdee_query_bills', 'kingdee_query_bills']
[04/16/26 05:47:13] INFO     Processing request of type            server.py:727
                             CallToolRequest                                    
[04/16/26 05:47:15] INFO     Processing request of type            server.py:727
                             CallToolRequest                                    
[04/16/26 05:47:17] INFO     Processing request of type            server.py:727
                             CallToolRequest                                    
[04/16/26 05:47:20] INFO     Processing request of type            server.py:727
                             CallToolRequest                                    
                    INFO     HTTP Request: POST                  _client.py:1740
                             http://erp1.enpack.com.cn:13580/k3C                
                             loud/Kingdee.BOS.WebApi.ServicesStu                
                             b.DynamicFormService.ExecuteBillQue                
                             ry.common.kdsvc "HTTP/1.1 200 OK"                  
[04/16/26 05:47:24] INFO     Processing request of type            server.py:727
                             CallToolRequest                                    
                    INFO     HTTP Request: POST                  _client.py:1740
                             http://erp1.enpack.com.cn:13580/k3C                
                             loud/Kingdee.BOS.WebApi.ServicesStu                
                             b.DynamicFormService.ExecuteBillQue                
                             ry.common.kdsvc "HTTP/1.1 200 OK"                  
[04/16/26 05:47:27] INFO     Processing request of type            server.py:727
                             CallToolRequest                                    
                    INFO     HTTP Request: POST                  _client.py:1740
                             http://erp1.enpack.com.cn:13580/k3C                
                             loud/Kingdee.BOS.WebApi.ServicesStu                
                             b.DynamicFormService.ExecuteBillQue                
                             ry.common.kdsvc "HTTP/1.1 200 OK"                  
[04/16/26 05:47:30] INFO     Processing request of type            server.py:727
                             CallToolRequest                                    
                    INFO     HTTP Request: POST                  _client.py:1740
                             http://erp1.enpack.com.cn:13580/k3C                
                             loud/Kingdee.BOS.WebApi.ServicesStu                
                             b.DynamicFormService.ExecuteBillQue                
                             ry.common.kdsvc "HTTP/1.1 200 OK"                  
[04/16/26 05:47:33] INFO     Processing request of type            server.py:727
                             CallToolRequest                                    
[04/16/26 05:47:34] INFO     HTTP Request: POST                  _client.py:1740
                             http://erp1.enpack.com.cn:13580/k3C                
                             loud/Kingdee.BOS.WebApi.ServicesStu                
                             b.DynamicFormService.ExecuteBillQue                
                             ry.common.kdsvc "HTTP/1.1 200 OK"                  
[04/16/26 05:47:37] INFO     Processing request of type            server.py:727
                             CallToolRequest                                    
                    INFO     HTTP Request: POST                  _client.py:1740
                             http://erp1.enpack.com.cn:13580/k3C                
                             loud/Kingdee.BOS.WebApi.ServicesStu                
                             b.DynamicFormService.ExecuteBillQue                
                             ry.common.kdsvc "HTTP/1.1 200 OK"                  
[04/16/26 05:47:40] INFO     Processing request of type            server.py:727
                             CallToolRequest                                    
                    INFO     HTTP Request: POST                  _client.py:1740
                             http://erp1.enpack.com.cn:13580/k3C                
                             loud/Kingdee.BOS.WebApi.ServicesStu                
                             b.DynamicFormService.ExecuteBillQue                
                             ry.common.kdsvc "HTTP/1.1 200 OK"                  
[45/46] L8-03 (L8) — 13 fields / 10 tool calls: ['kingdee_search_forms_online', 'kingdee_search_forms_online', 'kingdee_search_forms_online', 'kingdee_query_inventory', 'kingdee_query_bills', 'kingdee_query_bills', 'kingdee_query_bills', 'kingdee_query_bills', 'kingdee_query_bills', 'kingdee_query_materials']
[04/16/26 05:47:54] INFO     Processing request of type            server.py:727
                             CallToolRequest                                    
                    INFO     HTTP Request: POST                  _client.py:1740
                             http://erp1.enpack.com.cn:13580/k3C                
                             loud/Kingdee.BOS.WebApi.ServicesStu                
                             b.DynamicFormService.ExecuteBillQue                
                             ry.common.kdsvc "HTTP/1.1 200 OK"                  
[04/16/26 05:47:56] INFO     Processing request of type            server.py:727
                             CallToolRequest                                    
                    INFO     HTTP Request: POST                  _client.py:1740
                             http://erp1.enpack.com.cn:13580/k3C                
                             loud/Kingdee.BOS.WebApi.ServicesStu                
                             b.DynamicFormService.ExecuteBillQue                
                             ry.common.kdsvc "HTTP/1.1 200 OK"                  
[04/16/26 05:47:58] INFO     Processing request of type            server.py:727
                             CallToolRequest                                    
                    INFO     HTTP Request: POST                  _client.py:1740
                             http://erp1.enpack.com.cn:13580/k3C                
                             loud/Kingdee.BOS.WebApi.ServicesStu                
                             b.DynamicFormService.ExecuteBillQue                
                             ry.common.kdsvc "HTTP/1.1 200 OK"                  
[04/16/26 05:48:02] INFO     Processing request of type            server.py:727
                             CallToolRequest                                    
                    INFO     HTTP Request: POST                  _client.py:1740
                             http://erp1.enpack.com.cn:13580/k3C                
                             loud/Kingdee.BOS.WebApi.ServicesStu                
                             b.DynamicFormService.ExecuteBillQue                
                             ry.common.kdsvc "HTTP/1.1 200 OK"                  
[04/16/26 05:48:05] INFO     Processing request of type            server.py:727
                             CallToolRequest                                    
                    INFO     HTTP Request: POST                  _client.py:1740
                             http://erp1.enpack.com.cn:13580/k3C                
                             loud/Kingdee.BOS.WebApi.ServicesStu                
                             b.DynamicFormService.ExecuteBillQue                
                             ry.common.kdsvc "HTTP/1.1 200 OK"                  
[04/16/26 05:48:08] INFO     Processing request of type            server.py:727
                             CallToolRequest                                    
                    INFO     HTTP Request: POST                  _client.py:1740
                             http://erp1.enpack.com.cn:13580/k3C                
                             loud/Kingdee.BOS.WebApi.ServicesStu                
                             b.DynamicFormService.ExecuteBillQue                
                             ry.common.kdsvc "HTTP/1.1 200 OK"                  
[04/16/26 05:48:12] INFO     Processing request of type            server.py:727
                             CallToolRequest                                    
                    INFO     HTTP Request: POST                  _client.py:1740
                             http://erp1.enpack.com.cn:13580/k3C                
                             loud/Kingdee.BOS.WebApi.ServicesStu                
                             b.DynamicFormService.ExecuteBillQue                
                             ry.common.kdsvc "HTTP/1.1 200 OK"                  
[04/16/26 05:48:15] INFO     Processing request of type            server.py:727
                             CallToolRequest                                    
                    INFO     HTTP Request: POST                  _client.py:1740
                             http://erp1.enpack.com.cn:13580/k3C                
                             loud/Kingdee.BOS.WebApi.ServicesStu                
                             b.DynamicFormService.ExecuteBillQue                
                             ry.common.kdsvc "HTTP/1.1 200 OK"                  
[04/16/26 05:48:18] INFO     Processing request of type            server.py:727
                             CallToolRequest                                    
                    INFO     HTTP Request: POST                  _client.py:1740
                             http://erp1.enpack.com.cn:13580/k3C                
                             loud/Kingdee.BOS.WebApi.ServicesStu                
                             b.DynamicFormService.ExecuteBillQue                
                             ry.common.kdsvc "HTTP/1.1 200 OK"                  
[04/16/26 05:48:21] INFO     Processing request of type            server.py:727
                             CallToolRequest                                    
[04/16/26 05:48:22] INFO     HTTP Request: POST                  _client.py:1740
                             http://erp1.enpack.com.cn:13580/k3C                
                             loud/Kingdee.BOS.WebApi.ServicesStu                
                             b.DynamicFormService.ExecuteBillQue                
                             ry.common.kdsvc "HTTP/1.1 200 OK"                  
[04/16/26 05:48:29] INFO     Processing request of type            server.py:727
                             CallToolRequest                                    
[04/16/26 05:48:30] INFO     HTTP Request: POST                  _client.py:1740
                             http://erp1.enpack.com.cn:13580/k3C                
                             loud/Kingdee.BOS.WebApi.ServicesStu                
                             b.DynamicFormService.ExecuteBillQue                
                             ry.common.kdsvc "HTTP/1.1 200 OK"                  
[04/16/26 05:48:34] INFO     Processing request of type            server.py:727
                             CallToolRequest                                    
                    INFO     HTTP Request: POST                  _client.py:1740
                             http://erp1.enpack.com.cn:13580/k3C                
                             loud/Kingdee.BOS.WebApi.ServicesStu                
                             b.DynamicFormService.ExecuteBillQue                
                             ry.common.kdsvc "HTTP/1.1 200 OK"                  
[46/46] L8-04 (L8) — 13 fields / 12 tool calls: ['kingdee_search_forms_online', 'kingdee_search_forms_online', 'kingdee_search_forms_online', 'kingdee_query_bills', 'kingdee_query_bills', 'kingdee_query_bills', 'kingdee_query_inventory', 'kingdee_query_bills', 'kingdee_query_bills', 'kingdee_query_materials', 'kingdee_query_bills', 'kingdee_query_bills']
答案: results/T0_mcp/answers.jsonl

==> Running T1 (Thu Apr 16 05:48:43 CST 2026)
[04/16/26 05:48:45] INFO     Processing request of type            server.py:727
                             ListToolsRequest                                   
[stage=T1] MCP server 暴露 14 个工具；本阶段启用 9 个：
  - kingdee_query_bills
  - kingdee_query_materials
  - kingdee_describe_form
  - kingdee_search_forms_online
  - kingdee_query_inventory
  - kingdee_query_fixed_assets
  - kingdee_get_schema
  - kingdee_get_relations
  - kingdee_list_cached_schemas
[04/16/26 05:48:48] INFO     Processing request of type            server.py:727
                             CallToolRequest                                    
[04/16/26 05:48:50] INFO     Processing request of type            server.py:727
                             CallToolRequest                                    
[04/16/26 05:48:52] INFO     Processing request of type            server.py:727
                             CallToolRequest                                    
[04/16/26 05:48:55] INFO     Processing request of type            server.py:727
                             CallToolRequest                                    
[04/16/26 05:48:57] INFO     Processing request of type            server.py:727
                             CallToolRequest                                    
[04/16/26 05:48:58] INFO     HTTP Request: POST                  _client.py:1740
                             http://erp1.enpack.com.cn:13580/k3C                
                             loud/Kingdee.BOS.WebApi.ServicesStu                
                             b.AuthService.LoginByAppSecret.comm                
                             on.kdsvc "HTTP/1.1 200 OK"                         
                    INFO     HTTP Request: POST                  _client.py:1740
                             http://erp1.enpack.com.cn:13580/k3C                
                             loud/Kingdee.BOS.WebApi.ServicesStu                
                             b.DynamicFormService.ExecuteBillQue                
                             ry.common.kdsvc "HTTP/1.1 200 OK"                  
[04/16/26 05:49:02] INFO     Processing request of type            server.py:727
                             CallToolRequest                                    
                    INFO     HTTP Request: POST                  _client.py:1740
                             http://erp1.enpack.com.cn:13580/k3C                
                             loud/Kingdee.BOS.WebApi.ServicesStu                
                             b.DynamicFormService.ExecuteBillQue                
                             ry.common.kdsvc "HTTP/1.1 200 OK"                  
[1/46] L1-01 (L1) — 6 fields / 6 tool calls: ['kingdee_get_schema', 'kingdee_get_schema', 'kingdee_list_cached_schemas', 'kingdee_get_schema', 'kingdee_query_materials', 'kingdee_query_materials']
[04/16/26 05:49:15] INFO     Processing request of type            server.py:727
                             CallToolRequest                                    
[04/16/26 05:49:17] INFO     Processing request of type            server.py:727
                             CallToolRequest                                    
[04/16/26 05:49:20] INFO     Processing request of type            server.py:727
                             CallToolRequest                                    
[04/16/26 05:49:22] INFO     Processing request of type            server.py:727
                             CallToolRequest                                    
[04/16/26 05:49:25] INFO     Processing request of type            server.py:727
                             CallToolRequest                                    
[04/16/26 05:49:28] INFO     Processing request of type            server.py:727
                             CallToolRequest                                    
                    INFO     HTTP Request: POST                  _client.py:1740
                             http://erp1.enpack.com.cn:13580/k3C                
                             loud/Kingdee.BOS.WebApi.ServicesStu                
                             b.DynamicFormService.ExecuteBillQue                
                             ry.common.kdsvc "HTTP/1.1 200 OK"                  
[04/16/26 05:49:32] INFO     Processing request of type            server.py:727
                             CallToolRequest                                    
                    INFO     HTTP Request: POST                  _client.py:1740
                             http://erp1.enpack.com.cn:13580/k3C                
                             loud/Kingdee.BOS.WebApi.ServicesStu                
                             b.DynamicFormService.ExecuteBillQue                
                             ry.common.kdsvc "HTTP/1.1 200 OK"                  
[04/16/26 05:49:34] INFO     Processing request of type            server.py:727
                             CallToolRequest                                    
[04/16/26 05:49:37] INFO     Processing request of type            server.py:727
                             CallToolRequest                                    
[04/16/26 05:49:40] INFO     Processing request of type            server.py:727
                             CallToolRequest                                    
                    INFO     HTTP Request: POST                  _client.py:1740
                             http://erp1.enpack.com.cn:13580/k3C                
                             loud/Kingdee.BOS.WebApi.ServicesStu                
                             b.DynamicFormService.ExecuteBillQue                
                             ry.common.kdsvc "HTTP/1.1 200 OK"                  
[04/16/26 05:49:42] INFO     Processing request of type            server.py:727
                             CallToolRequest                                    
                    INFO     HTTP Request: POST                  _client.py:1740
                             http://erp1.enpack.com.cn:13580/k3C                
                             loud/Kingdee.BOS.WebApi.ServicesStu                
                             b.DynamicFormService.ExecuteBillQue                
                             ry.common.kdsvc "HTTP/1.1 200 OK"                  
[04/16/26 05:49:45] INFO     Processing request of type            server.py:727
                             CallToolRequest                                    
                    INFO     HTTP Request: POST                  _client.py:1740
                             http://erp1.enpack.com.cn:13580/k3C                
                             loud/Kingdee.BOS.WebApi.ServicesStu                
                             b.DynamicFormService.ExecuteBillQue                
                             ry.common.kdsvc "HTTP/1.1 200 OK"                  
[2/46] L1-02 (L1) — 7 fields / 12 tool calls: ['kingdee_get_schema', 'kingdee_list_cached_schemas', 'kingdee_get_schema', 'kingdee_get_schema', 'kingdee_get_schema', 'kingdee_query_bills', 'kingdee_query_bills', 'kingdee_describe_form', 'kingdee_describe_form', 'kingdee_query_bills', 'kingdee_search_forms_online', 'kingdee_search_forms_online']
[04/16/26 05:49:53] INFO     Processing request of type            server.py:727
                             CallToolRequest                                    
[04/16/26 05:49:55] INFO     Processing request of type            server.py:727
                             CallToolRequest                                    
[04/16/26 05:49:58] INFO     Processing request of type            server.py:727
                             CallToolRequest                                    
[04/16/26 05:50:01] INFO     Processing request of type            server.py:727
                             CallToolRequest                                    
[04/16/26 05:50:04] INFO     Processing request of type            server.py:727
                             CallToolRequest                                    
                    INFO     HTTP Request: POST                  _client.py:1740
                             http://erp1.enpack.com.cn:13580/k3C                
                             loud/Kingdee.BOS.WebApi.ServicesStu                
                             b.DynamicFormService.ExecuteBillQue                
                             ry.common.kdsvc "HTTP/1.1 200 OK"                  
[04/16/26 05:50:07] INFO     Processing request of type            server.py:727
                             CallToolRequest                                    
                    INFO     HTTP Request: POST                  _client.py:1740
                             http://erp1.enpack.com.cn:13580/k3C                
                             loud/Kingdee.BOS.WebApi.ServicesStu                
                             b.DynamicFormService.ExecuteBillQue                
                             ry.common.kdsvc "HTTP/1.1 200 OK"                  
[04/16/26 05:50:10] INFO     Processing request of type            server.py:727
                             CallToolRequest                                    
                    INFO     HTTP Request: POST                  _client.py:1740
                             http://erp1.enpack.com.cn:13580/k3C                
                             loud/Kingdee.BOS.WebApi.ServicesStu                
                             b.DynamicFormService.ExecuteBillQue                
                             ry.common.kdsvc "HTTP/1.1 200 OK"                  
[04/16/26 05:50:12] INFO     Processing request of type            server.py:727
                             CallToolRequest                                    
[04/16/26 05:50:16] INFO     Processing request of type            server.py:727
                             CallToolRequest                                    
                    INFO     HTTP Request: POST                  _client.py:1740
                             http://erp1.enpack.com.cn:13580/k3C                
                             loud/Kingdee.BOS.WebApi.ServicesStu                
                             b.DynamicFormService.ExecuteBillQue                
                             ry.common.kdsvc "HTTP/1.1 200 OK"                  
[04/16/26 05:50:18] INFO     Processing request of type            server.py:727
                             CallToolRequest                                    
                    INFO     HTTP Request: POST                  _client.py:1740
                             http://erp1.enpack.com.cn:13580/k3C                
                             loud/Kingdee.BOS.WebApi.ServicesStu                
                             b.DynamicFormService.ExecuteBillQue                
                             ry.common.kdsvc "HTTP/1.1 200 OK"                  
[04/16/26 05:50:22] INFO     Processing request of type            server.py:727
                             CallToolRequest                                    
                    INFO     HTTP Request: POST                  _client.py:1740
                             http://erp1.enpack.com.cn:13580/k3C                
                             loud/Kingdee.BOS.WebApi.ServicesStu                
                             b.DynamicFormService.ExecuteBillQue                
                             ry.common.kdsvc "HTTP/1.1 200 OK"                  
[04/16/26 05:50:25] INFO     Processing request of type            server.py:727
                             CallToolRequest                                    
                    INFO     HTTP Request: POST                  _client.py:1740
                             http://erp1.enpack.com.cn:13580/k3C                
                             loud/Kingdee.BOS.WebApi.ServicesStu                
                             b.DynamicFormService.ExecuteBillQue                
                             ry.common.kdsvc "HTTP/1.1 200 OK"                  
[3/46] L1-03 (L1) — 6 fields / 12 tool calls: ['kingdee_get_schema', 'kingdee_get_schema', 'kingdee_list_cached_schemas', 'kingdee_get_schema', 'kingdee_query_bills', 'kingdee_query_bills', 'kingdee_search_forms_online', 'kingdee_describe_form', 'kingdee_query_bills', 'kingdee_query_materials', 'kingdee_query_bills', 'kingdee_query_bills']
[04/16/26 05:50:33] INFO     Processing request of type            server.py:727
                             CallToolRequest                                    
[04/16/26 05:50:35] INFO     Processing request of type            server.py:727
                             CallToolRequest                                    
[04/16/26 05:50:37] INFO     Processing request of type            server.py:727
                             CallToolRequest                                    
[04/16/26 05:50:40] INFO     Processing request of type            server.py:727
                             CallToolRequest                                    
[04/16/26 05:50:42] INFO     Processing request of type            server.py:727
                             CallToolRequest                                    
[04/16/26 05:50:45] INFO     Processing request of type            server.py:727
                             CallToolRequest                                    
                    INFO     HTTP Request: POST                  _client.py:1740
                             http://erp1.enpack.com.cn:13580/k3C                
                             loud/Kingdee.BOS.WebApi.ServicesStu                
                             b.DynamicFormService.ExecuteBillQue                
                             ry.common.kdsvc "HTTP/1.1 200 OK"                  
[04/16/26 05:50:49] INFO     Processing request of type            server.py:727
                             CallToolRequest                                    
                    INFO     HTTP Request: POST                  _client.py:1740
                             http://erp1.enpack.com.cn:13580/k3C                
                             loud/Kingdee.BOS.WebApi.ServicesStu                
                             b.DynamicFormService.ExecuteBillQue                
                             ry.common.kdsvc "HTTP/1.1 200 OK"                  
[04/16/26 05:50:52] INFO     Processing request of type            server.py:727
                             CallToolRequest                                    
                    INFO     HTTP Request: POST                  _client.py:1740
                             http://erp1.enpack.com.cn:13580/k3C                
                             loud/Kingdee.BOS.WebApi.ServicesStu                
                             b.DynamicFormService.ExecuteBillQue                
                             ry.common.kdsvc "HTTP/1.1 200 OK"                  
[04/16/26 05:50:54] INFO     Processing request of type            server.py:727
                             CallToolRequest                                    
[04/16/26 05:50:56] INFO     Processing request of type            server.py:727
                             CallToolRequest                                    
[04/16/26 05:50:59] INFO     Processing request of type            server.py:727
                             CallToolRequest                                    
                    INFO     HTTP Request: POST                  _client.py:1740
                             http://erp1.enpack.com.cn:13580/k3C                
                             loud/Kingdee.BOS.WebApi.ServicesStu                
                             b.DynamicFormService.ExecuteBillQue                
                             ry.common.kdsvc "HTTP/1.1 200 OK"                  
[04/16/26 05:51:02] INFO     Processing request of type            server.py:727
                             CallToolRequest                                    
                    INFO     HTTP Request: POST                  _client.py:1740
                             http://erp1.enpack.com.cn:13580/k3C                
                             loud/Kingdee.BOS.WebApi.ServicesStu                
                             b.DynamicFormService.ExecuteBillQue                
                             ry.common.kdsvc "HTTP/1.1 200 OK"                  
[4/46] L1-04 (L1) — 7 fields / 12 tool calls: ['kingdee_get_schema', 'kingdee_get_schema', 'kingdee_list_cached_schemas', 'kingdee_get_schema', 'kingdee_get_schema', 'kingdee_query_bills', 'kingdee_query_bills', 'kingdee_search_forms_online', 'kingdee_describe_form', 'kingdee_describe_form', 'kingdee_query_bills', 'kingdee_query_bills']
[04/16/26 05:51:09] INFO     Processing request of type            server.py:727
                             CallToolRequest                                    
[04/16/26 05:51:12] INFO     Processing request of type            server.py:727
                             CallToolRequest                                    
[04/16/26 05:51:14] INFO     Processing request of type            server.py:727
                             CallToolRequest                                    
[04/16/26 05:51:17] INFO     Processing request of type            server.py:727
                             CallToolRequest                                    
[04/16/26 05:51:22] INFO     Processing request of type            server.py:727
                             CallToolRequest                                    
                    INFO     HTTP Request: POST                  _client.py:1740
                             http://erp1.enpack.com.cn:13580/k3C                
                             loud/Kingdee.BOS.WebApi.ServicesStu                
                             b.DynamicFormService.ExecuteBillQue                
                             ry.common.kdsvc "HTTP/1.1 200 OK"                  
[04/16/26 05:51:25] INFO     Processing request of type            server.py:727
                             CallToolRequest                                    
                    INFO     HTTP Request: POST                  _client.py:1740
                             http://erp1.enpack.com.cn:13580/k3C                
                             loud/Kingdee.BOS.WebApi.ServicesStu                
                             b.DynamicFormService.ExecuteBillQue                
                             ry.common.kdsvc "HTTP/1.1 200 OK"                  
[04/16/26 05:51:28] INFO     Processing request of type            server.py:727
                             CallToolRequest                                    
                    INFO     HTTP Request: POST                  _client.py:1740
                             http://erp1.enpack.com.cn:13580/k3C                
                             loud/Kingdee.BOS.WebApi.ServicesStu                
                             b.DynamicFormService.ExecuteBillQue                
                             ry.common.kdsvc "HTTP/1.1 200 OK"                  
[04/16/26 05:51:31] INFO     Processing request of type            server.py:727
                             CallToolRequest                                    
                    INFO     HTTP Request: POST                  _client.py:1740
                             http://erp1.enpack.com.cn:13580/k3C                
                             loud/Kingdee.BOS.WebApi.ServicesStu                
                             b.DynamicFormService.ExecuteBillQue                
                             ry.common.kdsvc "HTTP/1.1 200 OK"                  
[04/16/26 05:51:34] INFO     Processing request of type            server.py:727
                             CallToolRequest                                    
[04/16/26 05:51:39] INFO     Processing request of type            server.py:727
                             CallToolRequest                                    
                    INFO     HTTP Request: POST                  _client.py:1740
                             http://erp1.enpack.com.cn:13580/k3C                
                             loud/Kingdee.BOS.WebApi.ServicesStu                
                             b.DynamicFormService.ExecuteBillQue                
                             ry.common.kdsvc "HTTP/1.1 200 OK"                  
[04/16/26 05:51:42] INFO     Processing request of type            server.py:727
                             CallToolRequest                                    
[04/16/26 05:51:45] INFO     Processing request of type            server.py:727
                             CallToolRequest                                    
[04/16/26 05:51:46] INFO     HTTP Request: POST                  _client.py:1740
                             http://erp1.enpack.com.cn:13580/k3C                
                             loud/Kingdee.BOS.WebApi.ServicesStu                
                             b.DynamicFormService.ExecuteBillQue                
                             ry.common.kdsvc "HTTP/1.1 200 OK"                  
[5/46] L1-05 (L1) — 11 fields / 12 tool calls: ['kingdee_list_cached_schemas', 'kingdee_get_schema', 'kingdee_get_schema', 'kingdee_get_schema', 'kingdee_query_bills', 'kingdee_search_forms_online', 'kingdee_search_forms_online', 'kingdee_query_bills', 'kingdee_get_schema', 'kingdee_query_bills', 'kingdee_get_relations', 'kingdee_query_bills']
[04/16/26 05:51:54] INFO     Processing request of type            server.py:727
                             CallToolRequest                                    
[04/16/26 05:51:56] INFO     Processing request of type            server.py:727
                             CallToolRequest                                    
[04/16/26 05:51:58] INFO     Processing request of type            server.py:727
                             CallToolRequest                                    
[04/16/26 05:52:01] INFO     Processing request of type            server.py:727
                             CallToolRequest                                    
[04/16/26 05:52:04] INFO     Processing request of type            server.py:727
                             CallToolRequest                                    
[04/16/26 05:52:06] INFO     Processing request of type            server.py:727
                             CallToolRequest                                    
[04/16/26 05:52:12] INFO     Processing request of type            server.py:727
                             CallToolRequest                                    
                    INFO     HTTP Request: POST                  _client.py:1740
                             http://erp1.enpack.com.cn:13580/k3C                
                             loud/Kingdee.BOS.WebApi.ServicesStu                
                             b.DynamicFormService.ExecuteBillQue                
                             ry.common.kdsvc "HTTP/1.1 200 OK"                  
[04/16/26 05:52:16] INFO     Processing request of type            server.py:727
                             CallToolRequest                                    
                    INFO     HTTP Request: POST                  _client.py:1740
                             http://erp1.enpack.com.cn:13580/k3C                
                             loud/Kingdee.BOS.WebApi.ServicesStu                
                             b.DynamicFormService.ExecuteBillQue                
                             ry.common.kdsvc "HTTP/1.1 200 OK"                  
[04/16/26 05:52:19] INFO     Processing request of type            server.py:727
                             CallToolRequest                                    
                    INFO     HTTP Request: POST                  _client.py:1740
                             http://erp1.enpack.com.cn:13580/k3C                
                             loud/Kingdee.BOS.WebApi.ServicesStu                
                             b.DynamicFormService.ExecuteBillQue                
                             ry.common.kdsvc "HTTP/1.1 200 OK"                  
[04/16/26 05:52:22] INFO     Processing request of type            server.py:727
                             CallToolRequest                                    
                    INFO     HTTP Request: POST                  _client.py:1740
                             http://erp1.enpack.com.cn:13580/k3C                
                             loud/Kingdee.BOS.WebApi.ServicesStu                
                             b.DynamicFormService.ExecuteBillQue                
                             ry.common.kdsvc "HTTP/1.1 200 OK"                  
[04/16/26 05:52:26] INFO     Processing request of type            server.py:727
                             CallToolRequest                                    
                    INFO     HTTP Request: POST                  _client.py:1740
                             http://erp1.enpack.com.cn:13580/k3C                
                             loud/Kingdee.BOS.WebApi.ServicesStu                
                             b.DynamicFormService.ExecuteBillQue                
                             ry.common.kdsvc "HTTP/1.1 200 OK"                  
[04/16/26 05:52:29] INFO     Processing request of type            server.py:727
                             CallToolRequest                                    
                    INFO     HTTP Request: POST                  _client.py:1740
                             http://erp1.enpack.com.cn:13580/k3C                
                             loud/Kingdee.BOS.WebApi.ServicesStu                
                             b.DynamicFormService.ExecuteBillQue                
                             ry.common.kdsvc "HTTP/1.1 200 OK"                  
[6/46] L2-01 (L2) — 10 fields / 12 tool calls: ['kingdee_get_schema', 'kingdee_get_schema', 'kingdee_list_cached_schemas', 'kingdee_get_schema', 'kingdee_get_schema', 'kingdee_get_relations', 'kingdee_query_bills', 'kingdee_query_bills', 'kingdee_query_bills', 'kingdee_query_bills', 'kingdee_query_bills', 'kingdee_query_bills']
[04/16/26 05:52:38] INFO     Processing request of type            server.py:727
                             CallToolRequest                                    
[04/16/26 05:52:41] INFO     Processing request of type            server.py:727
                             CallToolRequest                                    
[04/16/26 05:52:44] INFO     Processing request of type            server.py:727
                             CallToolRequest                                    
[04/16/26 05:52:46] INFO     Processing request of type            server.py:727
                             CallToolRequest                                    
[04/16/26 05:52:50] INFO     Processing request of type            server.py:727
                             CallToolRequest                                    
                    INFO     HTTP Request: POST                  _client.py:1740
                             http://erp1.enpack.com.cn:13580/k3C                
                             loud/Kingdee.BOS.WebApi.ServicesStu                
                             b.DynamicFormService.ExecuteBillQue                
                             ry.common.kdsvc "HTTP/1.1 200 OK"                  
[04/16/26 05:52:55] INFO     Processing request of type            server.py:727
                             CallToolRequest                                    
                    INFO     HTTP Request: POST                  _client.py:1740
                             http://erp1.enpack.com.cn:13580/k3C                
                             loud/Kingdee.BOS.WebApi.ServicesStu                
                             b.DynamicFormService.ExecuteBillQue                
                             ry.common.kdsvc "HTTP/1.1 200 OK"                  
[04/16/26 05:52:59] INFO     Processing request of type            server.py:727
                             CallToolRequest                                    
                    INFO     HTTP Request: POST                  _client.py:1740
                             http://erp1.enpack.com.cn:13580/k3C                
                             loud/Kingdee.BOS.WebApi.ServicesStu                
                             b.DynamicFormService.ExecuteBillQue                
                             ry.common.kdsvc "HTTP/1.1 200 OK"                  
[04/16/26 05:53:03] INFO     Processing request of type            server.py:727
                             CallToolRequest                                    
[04/16/26 05:53:04] INFO     HTTP Request: POST                  _client.py:1740
                             http://erp1.enpack.com.cn:13580/k3C                
                             loud/Kingdee.BOS.WebApi.ServicesStu                
                             b.DynamicFormService.ExecuteBillQue                
                             ry.common.kdsvc "HTTP/1.1 200 OK"                  
[04/16/26 05:53:08] INFO     Processing request of type            server.py:727
                             CallToolRequest                                    
[04/16/26 05:53:09] INFO     HTTP Request: POST                  _client.py:1740
                             http://erp1.enpack.com.cn:13580/k3C                
                             loud/Kingdee.BOS.WebApi.ServicesStu                
                             b.DynamicFormService.ExecuteBillQue                
                             ry.common.kdsvc "HTTP/1.1 200 OK"                  
[7/46] L2-02 (L2) — 9 fields / 9 tool calls: ['kingdee_list_cached_schemas', 'kingdee_get_schema', 'kingdee_get_schema', 'kingdee_get_relations', 'kingdee_query_bills', 'kingdee_query_bills', 'kingdee_query_bills', 'kingdee_query_bills', 'kingdee_query_bills']
[04/16/26 05:53:18] INFO     Processing request of type            server.py:727
                             CallToolRequest                                    
[04/16/26 05:53:20] INFO     Processing request of type            server.py:727
                             CallToolRequest                                    
[04/16/26 05:53:22] INFO     Processing request of type            server.py:727
                             CallToolRequest                                    
[04/16/26 05:53:25] INFO     Processing request of type            server.py:727
                             CallToolRequest                                    
[04/16/26 05:53:27] INFO     Processing request of type            server.py:727
                             CallToolRequest                                    
[04/16/26 05:53:32] INFO     Processing request of type            server.py:727
                             CallToolRequest                                    
[04/16/26 05:53:36] INFO     Processing request of type            server.py:727
                             CallToolRequest                                    
[04/16/26 05:53:39] INFO     Processing request of type            server.py:727
                             CallToolRequest                                    
                    INFO     HTTP Request: POST                  _client.py:1740
                             http://erp1.enpack.com.cn:13580/k3C                
                             loud/Kingdee.BOS.WebApi.ServicesStu                
                             b.DynamicFormService.ExecuteBillQue                
                             ry.common.kdsvc "HTTP/1.1 200 OK"                  
[04/16/26 05:53:42] INFO     Processing request of type            server.py:727
                             CallToolRequest                                    
[04/16/26 05:53:47] INFO     Processing request of type            server.py:727
                             CallToolRequest                                    
                    INFO     HTTP Request: POST                  _client.py:1740
                             http://erp1.enpack.com.cn:13580/k3C                
                             loud/Kingdee.BOS.WebApi.ServicesStu                
                             b.DynamicFormService.ExecuteBillQue                
                             ry.common.kdsvc "HTTP/1.1 200 OK"                  
[04/16/26 05:53:51] INFO     Processing request of type            server.py:727
                             CallToolRequest                                    
                    INFO     HTTP Request: POST                  _client.py:1740
                             http://erp1.enpack.com.cn:13580/k3C                
                             loud/Kingdee.BOS.WebApi.ServicesStu                
                             b.DynamicFormService.ExecuteBillQue                
                             ry.common.kdsvc "HTTP/1.1 200 OK"                  
[04/16/26 05:53:55] INFO     Processing request of type            server.py:727
                             CallToolRequest                                    
                    INFO     HTTP Request: POST                  _client.py:1740
                             http://erp1.enpack.com.cn:13580/k3C                
                             loud/Kingdee.BOS.WebApi.ServicesStu                
                             b.DynamicFormService.ExecuteBillQue                
                             ry.common.kdsvc "HTTP/1.1 200 OK"                  
[8/46] L2-03 (L2) — 11 fields / 12 tool calls: ['kingdee_get_schema', 'kingdee_get_schema', 'kingdee_list_cached_schemas', 'kingdee_search_forms_online', 'kingdee_search_forms_online', 'kingdee_query_bills', 'kingdee_query_bills', 'kingdee_query_bills', 'kingdee_get_relations', 'kingdee_query_bills', 'kingdee_query_bills', 'kingdee_query_bills']
[04/16/26 05:54:03] INFO     Processing request of type            server.py:727
                             CallToolRequest                                    
[04/16/26 05:54:05] INFO     Processing request of type            server.py:727
                             CallToolRequest                                    
[04/16/26 05:54:07] INFO     Processing request of type            server.py:727
                             CallToolRequest                                    
[04/16/26 05:54:10] INFO     Processing request of type            server.py:727
                             CallToolRequest                                    
[04/16/26 05:54:14] INFO     Processing request of type            server.py:727
                             CallToolRequest                                    
                    INFO     HTTP Request: POST                  _client.py:1740
                             http://erp1.enpack.com.cn:13580/k3C                
                             loud/Kingdee.BOS.WebApi.ServicesStu                
                             b.DynamicFormService.ExecuteBillQue                
                             ry.common.kdsvc "HTTP/1.1 200 OK"                  
[04/16/26 05:54:16] INFO     Processing request of type            server.py:727
                             CallToolRequest                                    
[04/16/26 05:54:21] INFO     Processing request of type            server.py:727
                             CallToolRequest                                    
                    INFO     HTTP Request: POST                  _client.py:1740
                             http://erp1.enpack.com.cn:13580/k3C                
                             loud/Kingdee.BOS.WebApi.ServicesStu                
                             b.DynamicFormService.ExecuteBillQue                
                             ry.common.kdsvc "HTTP/1.1 200 OK"                  
[04/16/26 05:54:25] INFO     Processing request of type            server.py:727
                             CallToolRequest                                    
                    INFO     HTTP Request: POST                  _client.py:1740
                             http://erp1.enpack.com.cn:13580/k3C                
                             loud/Kingdee.BOS.WebApi.ServicesStu                
                             b.DynamicFormService.ExecuteBillQue                
                             ry.common.kdsvc "HTTP/1.1 200 OK"                  
[04/16/26 05:54:29] INFO     Processing request of type            server.py:727
                             CallToolRequest                                    
                    INFO     HTTP Request: POST                  _client.py:1740
                             http://erp1.enpack.com.cn:13580/k3C                
                             loud/Kingdee.BOS.WebApi.ServicesStu                
                             b.DynamicFormService.ExecuteBillQue                
                             ry.common.kdsvc "HTTP/1.1 200 OK"                  
[04/16/26 05:54:32] INFO     Processing request of type            server.py:727
                             CallToolRequest                                    
                    INFO     HTTP Request: POST                  _client.py:1740
                             http://erp1.enpack.com.cn:13580/k3C                
                             loud/Kingdee.BOS.WebApi.ServicesStu                
                             b.DynamicFormService.ExecuteBillQue                
                             ry.common.kdsvc "HTTP/1.1 200 OK"                  
[04/16/26 05:54:35] INFO     Processing request of type            server.py:727
                             CallToolRequest                                    
[04/16/26 05:54:36] INFO     HTTP Request: POST                  _client.py:1740
                             http://erp1.enpack.com.cn:13580/k3C                
                             loud/Kingdee.BOS.WebApi.ServicesStu                
                             b.DynamicFormService.ExecuteBillQue                
                             ry.common.kdsvc "HTTP/1.1 200 OK"                  
[04/16/26 05:54:40] INFO     Processing request of type            server.py:727
                             CallToolRequest                                    
                    INFO     HTTP Request: POST                  _client.py:1740
                             http://erp1.enpack.com.cn:13580/k3C                
                             loud/Kingdee.BOS.WebApi.ServicesStu                
                             b.DynamicFormService.ExecuteBillQue                
                             ry.common.kdsvc "HTTP/1.1 200 OK"                  
[9/46] L2-04 (L2) — 10 fields / 12 tool calls: ['kingdee_get_schema', 'kingdee_list_cached_schemas', 'kingdee_get_schema', 'kingdee_get_schema', 'kingdee_query_bills', 'kingdee_get_relations', 'kingdee_query_bills', 'kingdee_query_bills', 'kingdee_search_forms_online', 'kingdee_search_forms_online', 'kingdee_query_bills', 'kingdee_query_bills']
[04/16/26 05:54:48] INFO     Processing request of type            server.py:727
                             CallToolRequest                                    
[04/16/26 05:54:51] INFO     Processing request of type            server.py:727
                             CallToolRequest                                    
[04/16/26 05:54:53] INFO     Processing request of type            server.py:727
                             CallToolRequest                                    
[04/16/26 05:54:56] INFO     Processing request of type            server.py:727
                             CallToolRequest                                    
[04/16/26 05:54:58] INFO     Processing request of type            server.py:727
                             CallToolRequest                                    
[04/16/26 05:55:00] INFO     Processing request of type            server.py:727
                             CallToolRequest                                    
[04/16/26 05:55:07] INFO     Processing request of type            server.py:727
                             CallToolRequest                                    
                    INFO     HTTP Request: POST                  _client.py:1740
                             http://erp1.enpack.com.cn:13580/k3C                
                             loud/Kingdee.BOS.WebApi.ServicesStu                
                             b.DynamicFormService.ExecuteBillQue                
                             ry.common.kdsvc "HTTP/1.1 200 OK"                  
[04/16/26 05:55:11] INFO     Processing request of type            server.py:727
                             CallToolRequest                                    
[04/16/26 05:55:12] INFO     HTTP Request: POST                  _client.py:1740
                             http://erp1.enpack.com.cn:13580/k3C                
                             loud/Kingdee.BOS.WebApi.ServicesStu                
                             b.DynamicFormService.ExecuteBillQue                
                             ry.common.kdsvc "HTTP/1.1 200 OK"                  
[04/16/26 05:55:16] INFO     Processing request of type            server.py:727
                             CallToolRequest                                    
                    INFO     HTTP Request: POST                  _client.py:1740
                             http://erp1.enpack.com.cn:13580/k3C                
                             loud/Kingdee.BOS.WebApi.ServicesStu                
                             b.DynamicFormService.ExecuteBillQue                
                             ry.common.kdsvc "HTTP/1.1 200 OK"                  
[04/16/26 05:55:18] INFO     Processing request of type            server.py:727
                             CallToolRequest                                    
[04/16/26 05:55:19] INFO     HTTP Request: POST                  _client.py:1740
                             http://erp1.enpack.com.cn:13580/k3C                
                             loud/Kingdee.BOS.WebApi.ServicesStu                
                             b.DynamicFormService.ExecuteBillQue                
                             ry.common.kdsvc "HTTP/1.1 200 OK"                  
[04/16/26 05:55:22] INFO     Processing request of type            server.py:727
                             CallToolRequest                                    
[04/16/26 05:55:27] INFO     Processing request of type            server.py:727
                             CallToolRequest                                    
                    INFO     HTTP Request: POST                  _client.py:1740
                             http://erp1.enpack.com.cn:13580/k3C                
                             loud/Kingdee.BOS.WebApi.ServicesStu                
                             b.DynamicFormService.ExecuteBillQue                
                             ry.common.kdsvc "HTTP/1.1 200 OK"                  
[10/46] L2-05 (L2) — 8 fields / 12 tool calls: ['kingdee_list_cached_schemas', 'kingdee_get_schema', 'kingdee_get_schema', 'kingdee_get_schema', 'kingdee_get_schema', 'kingdee_get_schema', 'kingdee_query_bills', 'kingdee_query_bills', 'kingdee_search_forms_online', 'kingdee_search_forms_online', 'kingdee_get_schema', 'kingdee_query_bills']
[04/16/26 05:55:41] INFO     Processing request of type            server.py:727
                             CallToolRequest                                    
[04/16/26 05:55:43] INFO     Processing request of type            server.py:727
                             CallToolRequest                                    
[04/16/26 05:55:46] INFO     Processing request of type            server.py:727
                             CallToolRequest                                    
[04/16/26 05:55:48] INFO     Processing request of type            server.py:727
                             CallToolRequest                                    
[04/16/26 05:55:50] INFO     Processing request of type            server.py:727
                             CallToolRequest                                    
[04/16/26 05:55:57] INFO     Processing request of type            server.py:727
                             CallToolRequest                                    
[04/16/26 05:55:58] INFO     HTTP Request: POST                  _client.py:1740
                             http://erp1.enpack.com.cn:13580/k3C                
                             loud/Kingdee.BOS.WebApi.ServicesStu                
                             b.DynamicFormService.ExecuteBillQue                
                             ry.common.kdsvc "HTTP/1.1 200 OK"                  
[04/16/26 05:56:03] INFO     Processing request of type            server.py:727
                             CallToolRequest                                    
                    INFO     HTTP Request: POST                  _client.py:1740
                             http://erp1.enpack.com.cn:13580/k3C                
                             loud/Kingdee.BOS.WebApi.ServicesStu                
                             b.DynamicFormService.ExecuteBillQue                
                             ry.common.kdsvc "HTTP/1.1 200 OK"                  
[04/16/26 05:56:08] INFO     Processing request of type            server.py:727
                             CallToolRequest                                    
                    INFO     HTTP Request: POST                  _client.py:1740
                             http://erp1.enpack.com.cn:13580/k3C                
                             loud/Kingdee.BOS.WebApi.ServicesStu                
                             b.DynamicFormService.ExecuteBillQue                
                             ry.common.kdsvc "HTTP/1.1 200 OK"                  
[11/46] L2-06 (L2) — 8 fields / 8 tool calls: ['kingdee_list_cached_schemas', 'kingdee_get_schema', 'kingdee_get_schema', 'kingdee_get_schema', 'kingdee_get_relations', 'kingdee_query_bills', 'kingdee_query_bills', 'kingdee_query_bills']
[04/16/26 05:56:20] INFO     Processing request of type            server.py:727
                             CallToolRequest                                    
[04/16/26 05:56:23] INFO     Processing request of type            server.py:727
                             CallToolRequest                                    
[04/16/26 05:56:25] INFO     Processing request of type            server.py:727
                             CallToolRequest                                    
[04/16/26 05:56:28] INFO     Processing request of type            server.py:727
                             CallToolRequest                                    
[04/16/26 05:56:30] INFO     Processing request of type            server.py:727
                             CallToolRequest                                    
[04/16/26 05:56:32] INFO     Processing request of type            server.py:727
                             CallToolRequest                                    
[04/16/26 05:56:35] INFO     Processing request of type            server.py:727
                             CallToolRequest                                    
[04/16/26 05:56:39] INFO     Processing request of type            server.py:727
                             CallToolRequest                                    
[04/16/26 05:56:42] INFO     Processing request of type            server.py:727
                             CallToolRequest                                    
[04/16/26 05:56:43] INFO     HTTP Request: POST                  _client.py:1740
                             http://erp1.enpack.com.cn:13580/k3C                
                             loud/Kingdee.BOS.WebApi.ServicesStu                
                             b.DynamicFormService.ExecuteBillQue                
                             ry.common.kdsvc "HTTP/1.1 200 OK"                  
[04/16/26 05:56:46] INFO     Processing request of type            server.py:727
                             CallToolRequest                                    
                    INFO     HTTP Request: POST                  _client.py:1740
                             http://erp1.enpack.com.cn:13580/k3C                
                             loud/Kingdee.BOS.WebApi.ServicesStu                
                             b.DynamicFormService.QueryBusinessI                
                             nfo.common.kdsvc "HTTP/1.1 200 OK"                 
[04/16/26 05:56:50] INFO     Processing request of type            server.py:727
                             CallToolRequest                                    
                    INFO     HTTP Request: POST                  _client.py:1740
                             http://erp1.enpack.com.cn:13580/k3C                
                             loud/Kingdee.BOS.WebApi.ServicesStu                
                             b.DynamicFormService.QueryBusinessI                
                             nfo.common.kdsvc "HTTP/1.1 200 OK"                 
[04/16/26 05:56:53] INFO     Processing request of type            server.py:727
                             CallToolRequest                                    
[12/46] L2-07 (L2) — 8 fields / 12 tool calls: ['kingdee_list_cached_schemas', 'kingdee_search_forms_online', 'kingdee_search_forms_online', 'kingdee_search_forms_online', 'kingdee_get_schema', 'kingdee_get_schema', 'kingdee_describe_form', 'kingdee_query_bills', 'kingdee_query_bills', 'kingdee_get_schema', 'kingdee_get_schema', 'kingdee_get_relations']
[04/16/26 05:57:01] INFO     Processing request of type            server.py:727
                             CallToolRequest                                    
[04/16/26 05:57:03] INFO     Processing request of type            server.py:727
                             CallToolRequest                                    
[04/16/26 05:57:06] INFO     Processing request of type            server.py:727
                             CallToolRequest                                    
[04/16/26 05:57:08] INFO     Processing request of type            server.py:727
                             CallToolRequest                                    
[04/16/26 05:57:11] INFO     Processing request of type            server.py:727
                             CallToolRequest                                    
[04/16/26 05:57:13] INFO     Processing request of type            server.py:727
                             CallToolRequest                                    
[04/16/26 05:57:15] INFO     Processing request of type            server.py:727
                             CallToolRequest                                    
[04/16/26 05:57:19] INFO     Processing request of type            server.py:727
                             CallToolRequest                                    
[04/16/26 05:57:22] INFO     Processing request of type            server.py:727
                             CallToolRequest                                    
[04/16/26 05:57:25] INFO     Processing request of type            server.py:727
                             CallToolRequest                                    
[04/16/26 05:57:27] INFO     Processing request of type            server.py:727
                             CallToolRequest                                    
[04/16/26 05:57:30] INFO     Processing request of type            server.py:727
                             CallToolRequest                                    
[13/46] L2-08 (L2) — 9 fields / 12 tool calls: ['kingdee_get_schema', 'kingdee_list_cached_schemas', 'kingdee_get_schema', 'kingdee_get_schema', 'kingdee_get_schema', 'kingdee_query_fixed_assets', 'kingdee_query_fixed_assets', 'kingdee_query_bills', 'kingdee_query_bills', 'kingdee_query_bills', 'kingdee_describe_form', 'kingdee_search_forms_online']
[04/16/26 05:57:38] INFO     Processing request of type            server.py:727
                             CallToolRequest                                    
[04/16/26 05:57:40] INFO     Processing request of type            server.py:727
                             CallToolRequest                                    
[04/16/26 05:57:43] INFO     Processing request of type            server.py:727
                             CallToolRequest                                    
[04/16/26 05:57:45] INFO     Processing request of type            server.py:727
                             CallToolRequest                                    
[04/16/26 05:57:47] INFO     Processing request of type            server.py:727
                             CallToolRequest                                    
[04/16/26 05:57:51] INFO     Processing request of type            server.py:727
                             CallToolRequest                                    
                    INFO     HTTP Request: POST                  _client.py:1740
                             http://erp1.enpack.com.cn:13580/k3C                
                             loud/Kingdee.BOS.WebApi.ServicesStu                
                             b.DynamicFormService.ExecuteBillQue                
                             ry.common.kdsvc "HTTP/1.1 200 OK"                  
[04/16/26 05:57:54] INFO     Processing request of type            server.py:727
                             CallToolRequest                                    
                    INFO     HTTP Request: POST                  _client.py:1740
                             http://erp1.enpack.com.cn:13580/k3C                
                             loud/Kingdee.BOS.WebApi.ServicesStu                
                             b.DynamicFormService.ExecuteBillQue                
                             ry.common.kdsvc "HTTP/1.1 200 OK"                  
[04/16/26 05:57:56] INFO     Processing request of type            server.py:727
                             CallToolRequest                                    
[04/16/26 05:57:58] INFO     Processing request of type            server.py:727
                             CallToolRequest                                    
[04/16/26 05:58:03] INFO     Processing request of type            server.py:727
                             CallToolRequest                                    
                    INFO     HTTP Request: POST                  _client.py:1740
                             http://erp1.enpack.com.cn:13580/k3C                
                             loud/Kingdee.BOS.WebApi.ServicesStu                
                             b.DynamicFormService.ExecuteBillQue                
                             ry.common.kdsvc "HTTP/1.1 200 OK"                  
[04/16/26 05:58:05] INFO     Processing request of type            server.py:727
                             CallToolRequest                                    
[04/16/26 05:58:09] INFO     Processing request of type            server.py:727
                             CallToolRequest                                    
                    INFO     HTTP Request: POST                  _client.py:1740
                             http://erp1.enpack.com.cn:13580/k3C                
                             loud/Kingdee.BOS.WebApi.ServicesStu                
                             b.DynamicFormService.ExecuteBillQue                
                             ry.common.kdsvc "HTTP/1.1 200 OK"                  
[14/46] L2-09 (L2) — 7 fields / 12 tool calls: ['kingdee_get_schema', 'kingdee_list_cached_schemas', 'kingdee_get_schema', 'kingdee_get_schema', 'kingdee_get_schema', 'kingdee_query_bills', 'kingdee_search_forms_online', 'kingdee_describe_form', 'kingdee_describe_form', 'kingdee_query_bills', 'kingdee_get_relations', 'kingdee_query_bills']
[04/16/26 05:58:18] INFO     Processing request of type            server.py:727
                             CallToolRequest                                    
[04/16/26 05:58:20] INFO     Processing request of type            server.py:727
                             CallToolRequest                                    
[04/16/26 05:58:22] INFO     Processing request of type            server.py:727
                             CallToolRequest                                    
[04/16/26 05:58:25] INFO     Processing request of type            server.py:727
                             CallToolRequest                                    
[04/16/26 05:58:28] INFO     Processing request of type            server.py:727
                             CallToolRequest                                    
[04/16/26 05:58:33] INFO     Processing request of type            server.py:727
                             CallToolRequest                                    
                    INFO     HTTP Request: POST                  _client.py:1740
                             http://erp1.enpack.com.cn:13580/k3C                
                             loud/Kingdee.BOS.WebApi.ServicesStu                
                             b.DynamicFormService.ExecuteBillQue                
                             ry.common.kdsvc "HTTP/1.1 200 OK"                  
[04/16/26 05:58:35] INFO     Processing request of type            server.py:727
                             CallToolRequest                                    
[04/16/26 05:58:38] INFO     Processing request of type            server.py:727
                             CallToolRequest                                    
[04/16/26 05:58:41] INFO     Processing request of type            server.py:727
                             CallToolRequest                                    
[04/16/26 05:58:45] INFO     Processing request of type            server.py:727
                             CallToolRequest                                    
                    INFO     HTTP Request: POST                  _client.py:1740
                             http://erp1.enpack.com.cn:13580/k3C                
                             loud/Kingdee.BOS.WebApi.ServicesStu                
                             b.DynamicFormService.ExecuteBillQue                
                             ry.common.kdsvc "HTTP/1.1 200 OK"                  
[04/16/26 05:58:48] INFO     Processing request of type            server.py:727
                             CallToolRequest                                    
                    INFO     HTTP Request: POST                  _client.py:1740
                             http://erp1.enpack.com.cn:13580/k3C                
                             loud/Kingdee.BOS.WebApi.ServicesStu                
                             b.DynamicFormService.ExecuteBillQue                
                             ry.common.kdsvc "HTTP/1.1 200 OK"                  
[04/16/26 05:58:51] INFO     Processing request of type            server.py:727
                             CallToolRequest                                    
[15/46] L2-10 (L2) — 8 fields / 12 tool calls: ['kingdee_get_schema', 'kingdee_get_schema', 'kingdee_list_cached_schemas', 'kingdee_search_forms_online', 'kingdee_search_forms_online', 'kingdee_query_bills', 'kingdee_get_relations', 'kingdee_search_forms_online', 'kingdee_get_schema', 'kingdee_query_bills', 'kingdee_query_bills', 'kingdee_search_forms_online']
[04/16/26 05:58:59] INFO     Processing request of type            server.py:727
                             CallToolRequest                                    
[04/16/26 05:59:02] INFO     Processing request of type            server.py:727
                             CallToolRequest                                    
[04/16/26 05:59:04] INFO     Processing request of type            server.py:727
                             CallToolRequest                                    
[04/16/26 05:59:07] INFO     Processing request of type            server.py:727
                             CallToolRequest                                    
[04/16/26 05:59:09] INFO     Processing request of type            server.py:727
                             CallToolRequest                                    
[04/16/26 05:59:13] INFO     Processing request of type            server.py:727
                             CallToolRequest                                    
                    INFO     HTTP Request: POST                  _client.py:1740
                             http://erp1.enpack.com.cn:13580/k3C                
                             loud/Kingdee.BOS.WebApi.ServicesStu                
                             b.DynamicFormService.ExecuteBillQue                
                             ry.common.kdsvc "HTTP/1.1 200 OK"                  
[04/16/26 05:59:17] INFO     Processing request of type            server.py:727
                             CallToolRequest                                    
                    INFO     HTTP Request: POST                  _client.py:1740
                             http://erp1.enpack.com.cn:13580/k3C                
                             loud/Kingdee.BOS.WebApi.ServicesStu                
                             b.DynamicFormService.ExecuteBillQue                
                             ry.common.kdsvc "HTTP/1.1 200 OK"                  
[04/16/26 05:59:19] INFO     Processing request of type            server.py:727
                             CallToolRequest                                    
[04/16/26 05:59:20] INFO     HTTP Request: POST                  _client.py:1740
                             http://erp1.enpack.com.cn:13580/k3C                
                             loud/Kingdee.BOS.WebApi.ServicesStu                
                             b.DynamicFormService.ExecuteBillQue                
                             ry.common.kdsvc "HTTP/1.1 200 OK"                  
[04/16/26 05:59:24] INFO     Processing request of type            server.py:727
                             CallToolRequest                                    
                    INFO     HTTP Request: POST                  _client.py:1740
                             http://erp1.enpack.com.cn:13580/k3C                
                             loud/Kingdee.BOS.WebApi.ServicesStu                
                             b.DynamicFormService.ExecuteBillQue                
                             ry.common.kdsvc "HTTP/1.1 200 OK"                  
[04/16/26 05:59:29] INFO     Processing request of type            server.py:727
                             CallToolRequest                                    
                    INFO     HTTP Request: POST                  _client.py:1740
                             http://erp1.enpack.com.cn:13580/k3C                
                             loud/Kingdee.BOS.WebApi.ServicesStu                
                             b.DynamicFormService.ExecuteBillQue                
                             ry.common.kdsvc "HTTP/1.1 200 OK"                  
[04/16/26 05:59:32] INFO     Processing request of type            server.py:727
                             CallToolRequest                                    
                    INFO     HTTP Request: POST                  _client.py:1740
                             http://erp1.enpack.com.cn:13580/k3C                
                             loud/Kingdee.BOS.WebApi.ServicesStu                
                             b.DynamicFormService.ExecuteBillQue                
                             ry.common.kdsvc "HTTP/1.1 200 OK"                  
[04/16/26 05:59:36] INFO     Processing request of type            server.py:727
                             CallToolRequest                                    
                    INFO     HTTP Request: POST                  _client.py:1740
                             http://erp1.enpack.com.cn:13580/k3C                
                             loud/Kingdee.BOS.WebApi.ServicesStu                
                             b.DynamicFormService.ExecuteBillQue                
                             ry.common.kdsvc "HTTP/1.1 200 OK"                  
[16/46] L3-01 (L3) — 13 fields / 12 tool calls: ['kingdee_list_cached_schemas', 'kingdee_get_schema', 'kingdee_get_schema', 'kingdee_get_schema', 'kingdee_get_relations', 'kingdee_query_bills', 'kingdee_query_bills', 'kingdee_query_bills', 'kingdee_query_bills', 'kingdee_query_bills', 'kingdee_query_bills', 'kingdee_query_bills']
[04/16/26 05:59:46] INFO     Processing request of type            server.py:727
                             CallToolRequest                                    
[04/16/26 05:59:49] INFO     Processing request of type            server.py:727
                             CallToolRequest                                    
[04/16/26 05:59:51] INFO     Processing request of type            server.py:727
                             CallToolRequest                                    
[04/16/26 05:59:54] INFO     Processing request of type            server.py:727
                             CallToolRequest                                    
[04/16/26 05:59:56] INFO     Processing request of type            server.py:727
                             CallToolRequest                                    
[04/16/26 05:59:58] INFO     Processing request of type            server.py:727
                             CallToolRequest                                    
                    INFO     HTTP Request: POST                  _client.py:1740
                             http://erp1.enpack.com.cn:13580/k3C                
                             loud/Kingdee.BOS.WebApi.ServicesStu                
                             b.DynamicFormService.ExecuteBillQue                
                             ry.common.kdsvc "HTTP/1.1 200 OK"                  
[04/16/26 06:00:00] INFO     Processing request of type            server.py:727
                             CallToolRequest                                    
[04/16/26 06:00:01] INFO     HTTP Request: POST                  _client.py:1740
                             http://erp1.enpack.com.cn:13580/k3C                
                             loud/Kingdee.BOS.WebApi.ServicesStu                
                             b.DynamicFormService.ExecuteBillQue                
                             ry.common.kdsvc "HTTP/1.1 200 OK"                  
[04/16/26 06:00:03] INFO     Processing request of type            server.py:727
                             CallToolRequest                                    
                    INFO     HTTP Request: POST                  _client.py:1740
                             http://erp1.enpack.com.cn:13580/k3C                
                             loud/Kingdee.BOS.WebApi.ServicesStu                
                             b.DynamicFormService.ExecuteBillQue                
                             ry.common.kdsvc "HTTP/1.1 200 OK"                  
[04/16/26 06:00:06] INFO     Processing request of type            server.py:727
                             CallToolRequest                                    
                    INFO     HTTP Request: POST                  _client.py:1740
                             http://erp1.enpack.com.cn:13580/k3C                
                             loud/Kingdee.BOS.WebApi.ServicesStu                
                             b.DynamicFormService.ExecuteBillQue                
                             ry.common.kdsvc "HTTP/1.1 200 OK"                  
[04/16/26 06:00:08] INFO     Processing request of type            server.py:727
                             CallToolRequest                                    
                    INFO     HTTP Request: POST                  _client.py:1740
                             http://erp1.enpack.com.cn:13580/k3C                
                             loud/Kingdee.BOS.WebApi.ServicesStu                
                             b.DynamicFormService.ExecuteBillQue                
                             ry.common.kdsvc "HTTP/1.1 200 OK"                  
[04/16/26 06:00:12] INFO     Processing request of type            server.py:727
                             CallToolRequest                                    
                    INFO     HTTP Request: POST                  _client.py:1740
                             http://erp1.enpack.com.cn:13580/k3C                
                             loud/Kingdee.BOS.WebApi.ServicesStu                
                             b.DynamicFormService.ExecuteBillQue                
                             ry.common.kdsvc "HTTP/1.1 200 OK"                  
[04/16/26 06:00:15] INFO     Processing request of type            server.py:727
                             CallToolRequest                                    
                    INFO     HTTP Request: POST                  _client.py:1740
                             http://erp1.enpack.com.cn:13580/k3C                
                             loud/Kingdee.BOS.WebApi.ServicesStu                
                             b.DynamicFormService.ExecuteBillQue                
                             ry.common.kdsvc "HTTP/1.1 200 OK"                  
[17/46] L3-02 (L3) — 9 fields / 12 tool calls: ['kingdee_list_cached_schemas', 'kingdee_get_schema', 'kingdee_get_schema', 'kingdee_search_forms_online', 'kingdee_search_forms_online', 'kingdee_query_bills', 'kingdee_search_forms_online', 'kingdee_search_forms_online', 'kingdee_search_forms_online', 'kingdee_search_forms_online', 'kingdee_query_bills', 'kingdee_query_bills']
[04/16/26 06:00:24] INFO     Processing request of type            server.py:727
                             CallToolRequest                                    
[04/16/26 06:00:27] INFO     Processing request of type            server.py:727
                             CallToolRequest                                    
[04/16/26 06:00:29] INFO     Processing request of type            server.py:727
                             CallToolRequest                                    
[04/16/26 06:00:32] INFO     Processing request of type            server.py:727
                             CallToolRequest                                    
[04/16/26 06:00:34] INFO     Processing request of type            server.py:727
                             CallToolRequest                                    
[04/16/26 06:00:38] INFO     Processing request of type            server.py:727
                             CallToolRequest                                    
[04/16/26 06:00:39] INFO     HTTP Request: POST                  _client.py:1740
                             http://erp1.enpack.com.cn:13580/k3C                
                             loud/Kingdee.BOS.WebApi.ServicesStu                
                             b.DynamicFormService.ExecuteBillQue                
                             ry.common.kdsvc "HTTP/1.1 200 OK"                  
[04/16/26 06:00:42] INFO     Processing request of type            server.py:727
                             CallToolRequest                                    
                    INFO     HTTP Request: POST                  _client.py:1740
                             http://erp1.enpack.com.cn:13580/k3C                
                             loud/Kingdee.BOS.WebApi.ServicesStu                
                             b.DynamicFormService.ExecuteBillQue                
                             ry.common.kdsvc "HTTP/1.1 200 OK"                  
[04/16/26 06:00:45] INFO     Processing request of type            server.py:727
                             CallToolRequest                                    
                    INFO     HTTP Request: POST                  _client.py:1740
                             http://erp1.enpack.com.cn:13580/k3C                
                             loud/Kingdee.BOS.WebApi.ServicesStu                
                             b.DynamicFormService.ExecuteBillQue                
                             ry.common.kdsvc "HTTP/1.1 200 OK"                  
[04/16/26 06:00:47] INFO     Processing request of type            server.py:727
                             CallToolRequest                                    
                    INFO     HTTP Request: POST                  _client.py:1740
                             http://erp1.enpack.com.cn:13580/k3C                
                             loud/Kingdee.BOS.WebApi.ServicesStu                
                             b.DynamicFormService.ExecuteBillQue                
                             ry.common.kdsvc "HTTP/1.1 200 OK"                  
[04/16/26 06:00:51] INFO     Processing request of type            server.py:727
                             CallToolRequest                                    
                    INFO     HTTP Request: POST                  _client.py:1740
                             http://erp1.enpack.com.cn:13580/k3C                
                             loud/Kingdee.BOS.WebApi.ServicesStu                
                             b.DynamicFormService.ExecuteBillQue                
                             ry.common.kdsvc "HTTP/1.1 200 OK"                  
[04/16/26 06:00:55] INFO     Processing request of type            server.py:727
                             CallToolRequest                                    
                    INFO     HTTP Request: POST                  _client.py:1740
                             http://erp1.enpack.com.cn:13580/k3C                
                             loud/Kingdee.BOS.WebApi.ServicesStu                
                             b.DynamicFormService.ExecuteBillQue                
                             ry.common.kdsvc "HTTP/1.1 200 OK"                  
[04/16/26 06:00:58] INFO     Processing request of type            server.py:727
                             CallToolRequest                                    
                    INFO     HTTP Request: POST                  _client.py:1740
                             http://erp1.enpack.com.cn:13580/k3C                
                             loud/Kingdee.BOS.WebApi.ServicesStu                
                             b.DynamicFormService.ExecuteBillQue                
                             ry.common.kdsvc "HTTP/1.1 200 OK"                  
[18/46] L3-03 (L3) — 10 fields / 12 tool calls: ['kingdee_list_cached_schemas', 'kingdee_search_forms_online', 'kingdee_search_forms_online', 'kingdee_get_schema', 'kingdee_get_schema', 'kingdee_query_bills', 'kingdee_query_bills', 'kingdee_query_bills', 'kingdee_query_bills', 'kingdee_query_bills', 'kingdee_query_bills', 'kingdee_query_bills']
[04/16/26 06:01:10] INFO     Processing request of type            server.py:727
                             CallToolRequest                                    
[04/16/26 06:01:13] INFO     Processing request of type            server.py:727
                             CallToolRequest                                    
[04/16/26 06:01:16] INFO     Processing request of type            server.py:727
                             CallToolRequest                                    
[04/16/26 06:01:18] INFO     Processing request of type            server.py:727
                             CallToolRequest                                    
[04/16/26 06:01:22] INFO     Processing request of type            server.py:727
                             CallToolRequest                                    
                    INFO     HTTP Request: POST                  _client.py:1740
                             http://erp1.enpack.com.cn:13580/k3C                
                             loud/Kingdee.BOS.WebApi.ServicesStu                
                             b.DynamicFormService.ExecuteBillQue                
                             ry.common.kdsvc "HTTP/1.1 200 OK"                  
[04/16/26 06:01:26] INFO     Processing request of type            server.py:727
                             CallToolRequest                                    
                    INFO     HTTP Request: POST                  _client.py:1740
                             http://erp1.enpack.com.cn:13580/k3C                
                             loud/Kingdee.BOS.WebApi.ServicesStu                
                             b.DynamicFormService.ExecuteBillQue                
                             ry.common.kdsvc "HTTP/1.1 200 OK"                  
[04/16/26 06:01:29] INFO     Processing request of type            server.py:727
                             CallToolRequest                                    
                    INFO     HTTP Request: POST                  _client.py:1740
                             http://erp1.enpack.com.cn:13580/k3C                
                             loud/Kingdee.BOS.WebApi.ServicesStu                
                             b.DynamicFormService.ExecuteBillQue                
                             ry.common.kdsvc "HTTP/1.1 200 OK"                  
[04/16/26 06:01:34] INFO     Processing request of type            server.py:727
                             CallToolRequest                                    
                    INFO     HTTP Request: POST                  _client.py:1740
                             http://erp1.enpack.com.cn:13580/k3C                
                             loud/Kingdee.BOS.WebApi.ServicesStu                
                             b.DynamicFormService.ExecuteBillQue                
                             ry.common.kdsvc "HTTP/1.1 200 OK"                  
[04/16/26 06:01:39] INFO     Processing request of type            server.py:727
                             CallToolRequest                                    
                    INFO     HTTP Request: POST                  _client.py:1740
                             http://erp1.enpack.com.cn:13580/k3C                
                             loud/Kingdee.BOS.WebApi.ServicesStu                
                             b.DynamicFormService.ExecuteBillQue                
                             ry.common.kdsvc "HTTP/1.1 200 OK"                  
[04/16/26 06:01:44] INFO     Processing request of type            server.py:727
                             CallToolRequest                                    
                    INFO     HTTP Request: POST                  _client.py:1740
                             http://erp1.enpack.com.cn:13580/k3C                
                             loud/Kingdee.BOS.WebApi.ServicesStu                
                             b.DynamicFormService.ExecuteBillQue                
                             ry.common.kdsvc "HTTP/1.1 200 OK"                  
[04/16/26 06:01:50] INFO     Processing request of type            server.py:727
                             CallToolRequest                                    
                    INFO     HTTP Request: POST                  _client.py:1740
                             http://erp1.enpack.com.cn:13580/k3C                
                             loud/Kingdee.BOS.WebApi.ServicesStu                
                             b.DynamicFormService.ExecuteBillQue                
                             ry.common.kdsvc "HTTP/1.1 200 OK"                  
[19/46] L3-04 (L3) — 13 fields / 11 tool calls: ['kingdee_list_cached_schemas', 'kingdee_get_schema', 'kingdee_get_schema', 'kingdee_get_relations', 'kingdee_query_bills', 'kingdee_query_materials', 'kingdee_query_inventory', 'kingdee_query_bills', 'kingdee_query_inventory', 'kingdee_query_bills', 'kingdee_query_inventory']
[04/16/26 06:02:01] INFO     Processing request of type            server.py:727
                             CallToolRequest                                    
[04/16/26 06:02:05] INFO     Processing request of type            server.py:727
                             CallToolRequest                                    
[04/16/26 06:02:07] INFO     Processing request of type            server.py:727
                             CallToolRequest                                    
[04/16/26 06:02:09] INFO     Processing request of type            server.py:727
                             CallToolRequest                                    
[04/16/26 06:02:12] INFO     Processing request of type            server.py:727
                             CallToolRequest                                    
                    INFO     HTTP Request: POST                  _client.py:1740
                             http://erp1.enpack.com.cn:13580/k3C                
                             loud/Kingdee.BOS.WebApi.ServicesStu                
                             b.DynamicFormService.ExecuteBillQue                
                             ry.common.kdsvc "HTTP/1.1 200 OK"                  
[04/16/26 06:02:16] INFO     Processing request of type            server.py:727
                             CallToolRequest                                    
                    INFO     HTTP Request: POST                  _client.py:1740
                             http://erp1.enpack.com.cn:13580/k3C                
                             loud/Kingdee.BOS.WebApi.ServicesStu                
                             b.DynamicFormService.ExecuteBillQue                
                             ry.common.kdsvc "HTTP/1.1 200 OK"                  
[04/16/26 06:02:23] INFO     Processing request of type            server.py:727
                             CallToolRequest                                    
                    INFO     HTTP Request: POST                  _client.py:1740
                             http://erp1.enpack.com.cn:13580/k3C                
                             loud/Kingdee.BOS.WebApi.ServicesStu                
                             b.DynamicFormService.ExecuteBillQue                
                             ry.common.kdsvc "HTTP/1.1 200 OK"                  
[04/16/26 06:02:34] INFO     Processing request of type            server.py:727
                             CallToolRequest                                    
                    INFO     HTTP Request: POST                  _client.py:1740
                             http://erp1.enpack.com.cn:13580/k3C                
                             loud/Kingdee.BOS.WebApi.ServicesStu                
                             b.DynamicFormService.ExecuteBillQue                
                             ry.common.kdsvc "HTTP/1.1 200 OK"                  
[20/46] L3-05 (L3) — 6 fields / 8 tool calls: ['kingdee_list_cached_schemas', 'kingdee_get_schema', 'kingdee_get_schema', 'kingdee_get_schema', 'kingdee_query_inventory', 'kingdee_query_materials', 'kingdee_query_inventory', 'kingdee_query_materials']
[04/16/26 06:02:46] INFO     Processing request of type            server.py:727
                             CallToolRequest                                    
[04/16/26 06:02:49] INFO     Processing request of type            server.py:727
                             CallToolRequest                                    
[04/16/26 06:02:51] INFO     Processing request of type            server.py:727
                             CallToolRequest                                    
[04/16/26 06:02:53] INFO     Processing request of type            server.py:727
                             CallToolRequest                                    
[04/16/26 06:02:56] INFO     Processing request of type            server.py:727
                             CallToolRequest                                    
[04/16/26 06:03:01] INFO     Processing request of type            server.py:727
                             CallToolRequest                                    
[04/16/26 06:03:02] INFO     HTTP Request: POST                  _client.py:1740
                             http://erp1.enpack.com.cn:13580/k3C                
                             loud/Kingdee.BOS.WebApi.ServicesStu                
                             b.DynamicFormService.ExecuteBillQue                
                             ry.common.kdsvc "HTTP/1.1 200 OK"                  
[04/16/26 06:03:04] INFO     Processing request of type            server.py:727
                             CallToolRequest                                    
[04/16/26 06:03:07] INFO     Processing request of type            server.py:727
                             CallToolRequest                                    
                    INFO     HTTP Request: POST                  _client.py:1740
                             http://erp1.enpack.com.cn:13580/k3C                
                             loud/Kingdee.BOS.WebApi.ServicesStu                
                             b.DynamicFormService.ExecuteBillQue                
                             ry.common.kdsvc "HTTP/1.1 200 OK"                  
[04/16/26 06:03:10] INFO     Processing request of type            server.py:727
                             CallToolRequest                                    
                    INFO     HTTP Request: POST                  _client.py:1740
                             http://erp1.enpack.com.cn:13580/k3C                
                             loud/Kingdee.BOS.WebApi.ServicesStu                
                             b.DynamicFormService.ExecuteBillQue                
                             ry.common.kdsvc "HTTP/1.1 200 OK"                  
[04/16/26 06:03:14] INFO     Processing request of type            server.py:727
                             CallToolRequest                                    
                    INFO     HTTP Request: POST                  _client.py:1740
                             http://erp1.enpack.com.cn:13580/k3C                
                             loud/Kingdee.BOS.WebApi.ServicesStu                
                             b.DynamicFormService.ExecuteBillQue                
                             ry.common.kdsvc "HTTP/1.1 200 OK"                  
[04/16/26 06:03:17] INFO     Processing request of type            server.py:727
                             CallToolRequest                                    
                    INFO     HTTP Request: POST                  _client.py:1740
                             http://erp1.enpack.com.cn:13580/k3C                
                             loud/Kingdee.BOS.WebApi.ServicesStu                
                             b.DynamicFormService.ExecuteBillQue                
                             ry.common.kdsvc "HTTP/1.1 200 OK"                  
[04/16/26 06:03:20] INFO     Processing request of type            server.py:727
                             CallToolRequest                                    
                    INFO     HTTP Request: POST                  _client.py:1740
                             http://erp1.enpack.com.cn:13580/k3C                
                             loud/Kingdee.BOS.WebApi.ServicesStu                
                             b.DynamicFormService.ExecuteBillQue                
                             ry.common.kdsvc "HTTP/1.1 200 OK"                  
[21/46] L3-06 (L3) — 12 fields / 12 tool calls: ['kingdee_list_cached_schemas', 'kingdee_get_schema', 'kingdee_get_schema', 'kingdee_get_schema', 'kingdee_get_relations', 'kingdee_query_bills', 'kingdee_describe_form', 'kingdee_query_bills', 'kingdee_search_forms_online', 'kingdee_query_bills', 'kingdee_query_bills', 'kingdee_query_bills']
[04/16/26 06:03:29] INFO     Processing request of type            server.py:727
                             CallToolRequest                                    
[04/16/26 06:03:31] INFO     Processing request of type            server.py:727
                             CallToolRequest                                    
[04/16/26 06:03:34] INFO     Processing request of type            server.py:727
                             CallToolRequest                                    
[04/16/26 06:03:36] INFO     Processing request of type            server.py:727
                             CallToolRequest                                    
[04/16/26 06:03:39] INFO     Processing request of type            server.py:727
                             CallToolRequest                                    
[04/16/26 06:03:41] INFO     Processing request of type            server.py:727
                             CallToolRequest                                    
[04/16/26 06:03:45] INFO     Processing request of type            server.py:727
                             CallToolRequest                                    
                    INFO     HTTP Request: POST                  _client.py:1740
                             http://erp1.enpack.com.cn:13580/k3C                
                             loud/Kingdee.BOS.WebApi.ServicesStu                
                             b.DynamicFormService.ExecuteBillQue                
                             ry.common.kdsvc "HTTP/1.1 200 OK"                  
[04/16/26 06:03:49] INFO     Processing request of type            server.py:727
                             CallToolRequest                                    
                    INFO     HTTP Request: POST                  _client.py:1740
                             http://erp1.enpack.com.cn:13580/k3C                
                             loud/Kingdee.BOS.WebApi.ServicesStu                
                             b.DynamicFormService.ExecuteBillQue                
                             ry.common.kdsvc "HTTP/1.1 200 OK"                  
[04/16/26 06:03:56] INFO     Processing request of type            server.py:727
                             CallToolRequest                                    
                    INFO     HTTP Request: POST                  _client.py:1740
                             http://erp1.enpack.com.cn:13580/k3C                
                             loud/Kingdee.BOS.WebApi.ServicesStu                
                             b.DynamicFormService.ExecuteBillQue                
                             ry.common.kdsvc "HTTP/1.1 200 OK"                  
[22/46] L4-01 (L4) — 7 fields / 9 tool calls: ['kingdee_get_schema', 'kingdee_list_cached_schemas', 'kingdee_get_schema', 'kingdee_get_schema', 'kingdee_get_schema', 'kingdee_get_relations', 'kingdee_query_bills', 'kingdee_query_bills', 'kingdee_query_bills']
[04/16/26 06:04:05] INFO     Processing request of type            server.py:727
                             CallToolRequest                                    
[04/16/26 06:04:07] INFO     Processing request of type            server.py:727
                             CallToolRequest                                    
[04/16/26 06:04:09] INFO     Processing request of type            server.py:727
                             CallToolRequest                                    
[04/16/26 06:04:11] INFO     Processing request of type            server.py:727
                             CallToolRequest                                    
[04/16/26 06:04:14] INFO     Processing request of type            server.py:727
                             CallToolRequest                                    
                    INFO     HTTP Request: POST                  _client.py:1740
                             http://erp1.enpack.com.cn:13580/k3C                
                             loud/Kingdee.BOS.WebApi.ServicesStu                
                             b.DynamicFormService.ExecuteBillQue                
                             ry.common.kdsvc "HTTP/1.1 200 OK"                  
[04/16/26 06:04:18] INFO     Processing request of type            server.py:727
                             CallToolRequest                                    
                    INFO     HTTP Request: POST                  _client.py:1740
                             http://erp1.enpack.com.cn:13580/k3C                
                             loud/Kingdee.BOS.WebApi.ServicesStu                
                             b.DynamicFormService.ExecuteBillQue                
                             ry.common.kdsvc "HTTP/1.1 200 OK"                  
[04/16/26 06:04:20] INFO     Processing request of type            server.py:727
                             CallToolRequest                                    
                    INFO     HTTP Request: POST                  _client.py:1740
                             http://erp1.enpack.com.cn:13580/k3C                
                             loud/Kingdee.BOS.WebApi.ServicesStu                
                             b.DynamicFormService.ExecuteBillQue                
                             ry.common.kdsvc "HTTP/1.1 200 OK"                  
[04/16/26 06:04:23] INFO     Processing request of type            server.py:727
                             CallToolRequest                                    
                    INFO     HTTP Request: POST                  _client.py:1740
                             http://erp1.enpack.com.cn:13580/k3C                
                             loud/Kingdee.BOS.WebApi.ServicesStu                
                             b.DynamicFormService.ExecuteBillQue                
                             ry.common.kdsvc "HTTP/1.1 200 OK"                  
[04/16/26 06:04:26] INFO     Processing request of type            server.py:727
                             CallToolRequest                                    
                    INFO     HTTP Request: POST                  _client.py:1740
                             http://erp1.enpack.com.cn:13580/k3C                
                             loud/Kingdee.BOS.WebApi.ServicesStu                
                             b.DynamicFormService.ExecuteBillQue                
                             ry.common.kdsvc "HTTP/1.1 200 OK"                  
[04/16/26 06:04:29] INFO     Processing request of type            server.py:727
                             CallToolRequest                                    
[04/16/26 06:04:33] INFO     Processing request of type            server.py:727
                             CallToolRequest                                    
                    INFO     HTTP Request: POST                  _client.py:1740
                             http://erp1.enpack.com.cn:13580/k3C                
                             loud/Kingdee.BOS.WebApi.ServicesStu                
                             b.DynamicFormService.ExecuteBillQue                
                             ry.common.kdsvc "HTTP/1.1 200 OK"                  
[04/16/26 06:04:37] INFO     Processing request of type            server.py:727
                             CallToolRequest                                    
                    INFO     HTTP Request: POST                  _client.py:1740
                             http://erp1.enpack.com.cn:13580/k3C                
                             loud/Kingdee.BOS.WebApi.ServicesStu                
                             b.DynamicFormService.ExecuteBillQue                
                             ry.common.kdsvc "HTTP/1.1 200 OK"                  
[23/46] L4-02 (L4) — 11 fields / 12 tool calls: ['kingdee_get_schema', 'kingdee_get_schema', 'kingdee_list_cached_schemas', 'kingdee_get_schema', 'kingdee_query_materials', 'kingdee_query_bills', 'kingdee_query_bills', 'kingdee_search_forms_online', 'kingdee_search_forms_online', 'kingdee_describe_form', 'kingdee_query_materials', 'kingdee_search_forms_online']
[04/16/26 06:04:45] INFO     Processing request of type            server.py:727
                             CallToolRequest                                    
[04/16/26 06:04:48] INFO     Processing request of type            server.py:727
                             CallToolRequest                                    
[04/16/26 06:04:50] INFO     Processing request of type            server.py:727
                             CallToolRequest                                    
[04/16/26 06:04:53] INFO     Processing request of type            server.py:727
                             CallToolRequest                                    
[04/16/26 06:04:55] INFO     Processing request of type            server.py:727
                             CallToolRequest                                    
[04/16/26 06:04:57] INFO     Processing request of type            server.py:727
                             CallToolRequest                                    
[04/16/26 06:05:01] INFO     Processing request of type            server.py:727
                             CallToolRequest                                    
[04/16/26 06:05:04] INFO     Processing request of type            server.py:727
                             CallToolRequest                                    
[04/16/26 06:05:07] INFO     Processing request of type            server.py:727
                             CallToolRequest                                    
                    INFO     HTTP Request: POST                  _client.py:1740
                             http://erp1.enpack.com.cn:13580/k3C                
                             loud/Kingdee.BOS.WebApi.ServicesStu                
                             b.DynamicFormService.ExecuteBillQue                
                             ry.common.kdsvc "HTTP/1.1 200 OK"                  
[04/16/26 06:05:10] INFO     Processing request of type            server.py:727
                             CallToolRequest                                    
[04/16/26 06:05:12] INFO     Processing request of type            server.py:727
                             CallToolRequest                                    
                    INFO     HTTP Request: POST                  _client.py:1740
                             http://erp1.enpack.com.cn:13580/k3C                
                             loud/Kingdee.BOS.WebApi.ServicesStu                
                             b.DynamicFormService.QueryBusinessI                
                             nfo.common.kdsvc "HTTP/1.1 200 OK"                 
[04/16/26 06:05:15] INFO     Processing request of type            server.py:727
                             CallToolRequest                                    
                    INFO     HTTP Request: POST                  _client.py:1740
                             http://erp1.enpack.com.cn:13580/k3C                
                             loud/Kingdee.BOS.WebApi.ServicesStu                
                             b.DynamicFormService.ExecuteBillQue                
                             ry.common.kdsvc "HTTP/1.1 200 OK"                  
[24/46] L4-03 (L4) — 19 fields / 12 tool calls: ['kingdee_list_cached_schemas', 'kingdee_search_forms_online', 'kingdee_search_forms_online', 'kingdee_search_forms_online', 'kingdee_get_schema', 'kingdee_get_schema', 'kingdee_query_bills', 'kingdee_query_bills', 'kingdee_query_bills', 'kingdee_describe_form', 'kingdee_describe_form', 'kingdee_search_forms_online']
[04/16/26 06:05:24] INFO     Processing request of type            server.py:727
                             CallToolRequest                                    
[04/16/26 06:05:27] INFO     Processing request of type            server.py:727
                             CallToolRequest                                    
[04/16/26 06:05:29] INFO     Processing request of type            server.py:727
                             CallToolRequest                                    
[04/16/26 06:05:33] INFO     Processing request of type            server.py:727
                             CallToolRequest                                    
                    INFO     HTTP Request: POST                  _client.py:1740
                             http://erp1.enpack.com.cn:13580/k3C                
                             loud/Kingdee.BOS.WebApi.ServicesStu                
                             b.DynamicFormService.ExecuteBillQue                
                             ry.common.kdsvc "HTTP/1.1 200 OK"                  
[04/16/26 06:05:37] INFO     Processing request of type            server.py:727
                             CallToolRequest                                    
                    INFO     HTTP Request: POST                  _client.py:1740
                             http://erp1.enpack.com.cn:13580/k3C                
                             loud/Kingdee.BOS.WebApi.ServicesStu                
                             b.DynamicFormService.ExecuteBillQue                
                             ry.common.kdsvc "HTTP/1.1 200 OK"                  
[04/16/26 06:05:40] INFO     Processing request of type            server.py:727
                             CallToolRequest                                    
                    INFO     HTTP Request: POST                  _client.py:1740
                             http://erp1.enpack.com.cn:13580/k3C                
                             loud/Kingdee.BOS.WebApi.ServicesStu                
                             b.DynamicFormService.ExecuteBillQue                
                             ry.common.kdsvc "HTTP/1.1 200 OK"                  
[04/16/26 06:05:43] INFO     Processing request of type            server.py:727
                             CallToolRequest                                    
                    INFO     HTTP Request: POST                  _client.py:1740
                             http://erp1.enpack.com.cn:13580/k3C                
                             loud/Kingdee.BOS.WebApi.ServicesStu                
                             b.DynamicFormService.ExecuteBillQue                
                             ry.common.kdsvc "HTTP/1.1 200 OK"                  
[04/16/26 06:05:46] INFO     Processing request of type            server.py:727
                             CallToolRequest                                    
                    INFO     HTTP Request: POST                  _client.py:1740
                             http://erp1.enpack.com.cn:13580/k3C                
                             loud/Kingdee.BOS.WebApi.ServicesStu                
                             b.DynamicFormService.ExecuteBillQue                
                             ry.common.kdsvc "HTTP/1.1 200 OK"                  
[04/16/26 06:05:50] INFO     Processing request of type            server.py:727
                             CallToolRequest                                    
                    INFO     HTTP Request: POST                  _client.py:1740
                             http://erp1.enpack.com.cn:13580/k3C                
                             loud/Kingdee.BOS.WebApi.ServicesStu                
                             b.DynamicFormService.ExecuteBillQue                
                             ry.common.kdsvc "HTTP/1.1 200 OK"                  
[04/16/26 06:05:54] INFO     Processing request of type            server.py:727
                             CallToolRequest                                    
                    INFO     HTTP Request: POST                  _client.py:1740
                             http://erp1.enpack.com.cn:13580/k3C                
                             loud/Kingdee.BOS.WebApi.ServicesStu                
                             b.DynamicFormService.ExecuteBillQue                
                             ry.common.kdsvc "HTTP/1.1 200 OK"                  
[04/16/26 06:05:57] INFO     Processing request of type            server.py:727
                             CallToolRequest                                    
                    INFO     HTTP Request: POST                  _client.py:1740
                             http://erp1.enpack.com.cn:13580/k3C                
                             loud/Kingdee.BOS.WebApi.ServicesStu                
                             b.DynamicFormService.ExecuteBillQue                
                             ry.common.kdsvc "HTTP/1.1 200 OK"                  
[04/16/26 06:06:02] INFO     Processing request of type            server.py:727
                             CallToolRequest                                    
                    INFO     HTTP Request: POST                  _client.py:1740
                             http://erp1.enpack.com.cn:13580/k3C                
                             loud/Kingdee.BOS.WebApi.ServicesStu                
                             b.DynamicFormService.ExecuteBillQue                
                             ry.common.kdsvc "HTTP/1.1 200 OK"                  
[25/46] L4-04 (L4) — 13 fields / 12 tool calls: ['kingdee_list_cached_schemas', 'kingdee_get_schema', 'kingdee_get_schema', 'kingdee_query_bills', 'kingdee_query_bills', 'kingdee_query_bills', 'kingdee_search_forms_online', 'kingdee_query_bills', 'kingdee_query_bills', 'kingdee_query_bills', 'kingdee_query_bills', 'kingdee_query_bills']
[04/16/26 06:06:11] INFO     Processing request of type            server.py:727
                             CallToolRequest                                    
[04/16/26 06:06:13] INFO     Processing request of type            server.py:727
                             CallToolRequest                                    
[04/16/26 06:06:16] INFO     Processing request of type            server.py:727
                             CallToolRequest                                    
[04/16/26 06:06:19] INFO     Processing request of type            server.py:727
                             CallToolRequest                                    
[04/16/26 06:06:21] INFO     Processing request of type            server.py:727
                             CallToolRequest                                    
[04/16/26 06:06:31] INFO     Processing request of type            server.py:727
                             CallToolRequest                                    
                    INFO     HTTP Request: POST                  _client.py:1740
                             http://erp1.enpack.com.cn:13580/k3C                
                             loud/Kingdee.BOS.WebApi.ServicesStu                
                             b.DynamicFormService.ExecuteBillQue                
                             ry.common.kdsvc "HTTP/1.1 200 OK"                  
[04/16/26 06:06:40] INFO     Processing request of type            server.py:727
                             CallToolRequest                                    
[04/16/26 06:06:41] INFO     HTTP Request: POST                  _client.py:1740
                             http://erp1.enpack.com.cn:13580/k3C                
                             loud/Kingdee.BOS.WebApi.ServicesStu                
                             b.DynamicFormService.ExecuteBillQue                
                             ry.common.kdsvc "HTTP/1.1 200 OK"                  
[04/16/26 06:06:49] INFO     Processing request of type            server.py:727
                             CallToolRequest                                    
[04/16/26 06:06:50] INFO     HTTP Request: POST                  _client.py:1740
                             http://erp1.enpack.com.cn:13580/k3C                
                             loud/Kingdee.BOS.WebApi.ServicesStu                
                             b.DynamicFormService.ExecuteBillQue                
                             ry.common.kdsvc "HTTP/1.1 200 OK"                  
[04/16/26 06:07:00] INFO     Processing request of type            server.py:727
                             CallToolRequest                                    
                    INFO     HTTP Request: POST                  _client.py:1740
                             http://erp1.enpack.com.cn:13580/k3C                
                             loud/Kingdee.BOS.WebApi.ServicesStu                
                             b.DynamicFormService.ExecuteBillQue                
                             ry.common.kdsvc "HTTP/1.1 200 OK"                  
[04/16/26 06:07:11] INFO     Processing request of type            server.py:727
                             CallToolRequest                                    
[04/16/26 06:07:16] INFO     HTTP Request: POST                  _client.py:1740
                             http://erp1.enpack.com.cn:13580/k3C                
                             loud/Kingdee.BOS.WebApi.ServicesStu                
                             b.DynamicFormService.ExecuteBillQue                
                             ry.common.kdsvc "HTTP/1.1 200 OK"                  
[04/16/26 06:07:26] INFO     Processing request of type            server.py:727
                             CallToolRequest                                    
                    INFO     HTTP Request: POST                  _client.py:1740
                             http://erp1.enpack.com.cn:13580/k3C                
                             loud/Kingdee.BOS.WebApi.ServicesStu                
                             b.DynamicFormService.ExecuteBillQue                
                             ry.common.kdsvc "HTTP/1.1 200 OK"                  
[04/16/26 06:07:31] INFO     Processing request of type            server.py:727
                             CallToolRequest                                    
                    INFO     HTTP Request: POST                  _client.py:1740
                             http://erp1.enpack.com.cn:13580/k3C                
                             loud/Kingdee.BOS.WebApi.ServicesStu                
                             b.DynamicFormService.ExecuteBillQue                
                             ry.common.kdsvc "HTTP/1.1 200 OK"                  
[26/46] L4-05 (L4) — 9 fields / 12 tool calls: ['kingdee_get_schema', 'kingdee_get_schema', 'kingdee_list_cached_schemas', 'kingdee_get_schema', 'kingdee_get_schema', 'kingdee_query_bills', 'kingdee_query_bills', 'kingdee_query_bills', 'kingdee_query_bills', 'kingdee_query_bills', 'kingdee_query_bills', 'kingdee_query_bills']
[04/16/26 06:07:38] INFO     Processing request of type            server.py:727
                             CallToolRequest                                    
[04/16/26 06:07:40] INFO     Processing request of type            server.py:727
                             CallToolRequest                                    
[04/16/26 06:07:42] INFO     Processing request of type            server.py:727
                             CallToolRequest                                    
[04/16/26 06:07:45] INFO     Processing request of type            server.py:727
                             CallToolRequest                                    
[04/16/26 06:07:47] INFO     Processing request of type            server.py:727
                             CallToolRequest                                    
[04/16/26 06:07:50] INFO     Processing request of type            server.py:727
                             CallToolRequest                                    
[04/16/26 06:07:52] INFO     Processing request of type            server.py:727
                             CallToolRequest                                    
[04/16/26 06:07:53] INFO     HTTP Request: POST                  _client.py:1740
                             http://erp1.enpack.com.cn:13580/k3C                
                             loud/Kingdee.BOS.WebApi.ServicesStu                
                             b.DynamicFormService.ExecuteBillQue                
                             ry.common.kdsvc "HTTP/1.1 200 OK"                  
[04/16/26 06:07:55] INFO     Processing request of type            server.py:727
                             CallToolRequest                                    
                    INFO     HTTP Request: POST                  _client.py:1740
                             http://erp1.enpack.com.cn:13580/k3C                
                             loud/Kingdee.BOS.WebApi.ServicesStu                
                             b.DynamicFormService.ExecuteBillQue                
                             ry.common.kdsvc "HTTP/1.1 200 OK"                  
[04/16/26 06:07:58] INFO     Processing request of type            server.py:727
                             CallToolRequest                                    
                    INFO     HTTP Request: POST                  _client.py:1740
                             http://erp1.enpack.com.cn:13580/k3C                
                             loud/Kingdee.BOS.WebApi.ServicesStu                
                             b.DynamicFormService.ExecuteBillQue                
                             ry.common.kdsvc "HTTP/1.1 200 OK"                  
[04/16/26 06:08:00] INFO     Processing request of type            server.py:727
                             CallToolRequest                                    
                    INFO     HTTP Request: POST                  _client.py:1740
                             http://erp1.enpack.com.cn:13580/k3C                
                             loud/Kingdee.BOS.WebApi.ServicesStu                
                             b.DynamicFormService.ExecuteBillQue                
                             ry.common.kdsvc "HTTP/1.1 200 OK"                  
[04/16/26 06:08:03] INFO     Processing request of type            server.py:727
                             CallToolRequest                                    
[04/16/26 06:08:05] INFO     Processing request of type            server.py:727
                             CallToolRequest                                    
                    INFO     HTTP Request: POST                  _client.py:1740
                             http://erp1.enpack.com.cn:13580/k3C                
                             loud/Kingdee.BOS.WebApi.ServicesStu                
                             b.DynamicFormService.QueryBusinessI                
                             nfo.common.kdsvc "HTTP/1.1 200 OK"                 
[27/46] L5-01 (L5) — 9 fields / 12 tool calls: ['kingdee_get_schema', 'kingdee_get_schema', 'kingdee_list_cached_schemas', 'kingdee_get_schema', 'kingdee_get_schema', 'kingdee_describe_form', 'kingdee_query_bills', 'kingdee_search_forms_online', 'kingdee_query_bills', 'kingdee_query_materials', 'kingdee_describe_form', 'kingdee_describe_form']
[04/16/26 06:08:14] INFO     Processing request of type            server.py:727
                             CallToolRequest                                    
[04/16/26 06:08:16] INFO     Processing request of type            server.py:727
                             CallToolRequest                                    
[04/16/26 06:08:17] INFO     Processing request of type            server.py:727
                             CallToolRequest                                    
[04/16/26 06:08:20] INFO     Processing request of type            server.py:727
                             CallToolRequest                                    
[04/16/26 06:08:23] INFO     Processing request of type            server.py:727
                             CallToolRequest                                    
[04/16/26 06:08:25] INFO     Processing request of type            server.py:727
                             CallToolRequest                                    
[04/16/26 06:08:28] INFO     Processing request of type            server.py:727
                             CallToolRequest                                    
[04/16/26 06:08:30] INFO     Processing request of type            server.py:727
                             CallToolRequest                                    
[04/16/26 06:08:34] INFO     Processing request of type            server.py:727
                             CallToolRequest                                    
[04/16/26 06:08:37] INFO     Processing request of type            server.py:727
                             CallToolRequest                                    
[04/16/26 06:08:40] INFO     Processing request of type            server.py:727
                             CallToolRequest                                    
[04/16/26 06:08:43] INFO     Processing request of type            server.py:727
                             CallToolRequest                                    
[28/46] L5-02 (L5) — 21 fields / 12 tool calls: ['kingdee_get_schema', 'kingdee_get_schema', 'kingdee_list_cached_schemas', 'kingdee_get_schema', 'kingdee_get_schema', 'kingdee_describe_form', 'kingdee_query_materials', 'kingdee_query_materials', 'kingdee_query_bills', 'kingdee_query_bills', 'kingdee_search_forms_online', 'kingdee_query_materials']
[04/16/26 06:08:51] INFO     Processing request of type            server.py:727
                             CallToolRequest                                    
[04/16/26 06:08:54] INFO     Processing request of type            server.py:727
                             CallToolRequest                                    
[04/16/26 06:08:56] INFO     Processing request of type            server.py:727
                             CallToolRequest                                    
[04/16/26 06:08:59] INFO     Processing request of type            server.py:727
                             CallToolRequest                                    
                    INFO     HTTP Request: POST                  _client.py:1740
                             http://erp1.enpack.com.cn:13580/k3C                
                             loud/Kingdee.BOS.WebApi.ServicesStu                
                             b.DynamicFormService.ExecuteBillQue                
                             ry.common.kdsvc "HTTP/1.1 200 OK"                  
[04/16/26 06:09:02] INFO     Processing request of type            server.py:727
                             CallToolRequest                                    
[04/16/26 06:09:04] INFO     Processing request of type            server.py:727
                             CallToolRequest                                    
                    INFO     HTTP Request: POST                  _client.py:1740
                             http://erp1.enpack.com.cn:13580/k3C                
                             loud/Kingdee.BOS.WebApi.ServicesStu                
                             b.DynamicFormService.QueryBusinessI                
                             nfo.common.kdsvc "HTTP/1.1 200 OK"                 
[04/16/26 06:09:10] INFO     Processing request of type            server.py:727
                             CallToolRequest                                    
                    INFO     HTTP Request: POST                  _client.py:1740
                             http://erp1.enpack.com.cn:13580/k3C                
                             loud/Kingdee.BOS.WebApi.ServicesStu                
                             b.DynamicFormService.ExecuteBillQue                
                             ry.common.kdsvc "HTTP/1.1 200 OK"                  
[04/16/26 06:09:13] INFO     Processing request of type            server.py:727
                             CallToolRequest                                    
                    INFO     HTTP Request: POST                  _client.py:1740
                             http://erp1.enpack.com.cn:13580/k3C                
                             loud/Kingdee.BOS.WebApi.ServicesStu                
                             b.DynamicFormService.ExecuteBillQue                
                             ry.common.kdsvc "HTTP/1.1 200 OK"                  
[04/16/26 06:09:17] INFO     Processing request of type            server.py:727
                             CallToolRequest                                    
                    INFO     HTTP Request: POST                  _client.py:1740
                             http://erp1.enpack.com.cn:13580/k3C                
                             loud/Kingdee.BOS.WebApi.ServicesStu                
                             b.DynamicFormService.ExecuteBillQue                
                             ry.common.kdsvc "HTTP/1.1 200 OK"                  
[04/16/26 06:09:22] INFO     Processing request of type            server.py:727
                             CallToolRequest                                    
                    INFO     HTTP Request: POST                  _client.py:1740
                             http://erp1.enpack.com.cn:13580/k3C                
                             loud/Kingdee.BOS.WebApi.ServicesStu                
                             b.DynamicFormService.ExecuteBillQue                
                             ry.common.kdsvc "HTTP/1.1 200 OK"                  
[04/16/26 06:09:25] INFO     Processing request of type            server.py:727
                             CallToolRequest                                    
                    INFO     HTTP Request: POST                  _client.py:1740
                             http://erp1.enpack.com.cn:13580/k3C                
                             loud/Kingdee.BOS.WebApi.ServicesStu                
                             b.DynamicFormService.QueryBusinessI                
                             nfo.common.kdsvc "HTTP/1.1 200 OK"                 
[04/16/26 06:09:32] INFO     Processing request of type            server.py:727
                             CallToolRequest                                    
                    INFO     HTTP Request: POST                  _client.py:1740
                             http://erp1.enpack.com.cn:13580/k3C                
                             loud/Kingdee.BOS.WebApi.ServicesStu                
                             b.DynamicFormService.ExecuteBillQue                
                             ry.common.kdsvc "HTTP/1.1 200 OK"                  
[29/46] L5-03 (L5) — 9 fields / 12 tool calls: ['kingdee_list_cached_schemas', 'kingdee_get_schema', 'kingdee_get_schema', 'kingdee_query_bills', 'kingdee_describe_form', 'kingdee_describe_form', 'kingdee_query_bills', 'kingdee_search_forms_online', 'kingdee_query_bills', 'kingdee_query_bills', 'kingdee_describe_form', 'kingdee_query_bills']
[04/16/26 06:09:41] INFO     Processing request of type            server.py:727
                             CallToolRequest                                    
[04/16/26 06:09:43] INFO     Processing request of type            server.py:727
                             CallToolRequest                                    
[04/16/26 06:09:45] INFO     Processing request of type            server.py:727
                             CallToolRequest                                    
[04/16/26 06:09:48] INFO     Processing request of type            server.py:727
                             CallToolRequest                                    
[04/16/26 06:09:52] INFO     Processing request of type            server.py:727
                             CallToolRequest                                    
                    INFO     HTTP Request: POST                  _client.py:1740
                             http://erp1.enpack.com.cn:13580/k3C                
                             loud/Kingdee.BOS.WebApi.ServicesStu                
                             b.DynamicFormService.ExecuteBillQue                
                             ry.common.kdsvc "HTTP/1.1 200 OK"                  
[04/16/26 06:09:55] INFO     Processing request of type            server.py:727
                             CallToolRequest                                    
                    INFO     HTTP Request: POST                  _client.py:1740
                             http://erp1.enpack.com.cn:13580/k3C                
                             loud/Kingdee.BOS.WebApi.ServicesStu                
                             b.DynamicFormService.ExecuteBillQue                
                             ry.common.kdsvc "HTTP/1.1 200 OK"                  
[04/16/26 06:09:58] INFO     Processing request of type            server.py:727
                             CallToolRequest                                    
                    INFO     HTTP Request: POST                  _client.py:1740
                             http://erp1.enpack.com.cn:13580/k3C                
                             loud/Kingdee.BOS.WebApi.ServicesStu                
                             b.DynamicFormService.ExecuteBillQue                
                             ry.common.kdsvc "HTTP/1.1 200 OK"                  
[04/16/26 06:10:01] INFO     Processing request of type            server.py:727
                             CallToolRequest                                    
                    INFO     HTTP Request: POST                  _client.py:1740
                             http://erp1.enpack.com.cn:13580/k3C                
                             loud/Kingdee.BOS.WebApi.ServicesStu                
                             b.DynamicFormService.ExecuteBillQue                
                             ry.common.kdsvc "HTTP/1.1 200 OK"                  
[04/16/26 06:10:05] INFO     Processing request of type            server.py:727
                             CallToolRequest                                    
                    INFO     HTTP Request: POST                  _client.py:1740
                             http://erp1.enpack.com.cn:13580/k3C                
                             loud/Kingdee.BOS.WebApi.ServicesStu                
                             b.DynamicFormService.ExecuteBillQue                
                             ry.common.kdsvc "HTTP/1.1 200 OK"                  
[04/16/26 06:10:08] INFO     Processing request of type            server.py:727
                             CallToolRequest                                    
                    INFO     HTTP Request: POST                  _client.py:1740
                             http://erp1.enpack.com.cn:13580/k3C                
                             loud/Kingdee.BOS.WebApi.ServicesStu                
                             b.DynamicFormService.ExecuteBillQue                
                             ry.common.kdsvc "HTTP/1.1 200 OK"                  
[04/16/26 06:10:12] INFO     Processing request of type            server.py:727
                             CallToolRequest                                    
                    INFO     HTTP Request: POST                  _client.py:1740
                             http://erp1.enpack.com.cn:13580/k3C                
                             loud/Kingdee.BOS.WebApi.ServicesStu                
                             b.DynamicFormService.ExecuteBillQue                
                             ry.common.kdsvc "HTTP/1.1 200 OK"                  
[04/16/26 06:10:14] INFO     Processing request of type            server.py:727
                             CallToolRequest                                    
                    INFO     HTTP Request: POST                  _client.py:1740
                             http://erp1.enpack.com.cn:13580/k3C                
                             loud/Kingdee.BOS.WebApi.ServicesStu                
                             b.DynamicFormService.ExecuteBillQue                
                             ry.common.kdsvc "HTTP/1.1 200 OK"                  
[30/46] L6-01 (L6) — 8 fields / 12 tool calls: ['kingdee_get_schema', 'kingdee_get_schema', 'kingdee_list_cached_schemas', 'kingdee_get_schema', 'kingdee_query_bills', 'kingdee_query_bills', 'kingdee_query_bills', 'kingdee_query_bills', 'kingdee_query_bills', 'kingdee_query_bills', 'kingdee_query_bills', 'kingdee_query_bills']
[04/16/26 06:10:21] INFO     Processing request of type            server.py:727
                             CallToolRequest                                    
[04/16/26 06:10:24] INFO     Processing request of type            server.py:727
                             CallToolRequest                                    
[04/16/26 06:10:27] INFO     Processing request of type            server.py:727
                             CallToolRequest                                    
[04/16/26 06:10:29] INFO     Processing request of type            server.py:727
                             CallToolRequest                                    
[04/16/26 06:10:33] INFO     Processing request of type            server.py:727
                             CallToolRequest                                    
                    INFO     HTTP Request: POST                  _client.py:1740
                             http://erp1.enpack.com.cn:13580/k3C                
                             loud/Kingdee.BOS.WebApi.ServicesStu                
                             b.DynamicFormService.ExecuteBillQue                
                             ry.common.kdsvc "HTTP/1.1 200 OK"                  
[04/16/26 06:10:36] INFO     Processing request of type            server.py:727
                             CallToolRequest                                    
                    INFO     HTTP Request: POST                  _client.py:1740
                             http://erp1.enpack.com.cn:13580/k3C                
                             loud/Kingdee.BOS.WebApi.ServicesStu                
                             b.DynamicFormService.ExecuteBillQue                
                             ry.common.kdsvc "HTTP/1.1 200 OK"                  
[04/16/26 06:10:39] INFO     Processing request of type            server.py:727
                             CallToolRequest                                    
                    INFO     HTTP Request: POST                  _client.py:1740
                             http://erp1.enpack.com.cn:13580/k3C                
                             loud/Kingdee.BOS.WebApi.ServicesStu                
                             b.DynamicFormService.ExecuteBillQue                
                             ry.common.kdsvc "HTTP/1.1 200 OK"                  
[04/16/26 06:10:42] INFO     Processing request of type            server.py:727
                             CallToolRequest                                    
                    INFO     HTTP Request: POST                  _client.py:1740
                             http://erp1.enpack.com.cn:13580/k3C                
                             loud/Kingdee.BOS.WebApi.ServicesStu                
                             b.DynamicFormService.ExecuteBillQue                
                             ry.common.kdsvc "HTTP/1.1 200 OK"                  
[04/16/26 06:10:47] INFO     Processing request of type            server.py:727
                             CallToolRequest                                    
                    INFO     HTTP Request: POST                  _client.py:1740
                             http://erp1.enpack.com.cn:13580/k3C                
                             loud/Kingdee.BOS.WebApi.ServicesStu                
                             b.DynamicFormService.ExecuteBillQue                
                             ry.common.kdsvc "HTTP/1.1 200 OK"                  
[04/16/26 06:10:49] INFO     Processing request of type            server.py:727
                             CallToolRequest                                    
                    INFO     HTTP Request: POST                  _client.py:1740
                             http://erp1.enpack.com.cn:13580/k3C                
                             loud/Kingdee.BOS.WebApi.ServicesStu                
                             b.DynamicFormService.ExecuteBillQue                
                             ry.common.kdsvc "HTTP/1.1 200 OK"                  
[04/16/26 06:10:52] INFO     Processing request of type            server.py:727
                             CallToolRequest                                    
                    INFO     HTTP Request: POST                  _client.py:1740
                             http://erp1.enpack.com.cn:13580/k3C                
                             loud/Kingdee.BOS.WebApi.ServicesStu                
                             b.DynamicFormService.ExecuteBillQue                
                             ry.common.kdsvc "HTTP/1.1 200 OK"                  
[04/16/26 06:10:56] INFO     Processing request of type            server.py:727
                             CallToolRequest                                    
[04/16/26 06:10:57] INFO     HTTP Request: POST                  _client.py:1740
                             http://erp1.enpack.com.cn:13580/k3C                
                             loud/Kingdee.BOS.WebApi.ServicesStu                
                             b.DynamicFormService.ExecuteBillQue                
                             ry.common.kdsvc "HTTP/1.1 200 OK"                  
[31/46] L6-02 (L6) — 12 fields / 12 tool calls: ['kingdee_list_cached_schemas', 'kingdee_get_schema', 'kingdee_get_schema', 'kingdee_get_relations', 'kingdee_query_bills', 'kingdee_search_forms_online', 'kingdee_search_forms_online', 'kingdee_query_bills', 'kingdee_query_bills', 'kingdee_query_materials', 'kingdee_query_bills', 'kingdee_query_bills']
[04/16/26 06:11:05] INFO     Processing request of type            server.py:727
                             CallToolRequest                                    
[04/16/26 06:11:09] INFO     Processing request of type            server.py:727
                             CallToolRequest                                    
[04/16/26 06:11:11] INFO     Processing request of type            server.py:727
                             CallToolRequest                                    
[04/16/26 06:11:13] INFO     Processing request of type            server.py:727
                             CallToolRequest                                    
[04/16/26 06:11:16] INFO     Processing request of type            server.py:727
                             CallToolRequest                                    
                    INFO     HTTP Request: POST                  _client.py:1740
                             http://erp1.enpack.com.cn:13580/k3C                
                             loud/Kingdee.BOS.WebApi.ServicesStu                
                             b.DynamicFormService.ExecuteBillQue                
                             ry.common.kdsvc "HTTP/1.1 200 OK"                  
[04/16/26 06:11:19] INFO     Processing request of type            server.py:727
                             CallToolRequest                                    
[04/16/26 06:11:21] INFO     Processing request of type            server.py:727
                             CallToolRequest                                    
                    INFO     HTTP Request: POST                  _client.py:1740
                             http://erp1.enpack.com.cn:13580/k3C                
                             loud/Kingdee.BOS.WebApi.ServicesStu                
                             b.DynamicFormService.ExecuteBillQue                
                             ry.common.kdsvc "HTTP/1.1 200 OK"                  
[04/16/26 06:11:24] INFO     Processing request of type            server.py:727
                             CallToolRequest                                    
                    INFO     HTTP Request: POST                  _client.py:1740
                             http://erp1.enpack.com.cn:13580/k3C                
                             loud/Kingdee.BOS.WebApi.ServicesStu                
                             b.DynamicFormService.ExecuteBillQue                
                             ry.common.kdsvc "HTTP/1.1 200 OK"                  
[04/16/26 06:11:26] INFO     Processing request of type            server.py:727
                             CallToolRequest                                    
[04/16/26 06:11:27] INFO     HTTP Request: POST                  _client.py:1740
                             http://erp1.enpack.com.cn:13580/k3C                
                             loud/Kingdee.BOS.WebApi.ServicesStu                
                             b.DynamicFormService.ExecuteBillQue                
                             ry.common.kdsvc "HTTP/1.1 200 OK"                  
[04/16/26 06:11:29] INFO     Processing request of type            server.py:727
                             CallToolRequest                                    
                    INFO     HTTP Request: POST                  _client.py:1740
                             http://erp1.enpack.com.cn:13580/k3C                
                             loud/Kingdee.BOS.WebApi.ServicesStu                
                             b.DynamicFormService.ExecuteBillQue                
                             ry.common.kdsvc "HTTP/1.1 200 OK"                  
[04/16/26 06:11:33] INFO     Processing request of type            server.py:727
                             CallToolRequest                                    
                    INFO     HTTP Request: POST                  _client.py:1740
                             http://erp1.enpack.com.cn:13580/k3C                
                             loud/Kingdee.BOS.WebApi.ServicesStu                
                             b.DynamicFormService.ExecuteBillQue                
                             ry.common.kdsvc "HTTP/1.1 200 OK"                  
[04/16/26 06:11:36] INFO     Processing request of type            server.py:727
                             CallToolRequest                                    
                    INFO     HTTP Request: POST                  _client.py:1740
                             http://erp1.enpack.com.cn:13580/k3C                
                             loud/Kingdee.BOS.WebApi.ServicesStu                
                             b.DynamicFormService.ExecuteBillQue                
                             ry.common.kdsvc "HTTP/1.1 200 OK"                  
[32/46] L6-03 (L6) — 9 fields / 12 tool calls: ['kingdee_list_cached_schemas', 'kingdee_get_schema', 'kingdee_get_schema', 'kingdee_get_schema', 'kingdee_query_inventory', 'kingdee_get_schema', 'kingdee_query_bills', 'kingdee_query_materials', 'kingdee_query_materials', 'kingdee_query_bills', 'kingdee_query_inventory', 'kingdee_query_inventory']
[04/16/26 06:11:45] INFO     Processing request of type            server.py:727
                             CallToolRequest                                    
[04/16/26 06:11:48] INFO     Processing request of type            server.py:727
                             CallToolRequest                                    
[04/16/26 06:11:50] INFO     Processing request of type            server.py:727
                             CallToolRequest                                    
[04/16/26 06:11:53] INFO     Processing request of type            server.py:727
                             CallToolRequest                                    
                    INFO     HTTP Request: POST                  _client.py:1740
                             http://erp1.enpack.com.cn:13580/k3C                
                             loud/Kingdee.BOS.WebApi.ServicesStu                
                             b.DynamicFormService.ExecuteBillQue                
                             ry.common.kdsvc "HTTP/1.1 200 OK"                  
[04/16/26 06:11:55] INFO     Processing request of type            server.py:727
                             CallToolRequest                                    
[04/16/26 06:11:58] INFO     Processing request of type            server.py:727
                             CallToolRequest                                    
[04/16/26 06:12:00] INFO     Processing request of type            server.py:727
                             CallToolRequest                                    
[04/16/26 06:12:03] INFO     Processing request of type            server.py:727
                             CallToolRequest                                    
                    INFO     HTTP Request: POST                  _client.py:1740
                             http://erp1.enpack.com.cn:13580/k3C                
                             loud/Kingdee.BOS.WebApi.ServicesStu                
                             b.DynamicFormService.ExecuteBillQue                
                             ry.common.kdsvc "HTTP/1.1 200 OK"                  
[04/16/26 06:12:07] INFO     Processing request of type            server.py:727
                             CallToolRequest                                    
                    INFO     HTTP Request: POST                  _client.py:1740
                             http://erp1.enpack.com.cn:13580/k3C                
                             loud/Kingdee.BOS.WebApi.ServicesStu                
                             b.DynamicFormService.ExecuteBillQue                
                             ry.common.kdsvc "HTTP/1.1 200 OK"                  
[04/16/26 06:12:10] INFO     Processing request of type            server.py:727
                             CallToolRequest                                    
                    INFO     HTTP Request: POST                  _client.py:1740
                             http://erp1.enpack.com.cn:13580/k3C                
                             loud/Kingdee.BOS.WebApi.ServicesStu                
                             b.DynamicFormService.ExecuteBillQue                
                             ry.common.kdsvc "HTTP/1.1 200 OK"                  
[04/16/26 06:12:13] INFO     Processing request of type            server.py:727
                             CallToolRequest                                    
                    INFO     HTTP Request: POST                  _client.py:1740
                             http://erp1.enpack.com.cn:13580/k3C                
                             loud/Kingdee.BOS.WebApi.ServicesStu                
                             b.DynamicFormService.ExecuteBillQue                
                             ry.common.kdsvc "HTTP/1.1 200 OK"                  
[04/16/26 06:12:17] INFO     Processing request of type            server.py:727
                             CallToolRequest                                    
                    INFO     HTTP Request: POST                  _client.py:1740
                             http://erp1.enpack.com.cn:13580/k3C                
                             loud/Kingdee.BOS.WebApi.ServicesStu                
                             b.DynamicFormService.ExecuteBillQue                
                             ry.common.kdsvc "HTTP/1.1 200 OK"                  
[33/46] L6-04 (L6) — 15 fields / 12 tool calls: ['kingdee_list_cached_schemas', 'kingdee_search_forms_online', 'kingdee_search_forms_online', 'kingdee_query_bills', 'kingdee_get_schema', 'kingdee_get_schema', 'kingdee_describe_form', 'kingdee_query_bills', 'kingdee_query_bills', 'kingdee_query_bills', 'kingdee_query_bills', 'kingdee_query_bills']
[04/16/26 06:12:24] INFO     Processing request of type            server.py:727
                             CallToolRequest                                    
[04/16/26 06:12:27] INFO     Processing request of type            server.py:727
                             CallToolRequest                                    
[04/16/26 06:12:29] INFO     Processing request of type            server.py:727
                             CallToolRequest                                    
[04/16/26 06:12:32] INFO     Processing request of type            server.py:727
                             CallToolRequest                                    
[04/16/26 06:12:37] INFO     Processing request of type            server.py:727
                             CallToolRequest                                    
                    INFO     HTTP Request: POST                  _client.py:1740
                             http://erp1.enpack.com.cn:13580/k3C                
                             loud/Kingdee.BOS.WebApi.ServicesStu                
                             b.DynamicFormService.ExecuteBillQue                
                             ry.common.kdsvc "HTTP/1.1 200 OK"                  
[04/16/26 06:12:40] INFO     Processing request of type            server.py:727
                             CallToolRequest                                    
                    INFO     HTTP Request: POST                  _client.py:1740
                             http://erp1.enpack.com.cn:13580/k3C                
                             loud/Kingdee.BOS.WebApi.ServicesStu                
                             b.DynamicFormService.ExecuteBillQue                
                             ry.common.kdsvc "HTTP/1.1 200 OK"                  
[04/16/26 06:12:43] INFO     Processing request of type            server.py:727
                             CallToolRequest                                    
                    INFO     HTTP Request: POST                  _client.py:1740
                             http://erp1.enpack.com.cn:13580/k3C                
                             loud/Kingdee.BOS.WebApi.ServicesStu                
                             b.DynamicFormService.ExecuteBillQue                
                             ry.common.kdsvc "HTTP/1.1 200 OK"                  
[04/16/26 06:12:46] INFO     Processing request of type            server.py:727
                             CallToolRequest                                    
                    INFO     HTTP Request: POST                  _client.py:1740
                             http://erp1.enpack.com.cn:13580/k3C                
                             loud/Kingdee.BOS.WebApi.ServicesStu                
                             b.DynamicFormService.ExecuteBillQue                
                             ry.common.kdsvc "HTTP/1.1 200 OK"                  
[04/16/26 06:12:49] INFO     Processing request of type            server.py:727
                             CallToolRequest                                    
[04/16/26 06:12:53] INFO     Processing request of type            server.py:727
                             CallToolRequest                                    
                    INFO     HTTP Request: POST                  _client.py:1740
                             http://erp1.enpack.com.cn:13580/k3C                
                             loud/Kingdee.BOS.WebApi.ServicesStu                
                             b.DynamicFormService.ExecuteBillQue                
                             ry.common.kdsvc "HTTP/1.1 200 OK"                  
[04/16/26 06:12:56] INFO     Processing request of type            server.py:727
                             CallToolRequest                                    
[04/16/26 06:12:59] INFO     Processing request of type            server.py:727
                             CallToolRequest                                    
[34/46] L6-05 (L6) — 13 fields / 12 tool calls: ['kingdee_list_cached_schemas', 'kingdee_get_schema', 'kingdee_get_schema', 'kingdee_get_schema', 'kingdee_query_bills', 'kingdee_query_bills', 'kingdee_query_bills', 'kingdee_query_bills', 'kingdee_get_schema', 'kingdee_query_bills', 'kingdee_get_schema', 'kingdee_get_schema']
[04/16/26 06:13:08] INFO     Processing request of type            server.py:727
                             CallToolRequest                                    
[04/16/26 06:13:11] INFO     Processing request of type            server.py:727
                             CallToolRequest                                    
[04/16/26 06:13:13] INFO     Processing request of type            server.py:727
                             CallToolRequest                                    
[04/16/26 06:13:15] INFO     Processing request of type            server.py:727
                             CallToolRequest                                    
[04/16/26 06:13:18] INFO     Processing request of type            server.py:727
                             CallToolRequest                                    
[04/16/26 06:13:20] INFO     Processing request of type            server.py:727
                             CallToolRequest                                    
                    INFO     HTTP Request: POST                  _client.py:1740
                             http://erp1.enpack.com.cn:13580/k3C                
                             loud/Kingdee.BOS.WebApi.ServicesStu                
                             b.DynamicFormService.ExecuteBillQue                
                             ry.common.kdsvc "HTTP/1.1 200 OK"                  
[04/16/26 06:13:23] INFO     Processing request of type            server.py:727
                             CallToolRequest                                    
                    INFO     HTTP Request: POST                  _client.py:1740
                             http://erp1.enpack.com.cn:13580/k3C                
                             loud/Kingdee.BOS.WebApi.ServicesStu                
                             b.DynamicFormService.ExecuteBillQue                
                             ry.common.kdsvc "HTTP/1.1 200 OK"                  
[04/16/26 06:13:26] INFO     Processing request of type            server.py:727
                             CallToolRequest                                    
[04/16/26 06:13:28] INFO     Processing request of type            server.py:727
                             CallToolRequest                                    
                    INFO     HTTP Request: POST                  _client.py:1740
                             http://erp1.enpack.com.cn:13580/k3C                
                             loud/Kingdee.BOS.WebApi.ServicesStu                
                             b.DynamicFormService.ExecuteBillQue                
                             ry.common.kdsvc "HTTP/1.1 200 OK"                  
[04/16/26 06:13:33] INFO     Processing request of type            server.py:727
                             CallToolRequest                                    
                    INFO     HTTP Request: POST                  _client.py:1740
                             http://erp1.enpack.com.cn:13580/k3C                
                             loud/Kingdee.BOS.WebApi.ServicesStu                
                             b.DynamicFormService.ExecuteBillQue                
                             ry.common.kdsvc "HTTP/1.1 200 OK"                  
[04/16/26 06:13:36] INFO     Processing request of type            server.py:727
                             CallToolRequest                                    
                    INFO     HTTP Request: POST                  _client.py:1740
                             http://erp1.enpack.com.cn:13580/k3C                
                             loud/Kingdee.BOS.WebApi.ServicesStu                
                             b.DynamicFormService.ExecuteBillQue                
                             ry.common.kdsvc "HTTP/1.1 200 OK"                  
[04/16/26 06:13:39] INFO     Processing request of type            server.py:727
                             CallToolRequest                                    
                    INFO     HTTP Request: POST                  _client.py:1740
                             http://erp1.enpack.com.cn:13580/k3C                
                             loud/Kingdee.BOS.WebApi.ServicesStu                
                             b.DynamicFormService.ExecuteBillQue                
                             ry.common.kdsvc "HTTP/1.1 200 OK"                  
[35/46] L6-06 (L6) — 6 fields / 12 tool calls: ['kingdee_list_cached_schemas', 'kingdee_get_schema', 'kingdee_get_schema', 'kingdee_get_schema', 'kingdee_get_schema', 'kingdee_query_inventory', 'kingdee_query_materials', 'kingdee_describe_form', 'kingdee_query_materials', 'kingdee_query_inventory', 'kingdee_search_forms_online', 'kingdee_query_bills']
[04/16/26 06:13:52] INFO     Processing request of type            server.py:727
                             CallToolRequest                                    
[04/16/26 06:13:55] INFO     Processing request of type            server.py:727
                             CallToolRequest                                    
[04/16/26 06:13:58] INFO     Processing request of type            server.py:727
                             CallToolRequest                                    
[04/16/26 06:14:00] INFO     Processing request of type            server.py:727
                             CallToolRequest                                    
[04/16/26 06:14:02] INFO     Processing request of type            server.py:727
                             CallToolRequest                                    
[04/16/26 06:14:05] INFO     Processing request of type            server.py:727
                             CallToolRequest                                    
[04/16/26 06:14:09] INFO     Processing request of type            server.py:727
                             CallToolRequest                                    
[04/16/26 06:14:12] INFO     Processing request of type            server.py:727
                             CallToolRequest                                    
[04/16/26 06:14:16] INFO     Processing request of type            server.py:727
                             CallToolRequest                                    
                    INFO     HTTP Request: POST                  _client.py:1740
                             http://erp1.enpack.com.cn:13580/k3C                
                             loud/Kingdee.BOS.WebApi.ServicesStu                
                             b.DynamicFormService.ExecuteBillQue                
                             ry.common.kdsvc "HTTP/1.1 200 OK"                  
[04/16/26 06:14:19] INFO     Processing request of type            server.py:727
                             CallToolRequest                                    
                    INFO     HTTP Request: POST                  _client.py:1740
                             http://erp1.enpack.com.cn:13580/k3C                
                             loud/Kingdee.BOS.WebApi.ServicesStu                
                             b.DynamicFormService.ExecuteBillQue                
                             ry.common.kdsvc "HTTP/1.1 200 OK"                  
[04/16/26 06:14:23] INFO     Processing request of type            server.py:727
                             CallToolRequest                                    
                    INFO     HTTP Request: POST                  _client.py:1740
                             http://erp1.enpack.com.cn:13580/k3C                
                             loud/Kingdee.BOS.WebApi.ServicesStu                
                             b.DynamicFormService.ExecuteBillQue                
                             ry.common.kdsvc "HTTP/1.1 200 OK"                  
[04/16/26 06:14:25] INFO     Processing request of type            server.py:727
                             CallToolRequest                                    
                    INFO     HTTP Request: POST                  _client.py:1740
                             http://erp1.enpack.com.cn:13580/k3C                
                             loud/Kingdee.BOS.WebApi.ServicesStu                
                             b.DynamicFormService.ExecuteBillQue                
                             ry.common.kdsvc "HTTP/1.1 200 OK"                  
[36/46] L6-07 (L6) — 7 fields / 12 tool calls: ['kingdee_list_cached_schemas', 'kingdee_get_schema', 'kingdee_get_schema', 'kingdee_get_schema', 'kingdee_search_forms_online', 'kingdee_search_forms_online', 'kingdee_query_bills', 'kingdee_query_bills', 'kingdee_query_bills', 'kingdee_query_bills', 'kingdee_search_forms_online', 'kingdee_search_forms_online']
[04/16/26 06:14:35] INFO     Processing request of type            server.py:727
                             CallToolRequest                                    
[04/16/26 06:14:38] INFO     Processing request of type            server.py:727
                             CallToolRequest                                    
[04/16/26 06:14:41] INFO     Processing request of type            server.py:727
                             CallToolRequest                                    
[04/16/26 06:14:43] INFO     Processing request of type            server.py:727
                             CallToolRequest                                    
[04/16/26 06:14:46] INFO     Processing request of type            server.py:727
                             CallToolRequest                                    
[04/16/26 06:14:49] INFO     Processing request of type            server.py:727
                             CallToolRequest                                    
[04/16/26 06:14:51] INFO     Processing request of type            server.py:727
                             CallToolRequest                                    
[04/16/26 06:14:54] INFO     Processing request of type            server.py:727
                             CallToolRequest                                    
[04/16/26 06:14:56] INFO     Processing request of type            server.py:727
                             CallToolRequest                                    
[04/16/26 06:14:59] INFO     Processing request of type            server.py:727
                             CallToolRequest                                    
[04/16/26 06:15:02] INFO     Processing request of type            server.py:727
                             CallToolRequest                                    
[04/16/26 06:15:05] INFO     Processing request of type            server.py:727
                             CallToolRequest                                    
[37/46] L7-01 (L7) — 0 fields / 12 tool calls: ['kingdee_list_cached_schemas', 'kingdee_search_forms_online', 'kingdee_search_forms_online', 'kingdee_search_forms_online', 'kingdee_get_schema', 'kingdee_get_schema', 'kingdee_get_schema', 'kingdee_get_schema', 'kingdee_get_schema', 'kingdee_get_schema', 'kingdee_get_schema', 'kingdee_get_schema']
[04/16/26 06:15:15] INFO     Processing request of type            server.py:727
                             CallToolRequest                                    
[04/16/26 06:15:19] INFO     Processing request of type            server.py:727
                             CallToolRequest                                    
[04/16/26 06:15:22] INFO     Processing request of type            server.py:727
                             CallToolRequest                                    
[04/16/26 06:15:24] INFO     Processing request of type            server.py:727
                             CallToolRequest                                    
[04/16/26 06:15:27] INFO     Processing request of type            server.py:727
                             CallToolRequest                                    
[38/46] L7-02 (L7) — 0 fields / 5 tool calls: ['kingdee_list_cached_schemas', 'kingdee_search_forms_online', 'kingdee_search_forms_online', 'kingdee_search_forms_online', 'kingdee_search_forms_online']
[39/46] L7-03 (L7) — 0 fields / 0 tool calls: []
[04/16/26 06:15:46] INFO     Processing request of type            server.py:727
                             CallToolRequest                                    
[04/16/26 06:15:51] INFO     Processing request of type            server.py:727
                             CallToolRequest                                    
[04/16/26 06:15:54] INFO     Processing request of type            server.py:727
                             CallToolRequest                                    
[04/16/26 06:15:56] INFO     Processing request of type            server.py:727
                             CallToolRequest                                    
[04/16/26 06:15:59] INFO     Processing request of type            server.py:727
                             CallToolRequest                                    
[04/16/26 06:16:03] INFO     Processing request of type            server.py:727
                             CallToolRequest                                    
[04/16/26 06:16:06] INFO     Processing request of type            server.py:727
                             CallToolRequest                                    
[04/16/26 06:16:10] INFO     Processing request of type            server.py:727
                             CallToolRequest                                    
                    INFO     HTTP Request: POST                  _client.py:1740
                             http://erp1.enpack.com.cn:13580/k3C                
                             loud/Kingdee.BOS.WebApi.ServicesStu                
                             b.DynamicFormService.ExecuteBillQue                
                             ry.common.kdsvc "HTTP/1.1 200 OK"                  
[04/16/26 06:16:14] INFO     Processing request of type            server.py:727
                             CallToolRequest                                    
                    INFO     HTTP Request: POST                  _client.py:1740
                             http://erp1.enpack.com.cn:13580/k3C                
                             loud/Kingdee.BOS.WebApi.ServicesStu                
                             b.DynamicFormService.ExecuteBillQue                
                             ry.common.kdsvc "HTTP/1.1 200 OK"                  
[04/16/26 06:16:23] INFO     Processing request of type            server.py:727
                             CallToolRequest                                    
                    INFO     HTTP Request: POST                  _client.py:1740
                             http://erp1.enpack.com.cn:13580/k3C                
                             loud/Kingdee.BOS.WebApi.ServicesStu                
                             b.DynamicFormService.ExecuteBillQue                
                             ry.common.kdsvc "HTTP/1.1 200 OK"                  
[04/16/26 06:16:26] INFO     Processing request of type            server.py:727
                             CallToolRequest                                    
                    INFO     HTTP Request: POST                  _client.py:1740
                             http://erp1.enpack.com.cn:13580/k3C                
                             loud/Kingdee.BOS.WebApi.ServicesStu                
                             b.DynamicFormService.ExecuteBillQue                
                             ry.common.kdsvc "HTTP/1.1 200 OK"                  
[40/46] L7-04 (L7) — 13 fields / 11 tool calls: ['kingdee_list_cached_schemas', 'kingdee_search_forms_online', 'kingdee_search_forms_online', 'kingdee_search_forms_online', 'kingdee_search_forms_online', 'kingdee_get_schema', 'kingdee_get_schema', 'kingdee_query_bills', 'kingdee_query_bills', 'kingdee_query_bills', 'kingdee_query_fixed_assets']
[04/16/26 06:16:36] INFO     Processing request of type            server.py:727
                             CallToolRequest                                    
[04/16/26 06:16:40] INFO     Processing request of type            server.py:727
                             CallToolRequest                                    
[04/16/26 06:16:43] INFO     Processing request of type            server.py:727
                             CallToolRequest                                    
[04/16/26 06:16:46] INFO     Processing request of type            server.py:727
                             CallToolRequest                                    
[04/16/26 06:16:50] INFO     Processing request of type            server.py:727
                             CallToolRequest                                    
[04/16/26 06:16:53] INFO     Processing request of type            server.py:727
                             CallToolRequest                                    
                    INFO     HTTP Request: POST                  _client.py:1740
                             http://erp1.enpack.com.cn:13580/k3C                
                             loud/Kingdee.BOS.WebApi.ServicesStu                
                             b.DynamicFormService.ExecuteBillQue                
                             ry.common.kdsvc "HTTP/1.1 200 OK"                  
[04/16/26 06:16:56] INFO     Processing request of type            server.py:727
                             CallToolRequest                                    
                    INFO     HTTP Request: POST                  _client.py:1740
                             http://erp1.enpack.com.cn:13580/k3C                
                             loud/Kingdee.BOS.WebApi.ServicesStu                
                             b.DynamicFormService.ExecuteBillQue                
                             ry.common.kdsvc "HTTP/1.1 200 OK"                  
[04/16/26 06:16:59] INFO     Processing request of type            server.py:727
                             CallToolRequest                                    
                    INFO     HTTP Request: POST                  _client.py:1740
                             http://erp1.enpack.com.cn:13580/k3C                
                             loud/Kingdee.BOS.WebApi.ServicesStu                
                             b.DynamicFormService.ExecuteBillQue                
                             ry.common.kdsvc "HTTP/1.1 200 OK"                  
[04/16/26 06:17:01] INFO     Processing request of type            server.py:727
                             CallToolRequest                                    
                    INFO     HTTP Request: POST                  _client.py:1740
                             http://erp1.enpack.com.cn:13580/k3C                
                             loud/Kingdee.BOS.WebApi.ServicesStu                
                             b.DynamicFormService.ExecuteBillQue                
                             ry.common.kdsvc "HTTP/1.1 200 OK"                  
[04/16/26 06:17:04] INFO     Processing request of type            server.py:727
                             CallToolRequest                                    
[04/16/26 06:17:07] INFO     Processing request of type            server.py:727
                             CallToolRequest                                    
[04/16/26 06:17:11] INFO     Processing request of type            server.py:727
                             CallToolRequest                                    
                    INFO     HTTP Request: POST                  _client.py:1740
                             http://erp1.enpack.com.cn:13580/k3C                
                             loud/Kingdee.BOS.WebApi.ServicesStu                
                             b.DynamicFormService.ExecuteBillQue                
                             ry.common.kdsvc "HTTP/1.1 200 OK"                  
[41/46] L7-05 (L7) — 7 fields / 12 tool calls: ['kingdee_list_cached_schemas', 'kingdee_search_forms_online', 'kingdee_search_forms_online', 'kingdee_search_forms_online', 'kingdee_search_forms_online', 'kingdee_search_forms_online', 'kingdee_search_forms_online', 'kingdee_search_forms_online', 'kingdee_search_forms_online', 'kingdee_get_schema', 'kingdee_get_schema', 'kingdee_query_bills']
[04/16/26 06:17:21] INFO     Processing request of type            server.py:727
                             CallToolRequest                                    
[42/46] L7-06 (L7) — 0 fields / 1 tool calls: ['kingdee_list_cached_schemas']
[04/16/26 06:17:30] INFO     Processing request of type            server.py:727
                             CallToolRequest                                    
[04/16/26 06:17:34] INFO     Processing request of type            server.py:727
                             CallToolRequest                                    
[04/16/26 06:17:36] INFO     Processing request of type            server.py:727
                             CallToolRequest                                    
[04/16/26 06:17:39] INFO     Processing request of type            server.py:727
                             CallToolRequest                                    
[04/16/26 06:17:42] INFO     Processing request of type            server.py:727
                             CallToolRequest                                    
                    INFO     HTTP Request: POST                  _client.py:1740
                             http://erp1.enpack.com.cn:13580/k3C                
                             loud/Kingdee.BOS.WebApi.ServicesStu                
                             b.DynamicFormService.ExecuteBillQue                
                             ry.common.kdsvc "HTTP/1.1 200 OK"                  
[04/16/26 06:17:45] INFO     Processing request of type            server.py:727
                             CallToolRequest                                    
                    INFO     HTTP Request: POST                  _client.py:1740
                             http://erp1.enpack.com.cn:13580/k3C                
                             loud/Kingdee.BOS.WebApi.ServicesStu                
                             b.DynamicFormService.ExecuteBillQue                
                             ry.common.kdsvc "HTTP/1.1 200 OK"                  
[04/16/26 06:17:48] INFO     Processing request of type            server.py:727
                             CallToolRequest                                    
[04/16/26 06:17:52] INFO     Processing request of type            server.py:727
                             CallToolRequest                                    
[04/16/26 06:17:53] INFO     HTTP Request: POST                  _client.py:1740
                             http://erp1.enpack.com.cn:13580/k3C                
                             loud/Kingdee.BOS.WebApi.ServicesStu                
                             b.DynamicFormService.ExecuteBillQue                
                             ry.common.kdsvc "HTTP/1.1 200 OK"                  
[04/16/26 06:17:57] INFO     Processing request of type            server.py:727
                             CallToolRequest                                    
                    INFO     HTTP Request: POST                  _client.py:1740
                             http://erp1.enpack.com.cn:13580/k3C                
                             loud/Kingdee.BOS.WebApi.ServicesStu                
                             b.DynamicFormService.ExecuteBillQue                
                             ry.common.kdsvc "HTTP/1.1 200 OK"                  
[04/16/26 06:18:02] INFO     Processing request of type            server.py:727
                             CallToolRequest                                    
                    INFO     HTTP Request: POST                  _client.py:1740
                             http://erp1.enpack.com.cn:13580/k3C                
                             loud/Kingdee.BOS.WebApi.ServicesStu                
                             b.DynamicFormService.ExecuteBillQue                
                             ry.common.kdsvc "HTTP/1.1 200 OK"                  
[04/16/26 06:18:06] INFO     Processing request of type            server.py:727
                             CallToolRequest                                    
                    INFO     HTTP Request: POST                  _client.py:1740
                             http://erp1.enpack.com.cn:13580/k3C                
                             loud/Kingdee.BOS.WebApi.ServicesStu                
                             b.DynamicFormService.ExecuteBillQue                
                             ry.common.kdsvc "HTTP/1.1 200 OK"                  
[04/16/26 06:18:10] INFO     Processing request of type            server.py:727
                             CallToolRequest                                    
[04/16/26 06:18:11] INFO     HTTP Request: POST                  _client.py:1740
                             http://erp1.enpack.com.cn:13580/k3C                
                             loud/Kingdee.BOS.WebApi.ServicesStu                
                             b.DynamicFormService.ExecuteBillQue                
                             ry.common.kdsvc "HTTP/1.1 200 OK"                  
[43/46] L8-01 (L8) — 8 fields / 12 tool calls: ['kingdee_list_cached_schemas', 'kingdee_get_schema', 'kingdee_get_schema', 'kingdee_get_schema', 'kingdee_query_bills', 'kingdee_query_bills', 'kingdee_get_relations', 'kingdee_query_bills', 'kingdee_query_bills', 'kingdee_query_bills', 'kingdee_query_bills', 'kingdee_query_bills']
[04/16/26 06:18:20] INFO     Processing request of type            server.py:727
                             CallToolRequest                                    
[04/16/26 06:18:23] INFO     Processing request of type            server.py:727
                             CallToolRequest                                    
[04/16/26 06:18:26] INFO     Processing request of type            server.py:727
                             CallToolRequest                                    
[04/16/26 06:18:29] INFO     Processing request of type            server.py:727
                             CallToolRequest                                    
[04/16/26 06:18:32] INFO     Processing request of type            server.py:727
                             CallToolRequest                                    
                    INFO     HTTP Request: POST                  _client.py:1740
                             http://erp1.enpack.com.cn:13580/k3C                
                             loud/Kingdee.BOS.WebApi.ServicesStu                
                             b.DynamicFormService.ExecuteBillQue                
                             ry.common.kdsvc "HTTP/1.1 200 OK"                  
[04/16/26 06:18:34] INFO     Processing request of type            server.py:727
                             CallToolRequest                                    
                    INFO     HTTP Request: POST                  _client.py:1740
                             http://erp1.enpack.com.cn:13580/k3C                
                             loud/Kingdee.BOS.WebApi.ServicesStu                
                             b.DynamicFormService.ExecuteBillQue                
                             ry.common.kdsvc "HTTP/1.1 200 OK"                  
[04/16/26 06:18:38] INFO     Processing request of type            server.py:727
                             CallToolRequest                                    
                    INFO     HTTP Request: POST                  _client.py:1740
                             http://erp1.enpack.com.cn:13580/k3C                
                             loud/Kingdee.BOS.WebApi.ServicesStu                
                             b.DynamicFormService.ExecuteBillQue                
                             ry.common.kdsvc "HTTP/1.1 200 OK"                  
[04/16/26 06:18:41] INFO     Processing request of type            server.py:727
                             CallToolRequest                                    
[04/16/26 06:18:44] INFO     Processing request of type            server.py:727
                             CallToolRequest                                    
[04/16/26 06:18:47] INFO     Processing request of type            server.py:727
                             CallToolRequest                                    
                    INFO     HTTP Request: POST                  _client.py:1740
                             http://erp1.enpack.com.cn:13580/k3C                
                             loud/Kingdee.BOS.WebApi.ServicesStu                
                             b.DynamicFormService.ExecuteBillQue                
                             ry.common.kdsvc "HTTP/1.1 200 OK"                  
[04/16/26 06:18:51] INFO     Processing request of type            server.py:727
                             CallToolRequest                                    
                    INFO     HTTP Request: POST                  _client.py:1740
                             http://erp1.enpack.com.cn:13580/k3C                
                             loud/Kingdee.BOS.WebApi.ServicesStu                
                             b.DynamicFormService.ExecuteBillQue                
                             ry.common.kdsvc "HTTP/1.1 200 OK"                  
[04/16/26 06:18:55] INFO     Processing request of type            server.py:727
                             CallToolRequest                                    
                    INFO     HTTP Request: POST                  _client.py:1740
                             http://erp1.enpack.com.cn:13580/k3C                
                             loud/Kingdee.BOS.WebApi.ServicesStu                
                             b.DynamicFormService.ExecuteBillQue                
                             ry.common.kdsvc "HTTP/1.1 200 OK"                  
[44/46] L8-02 (L8) — 9 fields / 12 tool calls: ['kingdee_list_cached_schemas', 'kingdee_get_schema', 'kingdee_get_schema', 'kingdee_get_schema', 'kingdee_query_materials', 'kingdee_query_materials', 'kingdee_query_bills', 'kingdee_describe_form', 'kingdee_describe_form', 'kingdee_query_bills', 'kingdee_query_bills', 'kingdee_query_bills']
[04/16/26 06:19:06] INFO     Processing request of type            server.py:727
                             CallToolRequest                                    
[04/16/26 06:19:10] INFO     Processing request of type            server.py:727
                             CallToolRequest                                    
[04/16/26 06:19:12] INFO     Processing request of type            server.py:727
                             CallToolRequest                                    
[04/16/26 06:19:14] INFO     Processing request of type            server.py:727
                             CallToolRequest                                    
[04/16/26 06:19:17] INFO     Processing request of type            server.py:727
                             CallToolRequest                                    
[04/16/26 06:19:19] INFO     Processing request of type            server.py:727
                             CallToolRequest                                    
[04/16/26 06:19:22] INFO     Processing request of type            server.py:727
                             CallToolRequest                                    
                    INFO     HTTP Request: POST                  _client.py:1740
                             http://erp1.enpack.com.cn:13580/k3C                
                             loud/Kingdee.BOS.WebApi.ServicesStu                
                             b.DynamicFormService.ExecuteBillQue                
                             ry.common.kdsvc "HTTP/1.1 200 OK"                  
[04/16/26 06:19:25] INFO     Processing request of type            server.py:727
                             CallToolRequest                                    
                    INFO     HTTP Request: POST                  _client.py:1740
                             http://erp1.enpack.com.cn:13580/k3C                
                             loud/Kingdee.BOS.WebApi.ServicesStu                
                             b.DynamicFormService.ExecuteBillQue                
                             ry.common.kdsvc "HTTP/1.1 200 OK"                  
[04/16/26 06:19:28] INFO     Processing request of type            server.py:727
                             CallToolRequest                                    
[04/16/26 06:19:31] INFO     Processing request of type            server.py:727
                             CallToolRequest                                    
                    INFO     HTTP Request: POST                  _client.py:1740
                             http://erp1.enpack.com.cn:13580/k3C                
                             loud/Kingdee.BOS.WebApi.ServicesStu                
                             b.DynamicFormService.ExecuteBillQue                
                             ry.common.kdsvc "HTTP/1.1 200 OK"                  
[04/16/26 06:19:34] INFO     Processing request of type            server.py:727
                             CallToolRequest                                    
                    INFO     HTTP Request: POST                  _client.py:1740
                             http://erp1.enpack.com.cn:13580/k3C                
                             loud/Kingdee.BOS.WebApi.ServicesStu                
                             b.DynamicFormService.ExecuteBillQue                
                             ry.common.kdsvc "HTTP/1.1 200 OK"                  
[04/16/26 06:19:38] INFO     Processing request of type            server.py:727
                             CallToolRequest                                    
                    INFO     HTTP Request: POST                  _client.py:1740
                             http://erp1.enpack.com.cn:13580/k3C                
                             loud/Kingdee.BOS.WebApi.ServicesStu                
                             b.DynamicFormService.ExecuteBillQue                
                             ry.common.kdsvc "HTTP/1.1 200 OK"                  
[45/46] L8-03 (L8) — 15 fields / 12 tool calls: ['kingdee_list_cached_schemas', 'kingdee_get_schema', 'kingdee_get_schema', 'kingdee_get_schema', 'kingdee_search_forms_online', 'kingdee_search_forms_online', 'kingdee_query_inventory', 'kingdee_query_bills', 'kingdee_search_forms_online', 'kingdee_query_bills', 'kingdee_query_materials', 'kingdee_query_bills']
[04/16/26 06:19:49] INFO     Processing request of type            server.py:727
                             CallToolRequest                                    
[04/16/26 06:19:52] INFO     Processing request of type            server.py:727
                             CallToolRequest                                    
[04/16/26 06:19:54] INFO     Processing request of type            server.py:727
                             CallToolRequest                                    
[04/16/26 06:19:57] INFO     Processing request of type            server.py:727
                             CallToolRequest                                    
[04/16/26 06:19:59] INFO     Processing request of type            server.py:727
                             CallToolRequest                                    
[04/16/26 06:20:02] INFO     Processing request of type            server.py:727
                             CallToolRequest                                    
[04/16/26 06:20:05] INFO     Processing request of type            server.py:727
                             CallToolRequest                                    
                    INFO     HTTP Request: POST                  _client.py:1740
                             http://erp1.enpack.com.cn:13580/k3C                
                             loud/Kingdee.BOS.WebApi.ServicesStu                
                             b.DynamicFormService.ExecuteBillQue                
                             ry.common.kdsvc "HTTP/1.1 200 OK"                  
[04/16/26 06:20:08] INFO     Processing request of type            server.py:727
                             CallToolRequest                                    
[04/16/26 06:20:11] INFO     Processing request of type            server.py:727
                             CallToolRequest                                    
                    INFO     HTTP Request: POST                  _client.py:1740
                             http://erp1.enpack.com.cn:13580/k3C                
                             loud/Kingdee.BOS.WebApi.ServicesStu                
                             b.DynamicFormService.ExecuteBillQue                
                             ry.common.kdsvc "HTTP/1.1 200 OK"                  
[04/16/26 06:20:13] INFO     Processing request of type            server.py:727
                             CallToolRequest                                    
                    INFO     HTTP Request: POST                  _client.py:1740
                             http://erp1.enpack.com.cn:13580/k3C                
                             loud/Kingdee.BOS.WebApi.ServicesStu                
                             b.DynamicFormService.ExecuteBillQue                
                             ry.common.kdsvc "HTTP/1.1 200 OK"                  
[04/16/26 06:20:17] INFO     Processing request of type            server.py:727
                             CallToolRequest                                    
                    INFO     HTTP Request: POST                  _client.py:1740
                             http://erp1.enpack.com.cn:13580/k3C                
                             loud/Kingdee.BOS.WebApi.ServicesStu                
                             b.DynamicFormService.ExecuteBillQue                
                             ry.common.kdsvc "HTTP/1.1 200 OK"                  
[04/16/26 06:20:20] INFO     Processing request of type            server.py:727
                             CallToolRequest                                    
                    INFO     HTTP Request: POST                  _client.py:1740
                             http://erp1.enpack.com.cn:13580/k3C                
                             loud/Kingdee.BOS.WebApi.ServicesStu                
                             b.DynamicFormService.ExecuteBillQue                
                             ry.common.kdsvc "HTTP/1.1 200 OK"                  
[46/46] L8-04 (L8) — 19 fields / 12 tool calls: ['kingdee_list_cached_schemas', 'kingdee_search_forms_online', 'kingdee_search_forms_online', 'kingdee_search_forms_online', 'kingdee_get_schema', 'kingdee_get_schema', 'kingdee_query_bills', 'kingdee_get_schema', 'kingdee_query_bills', 'kingdee_query_inventory', 'kingdee_query_bills', 'kingdee_query_bills']
答案: results/T1_mcp/answers.jsonl

==> Running T2 (Thu Apr 16 06:20:30 CST 2026)
[04/16/26 06:20:31] INFO     Processing request of type            server.py:727
                             ListToolsRequest                                   
[stage=T2] MCP server 暴露 14 个工具；本阶段启用 10 个：
  - kingdee_query_bills
  - kingdee_query_materials
  - kingdee_describe_form
  - kingdee_search_forms_online
  - kingdee_query_inventory
  - kingdee_query_fixed_assets
  - kingdee_get_schema
  - kingdee_get_relations
  - kingdee_list_cached_schemas
  - kingdee_get_wiki
[04/16/26 06:20:34] INFO     Processing request of type            server.py:727
                             CallToolRequest                                    
[04/16/26 06:20:36] INFO     Processing request of type            server.py:727
                             CallToolRequest                                    
[04/16/26 06:20:39] INFO     Processing request of type            server.py:727
                             CallToolRequest                                    
[04/16/26 06:20:41] INFO     Processing request of type            server.py:727
                             CallToolRequest                                    
[04/16/26 06:20:44] INFO     Processing request of type            server.py:727
                             CallToolRequest                                    
[04/16/26 06:20:46] INFO     Processing request of type            server.py:727
                             CallToolRequest                                    
[04/16/26 06:20:49] INFO     Processing request of type            server.py:727
                             CallToolRequest                                    
                    INFO     HTTP Request: POST                  _client.py:1740
                             http://erp1.enpack.com.cn:13580/k3C                
                             loud/Kingdee.BOS.WebApi.ServicesStu                
                             b.AuthService.LoginByAppSecret.comm                
                             on.kdsvc "HTTP/1.1 200 OK"                         
                    INFO     HTTP Request: POST                  _client.py:1740
                             http://erp1.enpack.com.cn:13580/k3C                
                             loud/Kingdee.BOS.WebApi.ServicesStu                
                             b.DynamicFormService.ExecuteBillQue                
                             ry.common.kdsvc "HTTP/1.1 200 OK"                  
[04/16/26 06:20:54] INFO     Processing request of type            server.py:727
                             CallToolRequest                                    
                    INFO     HTTP Request: POST                  _client.py:1740
                             http://erp1.enpack.com.cn:13580/k3C                
                             loud/Kingdee.BOS.WebApi.ServicesStu                
                             b.DynamicFormService.ExecuteBillQue                
                             ry.common.kdsvc "HTTP/1.1 200 OK"                  
[1/46] L1-01 (L1) — 8 fields / 8 tool calls: ['kingdee_get_schema', 'kingdee_get_schema', 'kingdee_list_cached_schemas', 'kingdee_get_schema', 'kingdee_get_schema', 'kingdee_query_materials', 'kingdee_query_materials', 'kingdee_query_materials']
[04/16/26 06:21:03] INFO     Processing request of type            server.py:727
                             CallToolRequest                                    
[04/16/26 06:21:06] INFO     Processing request of type            server.py:727
                             CallToolRequest                                    
[04/16/26 06:21:08] INFO     Processing request of type            server.py:727
                             CallToolRequest                                    
[04/16/26 06:21:11] INFO     Processing request of type            server.py:727
                             CallToolRequest                                    
[04/16/26 06:21:13] INFO     Processing request of type            server.py:727
                             CallToolRequest                                    
[04/16/26 06:21:16] INFO     Processing request of type            server.py:727
                             CallToolRequest                                    
                    INFO     HTTP Request: POST                  _client.py:1740
                             http://erp1.enpack.com.cn:13580/k3C                
                             loud/Kingdee.BOS.WebApi.ServicesStu                
                             b.DynamicFormService.ExecuteBillQue                
                             ry.common.kdsvc "HTTP/1.1 200 OK"                  
[04/16/26 06:21:19] INFO     Processing request of type            server.py:727
                             CallToolRequest                                    
[04/16/26 06:21:22] INFO     Processing request of type            server.py:727
                             CallToolRequest                                    
[04/16/26 06:21:23] INFO     HTTP Request: POST                  _client.py:1740
                             http://erp1.enpack.com.cn:13580/k3C                
                             loud/Kingdee.BOS.WebApi.ServicesStu                
                             b.DynamicFormService.ExecuteBillQue                
                             ry.common.kdsvc "HTTP/1.1 200 OK"                  
[04/16/26 06:21:25] INFO     Processing request of type            server.py:727
                             CallToolRequest                                    
                    INFO     HTTP Request: POST                  _client.py:1740
                             http://erp1.enpack.com.cn:13580/k3C                
                             loud/Kingdee.BOS.WebApi.ServicesStu                
                             b.DynamicFormService.ExecuteBillQue                
                             ry.common.kdsvc "HTTP/1.1 200 OK"                  
[04/16/26 06:21:28] INFO     Processing request of type            server.py:727
                             CallToolRequest                                    
                    INFO     HTTP Request: POST                  _client.py:1740
                             http://erp1.enpack.com.cn:13580/k3C                
                             loud/Kingdee.BOS.WebApi.ServicesStu                
                             b.DynamicFormService.ExecuteBillQue                
                             ry.common.kdsvc "HTTP/1.1 200 OK"                  
[04/16/26 06:21:31] INFO     Processing request of type            server.py:727
                             CallToolRequest                                    
                    INFO     HTTP Request: POST                  _client.py:1740
                             http://erp1.enpack.com.cn:13580/k3C                
                             loud/Kingdee.BOS.WebApi.ServicesStu                
                             b.DynamicFormService.ExecuteBillQue                
                             ry.common.kdsvc "HTTP/1.1 200 OK"                  
[04/16/26 06:21:34] INFO     Processing request of type            server.py:727
                             CallToolRequest                                    
                    INFO     HTTP Request: POST                  _client.py:1740
                             http://erp1.enpack.com.cn:13580/k3C                
                             loud/Kingdee.BOS.WebApi.ServicesStu                
                             b.DynamicFormService.ExecuteBillQue                
                             ry.common.kdsvc "HTTP/1.1 200 OK"                  
[2/46] L1-02 (L1) — 6 fields / 12 tool calls: ['kingdee_get_schema', 'kingdee_get_schema', 'kingdee_list_cached_schemas', 'kingdee_get_schema', 'kingdee_describe_form', 'kingdee_query_bills', 'kingdee_get_wiki', 'kingdee_query_bills', 'kingdee_query_bills', 'kingdee_search_forms_online', 'kingdee_query_bills', 'kingdee_query_materials']
[04/16/26 06:21:42] INFO     Processing request of type            server.py:727
                             CallToolRequest                                    
[04/16/26 06:21:45] INFO     Processing request of type            server.py:727
                             CallToolRequest                                    
[04/16/26 06:21:48] INFO     Processing request of type            server.py:727
                             CallToolRequest                                    
[04/16/26 06:21:50] INFO     Processing request of type            server.py:727
                             CallToolRequest                                    
[04/16/26 06:21:54] INFO     Processing request of type            server.py:727
                             CallToolRequest                                    
                    INFO     HTTP Request: POST                  _client.py:1740
                             http://erp1.enpack.com.cn:13580/k3C                
                             loud/Kingdee.BOS.WebApi.ServicesStu                
                             b.DynamicFormService.ExecuteBillQue                
                             ry.common.kdsvc "HTTP/1.1 200 OK"                  
[04/16/26 06:21:58] INFO     Processing request of type            server.py:727
                             CallToolRequest                                    
                    INFO     HTTP Request: POST                  _client.py:1740
                             http://erp1.enpack.com.cn:13580/k3C                
                             loud/Kingdee.BOS.WebApi.ServicesStu                
                             b.DynamicFormService.ExecuteBillQue                
                             ry.common.kdsvc "HTTP/1.1 200 OK"                  
[04/16/26 06:22:01] INFO     Processing request of type            server.py:727
                             CallToolRequest                                    
                    INFO     HTTP Request: POST                  _client.py:1740
                             http://erp1.enpack.com.cn:13580/k3C                
                             loud/Kingdee.BOS.WebApi.ServicesStu                
                             b.DynamicFormService.ExecuteBillQue                
                             ry.common.kdsvc "HTTP/1.1 200 OK"                  
[3/46] L1-03 (L1) — 3 fields / 7 tool calls: ['kingdee_list_cached_schemas', 'kingdee_get_schema', 'kingdee_get_schema', 'kingdee_get_schema', 'kingdee_query_bills', 'kingdee_query_bills', 'kingdee_query_bills']
[04/16/26 06:22:10] INFO     Processing request of type            server.py:727
                             CallToolRequest                                    
[04/16/26 06:22:12] INFO     Processing request of type            server.py:727
                             CallToolRequest                                    
[04/16/26 06:22:14] INFO     Processing request of type            server.py:727
                             CallToolRequest                                    
[04/16/26 06:22:17] INFO     Processing request of type            server.py:727
                             CallToolRequest                                    
[04/16/26 06:22:20] INFO     Processing request of type            server.py:727
                             CallToolRequest                                    
[04/16/26 06:22:25] INFO     Processing request of type            server.py:727
                             CallToolRequest                                    
                    INFO     HTTP Request: POST                  _client.py:1740
                             http://erp1.enpack.com.cn:13580/k3C                
                             loud/Kingdee.BOS.WebApi.ServicesStu                
                             b.DynamicFormService.ExecuteBillQue                
                             ry.common.kdsvc "HTTP/1.1 200 OK"                  
[04/16/26 06:22:29] INFO     Processing request of type            server.py:727
                             CallToolRequest                                    
                    INFO     HTTP Request: POST                  _client.py:1740
                             http://erp1.enpack.com.cn:13580/k3C                
                             loud/Kingdee.BOS.WebApi.ServicesStu                
                             b.DynamicFormService.ExecuteBillQue                
                             ry.common.kdsvc "HTTP/1.1 200 OK"                  
[04/16/26 06:22:36] INFO     Processing request of type            server.py:727
                             CallToolRequest                                    
                    INFO     HTTP Request: POST                  _client.py:1740
                             http://erp1.enpack.com.cn:13580/k3C                
                             loud/Kingdee.BOS.WebApi.ServicesStu                
                             b.DynamicFormService.ExecuteBillQue                
                             ry.common.kdsvc "HTTP/1.1 200 OK"                  
[04/16/26 06:22:39] INFO     Processing request of type            server.py:727
                             CallToolRequest                                    
[04/16/26 06:22:50] INFO     Processing request of type            server.py:727
                             CallToolRequest                                    
[04/16/26 06:22:51] INFO     HTTP Request: POST                  _client.py:1740
                             http://erp1.enpack.com.cn:13580/k3C                
                             loud/Kingdee.BOS.WebApi.ServicesStu                
                             b.DynamicFormService.ExecuteBillQue                
                             ry.common.kdsvc "HTTP/1.1 200 OK"                  
[04/16/26 06:22:55] INFO     Processing request of type            server.py:727
                             CallToolRequest                                    
                    INFO     HTTP Request: POST                  _client.py:1740
                             http://erp1.enpack.com.cn:13580/k3C                
                             loud/Kingdee.BOS.WebApi.ServicesStu                
                             b.DynamicFormService.ExecuteBillQue                
                             ry.common.kdsvc "HTTP/1.1 200 OK"                  
[4/46] L1-04 (L1) — 5 fields / 11 tool calls: ['kingdee_get_schema', 'kingdee_get_schema', 'kingdee_list_cached_schemas', 'kingdee_get_schema', 'kingdee_get_schema', 'kingdee_query_bills', 'kingdee_query_bills', 'kingdee_query_bills', 'kingdee_get_relations', 'kingdee_query_bills', 'kingdee_query_bills']
[04/16/26 06:23:05] INFO     Processing request of type            server.py:727
                             CallToolRequest                                    
[04/16/26 06:23:08] INFO     Processing request of type            server.py:727
                             CallToolRequest                                    
[04/16/26 06:23:10] INFO     Processing request of type            server.py:727
                             CallToolRequest                                    
[04/16/26 06:23:13] INFO     Processing request of type            server.py:727
                             CallToolRequest                                    
[04/16/26 06:23:15] INFO     Processing request of type            server.py:727
                             CallToolRequest                                    
[04/16/26 06:23:18] INFO     Processing request of type            server.py:727
                             CallToolRequest                                    
                    INFO     HTTP Request: POST                  _client.py:1740
                             http://erp1.enpack.com.cn:13580/k3C                
                             loud/Kingdee.BOS.WebApi.ServicesStu                
                             b.DynamicFormService.ExecuteBillQue                
                             ry.common.kdsvc "HTTP/1.1 200 OK"                  
[04/16/26 06:23:22] INFO     Processing request of type            server.py:727
                             CallToolRequest                                    
                    INFO     HTTP Request: POST                  _client.py:1740
                             http://erp1.enpack.com.cn:13580/k3C                
                             loud/Kingdee.BOS.WebApi.ServicesStu                
                             b.DynamicFormService.ExecuteBillQue                
                             ry.common.kdsvc "HTTP/1.1 200 OK"                  
[04/16/26 06:23:24] INFO     Processing request of type            server.py:727
                             CallToolRequest                                    
                    INFO     HTTP Request: POST                  _client.py:1740
                             http://erp1.enpack.com.cn:13580/k3C                
                             loud/Kingdee.BOS.WebApi.ServicesStu                
                             b.DynamicFormService.ExecuteBillQue                
                             ry.common.kdsvc "HTTP/1.1 200 OK"                  
[04/16/26 06:23:27] INFO     Processing request of type            server.py:727
                             CallToolRequest                                    
                    INFO     HTTP Request: POST                  _client.py:1740
                             http://erp1.enpack.com.cn:13580/k3C                
                             loud/Kingdee.BOS.WebApi.ServicesStu                
                             b.DynamicFormService.ExecuteBillQue                
                             ry.common.kdsvc "HTTP/1.1 200 OK"                  
[04/16/26 06:23:29] INFO     Processing request of type            server.py:727
                             CallToolRequest                                    
[04/16/26 06:23:32] INFO     Processing request of type            server.py:727
                             CallToolRequest                                    
[04/16/26 06:23:33] INFO     HTTP Request: POST                  _client.py:1740
                             http://erp1.enpack.com.cn:13580/k3C                
                             loud/Kingdee.BOS.WebApi.ServicesStu                
                             b.DynamicFormService.ExecuteBillQue                
                             ry.common.kdsvc "HTTP/1.1 200 OK"                  
[04/16/26 06:23:35] INFO     Processing request of type            server.py:727
                             CallToolRequest                                    
[5/46] L1-05 (L1) — 7 fields / 12 tool calls: ['kingdee_list_cached_schemas', 'kingdee_get_schema', 'kingdee_get_schema', 'kingdee_get_schema', 'kingdee_get_wiki', 'kingdee_query_bills', 'kingdee_search_forms_online', 'kingdee_search_forms_online', 'kingdee_query_bills', 'kingdee_describe_form', 'kingdee_query_bills', 'kingdee_get_schema']
[04/16/26 06:23:44] INFO     Processing request of type            server.py:727
                             CallToolRequest                                    
[04/16/26 06:23:47] INFO     Processing request of type            server.py:727
                             CallToolRequest                                    
[04/16/26 06:23:49] INFO     Processing request of type            server.py:727
                             CallToolRequest                                    
[04/16/26 06:23:52] INFO     Processing request of type            server.py:727
                             CallToolRequest                                    
[04/16/26 06:23:55] INFO     Processing request of type            server.py:727
                             CallToolRequest                                    
[04/16/26 06:23:57] INFO     Processing request of type            server.py:727
                             CallToolRequest                                    
[04/16/26 06:24:00] INFO     Processing request of type            server.py:727
                             CallToolRequest                                    
[04/16/26 06:24:05] INFO     Processing request of type            server.py:727
                             CallToolRequest                                    
[04/16/26 06:24:09] INFO     Processing request of type            server.py:727
                             CallToolRequest                                    
                    INFO     HTTP Request: POST                  _client.py:1740
                             http://erp1.enpack.com.cn:13580/k3C                
                             loud/Kingdee.BOS.WebApi.ServicesStu                
                             b.DynamicFormService.ExecuteBillQue                
                             ry.common.kdsvc "HTTP/1.1 200 OK"                  
[04/16/26 06:24:12] INFO     Processing request of type            server.py:727
                             CallToolRequest                                    
                    INFO     HTTP Request: POST                  _client.py:1740
                             http://erp1.enpack.com.cn:13580/k3C                
                             loud/Kingdee.BOS.WebApi.ServicesStu                
                             b.DynamicFormService.ExecuteBillQue                
                             ry.common.kdsvc "HTTP/1.1 200 OK"                  
[04/16/26 06:24:15] INFO     Processing request of type            server.py:727
                             CallToolRequest                                    
[04/16/26 06:24:16] INFO     HTTP Request: POST                  _client.py:1740
                             http://erp1.enpack.com.cn:13580/k3C                
                             loud/Kingdee.BOS.WebApi.ServicesStu                
                             b.DynamicFormService.ExecuteBillQue                
                             ry.common.kdsvc "HTTP/1.1 200 OK"                  
[04/16/26 06:24:18] INFO     Processing request of type            server.py:727
                             CallToolRequest                                    
[6/46] L2-01 (L2) — 8 fields / 12 tool calls: ['kingdee_get_schema', 'kingdee_get_schema', 'kingdee_list_cached_schemas', 'kingdee_get_schema', 'kingdee_get_schema', 'kingdee_get_wiki', 'kingdee_get_wiki', 'kingdee_query_bills', 'kingdee_query_bills', 'kingdee_query_bills', 'kingdee_query_bills', 'kingdee_get_relations']
[04/16/26 06:24:27] INFO     Processing request of type            server.py:727
                             CallToolRequest                                    
[04/16/26 06:24:30] INFO     Processing request of type            server.py:727
                             CallToolRequest                                    
[04/16/26 06:24:33] INFO     Processing request of type            server.py:727
                             CallToolRequest                                    
[04/16/26 06:24:35] INFO     Processing request of type            server.py:727
                             CallToolRequest                                    
[04/16/26 06:24:40] INFO     Processing request of type            server.py:727
                             CallToolRequest                                    
                    INFO     HTTP Request: POST                  _client.py:1740
                             http://erp1.enpack.com.cn:13580/k3C                
                             loud/Kingdee.BOS.WebApi.ServicesStu                
                             b.DynamicFormService.ExecuteBillQue                
                             ry.common.kdsvc "HTTP/1.1 200 OK"                  
[04/16/26 06:24:43] INFO     Processing request of type            server.py:727
                             CallToolRequest                                    
[04/16/26 06:24:48] INFO     Processing request of type            server.py:727
                             CallToolRequest                                    
                    INFO     HTTP Request: POST                  _client.py:1740
                             http://erp1.enpack.com.cn:13580/k3C                
                             loud/Kingdee.BOS.WebApi.ServicesStu                
                             b.DynamicFormService.ExecuteBillQue                
                             ry.common.kdsvc "HTTP/1.1 200 OK"                  
[04/16/26 06:24:53] INFO     Processing request of type            server.py:727
                             CallToolRequest                                    
                    INFO     HTTP Request: POST                  _client.py:1740
                             http://erp1.enpack.com.cn:13580/k3C                
                             loud/Kingdee.BOS.WebApi.ServicesStu                
                             b.DynamicFormService.ExecuteBillQue                
                             ry.common.kdsvc "HTTP/1.1 200 OK"                  
[04/16/26 06:24:58] INFO     Processing request of type            server.py:727
                             CallToolRequest                                    
                    INFO     HTTP Request: POST                  _client.py:1740
                             http://erp1.enpack.com.cn:13580/k3C                
                             loud/Kingdee.BOS.WebApi.ServicesStu                
                             b.DynamicFormService.ExecuteBillQue                
                             ry.common.kdsvc "HTTP/1.1 200 OK"                  
[04/16/26 06:25:01] INFO     Processing request of type            server.py:727
                             CallToolRequest                                    
                    INFO     HTTP Request: POST                  _client.py:1740
                             http://erp1.enpack.com.cn:13580/k3C                
                             loud/Kingdee.BOS.WebApi.ServicesStu                
                             b.DynamicFormService.ExecuteBillQue                
                             ry.common.kdsvc "HTTP/1.1 200 OK"                  
[04/16/26 06:25:04] INFO     Processing request of type            server.py:727
                             CallToolRequest                                    
                    INFO     HTTP Request: POST                  _client.py:1740
                             http://erp1.enpack.com.cn:13580/k3C                
                             loud/Kingdee.BOS.WebApi.ServicesStu                
                             b.DynamicFormService.QueryBusinessI                
                             nfo.common.kdsvc "HTTP/1.1 200 OK"                 
[04/16/26 06:25:10] INFO     Processing request of type            server.py:727
                             CallToolRequest                                    
                    INFO     HTTP Request: POST                  _client.py:1740
                             http://erp1.enpack.com.cn:13580/k3C                
                             loud/Kingdee.BOS.WebApi.ServicesStu                
                             b.DynamicFormService.ExecuteBillQue                
                             ry.common.kdsvc "HTTP/1.1 200 OK"                  
[7/46] L2-02 (L2) — 9 fields / 12 tool calls: ['kingdee_list_cached_schemas', 'kingdee_get_schema', 'kingdee_get_schema', 'kingdee_get_relations', 'kingdee_query_bills', 'kingdee_get_wiki', 'kingdee_query_bills', 'kingdee_query_bills', 'kingdee_query_bills', 'kingdee_search_forms_online', 'kingdee_describe_form', 'kingdee_query_bills']
[04/16/26 06:25:20] INFO     Processing request of type            server.py:727
                             CallToolRequest                                    
[04/16/26 06:25:22] INFO     Processing request of type            server.py:727
                             CallToolRequest                                    
[04/16/26 06:25:24] INFO     Processing request of type            server.py:727
                             CallToolRequest                                    
[04/16/26 06:25:27] INFO     Processing request of type            server.py:727
                             CallToolRequest                                    
[04/16/26 06:25:30] INFO     Processing request of type            server.py:727
                             CallToolRequest                                    
[04/16/26 06:25:32] INFO     Processing request of type            server.py:727
                             CallToolRequest                                    
[04/16/26 06:25:34] INFO     Processing request of type            server.py:727
                             CallToolRequest                                    
[04/16/26 06:25:39] INFO     Processing request of type            server.py:727
                             CallToolRequest                                    
[04/16/26 06:25:43] INFO     Processing request of type            server.py:727
                             CallToolRequest                                    
[04/16/26 06:25:47] INFO     Processing request of type            server.py:727
                             CallToolRequest                                    
                    INFO     HTTP Request: POST                  _client.py:1740
                             http://erp1.enpack.com.cn:13580/k3C                
                             loud/Kingdee.BOS.WebApi.ServicesStu                
                             b.DynamicFormService.ExecuteBillQue                
                             ry.common.kdsvc "HTTP/1.1 200 OK"                  
[04/16/26 06:25:50] INFO     Processing request of type            server.py:727
                             CallToolRequest                                    
[04/16/26 06:25:53] INFO     Processing request of type            server.py:727
                             CallToolRequest                                    
                    INFO     HTTP Request: POST                  _client.py:1740
                             http://erp1.enpack.com.cn:13580/k3C                
                             loud/Kingdee.BOS.WebApi.ServicesStu                
                             b.DynamicFormService.QueryBusinessI                
                             nfo.common.kdsvc "HTTP/1.1 200 OK"                 
[8/46] L2-03 (L2) — 7 fields / 12 tool calls: ['kingdee_get_schema', 'kingdee_get_schema', 'kingdee_list_cached_schemas', 'kingdee_search_forms_online', 'kingdee_search_forms_online', 'kingdee_get_wiki', 'kingdee_get_wiki', 'kingdee_query_bills', 'kingdee_query_bills', 'kingdee_query_bills', 'kingdee_get_relations', 'kingdee_describe_form']
[04/16/26 06:26:02] INFO     Processing request of type            server.py:727
                             CallToolRequest                                    
[04/16/26 06:26:04] INFO     Processing request of type            server.py:727
                             CallToolRequest                                    
[04/16/26 06:26:07] INFO     Processing request of type            server.py:727
                             CallToolRequest                                    
[04/16/26 06:26:09] INFO     Processing request of type            server.py:727
                             CallToolRequest                                    
[04/16/26 06:26:12] INFO     Processing request of type            server.py:727
                             CallToolRequest                                    
[04/16/26 06:26:14] INFO     Processing request of type            server.py:727
                             CallToolRequest                                    
[04/16/26 06:26:18] INFO     Processing request of type            server.py:727
                             CallToolRequest                                    
                    INFO     HTTP Request: POST                  _client.py:1740
                             http://erp1.enpack.com.cn:13580/k3C                
                             loud/Kingdee.BOS.WebApi.ServicesStu                
                             b.DynamicFormService.ExecuteBillQue                
                             ry.common.kdsvc "HTTP/1.1 200 OK"                  
[04/16/26 06:26:21] INFO     Processing request of type            server.py:727
                             CallToolRequest                                    
[04/16/26 06:26:26] INFO     Processing request of type            server.py:727
                             CallToolRequest                                    
                    INFO     HTTP Request: POST                  _client.py:1740
                             http://erp1.enpack.com.cn:13580/k3C                
                             loud/Kingdee.BOS.WebApi.ServicesStu                
                             b.DynamicFormService.ExecuteBillQue                
                             ry.common.kdsvc "HTTP/1.1 200 OK"                  
[04/16/26 06:26:29] INFO     Processing request of type            server.py:727
                             CallToolRequest                                    
                    INFO     HTTP Request: POST                  _client.py:1740
                             http://erp1.enpack.com.cn:13580/k3C                
                             loud/Kingdee.BOS.WebApi.ServicesStu                
                             b.DynamicFormService.ExecuteBillQue                
                             ry.common.kdsvc "HTTP/1.1 200 OK"                  
[04/16/26 06:26:33] INFO     Processing request of type            server.py:727
                             CallToolRequest                                    
                    INFO     HTTP Request: POST                  _client.py:1740
                             http://erp1.enpack.com.cn:13580/k3C                
                             loud/Kingdee.BOS.WebApi.ServicesStu                
                             b.DynamicFormService.ExecuteBillQue                
                             ry.common.kdsvc "HTTP/1.1 200 OK"                  
[04/16/26 06:26:38] INFO     Processing request of type            server.py:727
                             CallToolRequest                                    
                    INFO     HTTP Request: POST                  _client.py:1740
                             http://erp1.enpack.com.cn:13580/k3C                
                             loud/Kingdee.BOS.WebApi.ServicesStu                
                             b.DynamicFormService.ExecuteBillQue                
                             ry.common.kdsvc "HTTP/1.1 200 OK"                  
[9/46] L2-04 (L2) — 10 fields / 12 tool calls: ['kingdee_get_schema', 'kingdee_list_cached_schemas', 'kingdee_get_schema', 'kingdee_get_schema', 'kingdee_get_wiki', 'kingdee_get_wiki', 'kingdee_query_bills', 'kingdee_get_relations', 'kingdee_query_bills', 'kingdee_search_forms_online', 'kingdee_query_bills', 'kingdee_query_bills']
[04/16/26 06:26:47] INFO     Processing request of type            server.py:727
                             CallToolRequest                                    
[04/16/26 06:26:49] INFO     Processing request of type            server.py:727
                             CallToolRequest                                    
[04/16/26 06:26:52] INFO     Processing request of type            server.py:727
                             CallToolRequest                                    
[04/16/26 06:26:55] INFO     Processing request of type            server.py:727
                             CallToolRequest                                    
[04/16/26 06:26:57] INFO     Processing request of type            server.py:727
                             CallToolRequest                                    
[04/16/26 06:27:02] INFO     Processing request of type            server.py:727
                             CallToolRequest                                    
                    INFO     HTTP Request: POST                  _client.py:1740
                             http://erp1.enpack.com.cn:13580/k3C                
                             loud/Kingdee.BOS.WebApi.ServicesStu                
                             b.DynamicFormService.ExecuteBillQue                
                             ry.common.kdsvc "HTTP/1.1 200 OK"                  
[04/16/26 06:27:07] INFO     Processing request of type            server.py:727
                             CallToolRequest                                    
                    INFO     HTTP Request: POST                  _client.py:1740
                             http://erp1.enpack.com.cn:13580/k3C                
                             loud/Kingdee.BOS.WebApi.ServicesStu                
                             b.DynamicFormService.ExecuteBillQue                
                             ry.common.kdsvc "HTTP/1.1 200 OK"                  
[04/16/26 06:27:12] INFO     Processing request of type            server.py:727
                             CallToolRequest                                    
                    INFO     HTTP Request: POST                  _client.py:1740
                             http://erp1.enpack.com.cn:13580/k3C                
                             loud/Kingdee.BOS.WebApi.ServicesStu                
                             b.DynamicFormService.ExecuteBillQue                
                             ry.common.kdsvc "HTTP/1.1 200 OK"                  
[04/16/26 06:27:17] INFO     Processing request of type            server.py:727
                             CallToolRequest                                    
[04/16/26 06:27:21] INFO     Processing request of type            server.py:727
                             CallToolRequest                                    
                    INFO     HTTP Request: POST                  _client.py:1740
                             http://erp1.enpack.com.cn:13580/k3C                
                             loud/Kingdee.BOS.WebApi.ServicesStu                
                             b.DynamicFormService.ExecuteBillQue                
                             ry.common.kdsvc "HTTP/1.1 200 OK"                  
[04/16/26 06:27:26] INFO     Processing request of type            server.py:727
                             CallToolRequest                                    
                    INFO     HTTP Request: POST                  _client.py:1740
                             http://erp1.enpack.com.cn:13580/k3C                
                             loud/Kingdee.BOS.WebApi.ServicesStu                
                             b.DynamicFormService.ExecuteBillQue                
                             ry.common.kdsvc "HTTP/1.1 200 OK"                  
[04/16/26 06:27:30] INFO     Processing request of type            server.py:727
                             CallToolRequest                                    
                    INFO     HTTP Request: POST                  _client.py:1740
                             http://erp1.enpack.com.cn:13580/k3C                
                             loud/Kingdee.BOS.WebApi.ServicesStu                
                             b.DynamicFormService.ExecuteBillQue                
                             ry.common.kdsvc "HTTP/1.1 200 OK"                  
[10/46] L2-05 (L2) — 11 fields / 12 tool calls: ['kingdee_get_schema', 'kingdee_list_cached_schemas', 'kingdee_get_schema', 'kingdee_get_schema', 'kingdee_get_wiki', 'kingdee_query_bills', 'kingdee_query_bills', 'kingdee_query_bills', 'kingdee_query_bills', 'kingdee_query_bills', 'kingdee_query_bills', 'kingdee_query_bills']
[04/16/26 06:27:41] INFO     Processing request of type            server.py:727
                             CallToolRequest                                    
[04/16/26 06:27:44] INFO     Processing request of type            server.py:727
                             CallToolRequest                                    
[04/16/26 06:27:46] INFO     Processing request of type            server.py:727
                             CallToolRequest                                    
[04/16/26 06:27:49] INFO     Processing request of type            server.py:727
                             CallToolRequest                                    
[04/16/26 06:27:52] INFO     Processing request of type            server.py:727
                             CallToolRequest                                    
                    INFO     HTTP Request: POST                  _client.py:1740
                             http://erp1.enpack.com.cn:13580/k3C                
                             loud/Kingdee.BOS.WebApi.ServicesStu                
                             b.DynamicFormService.ExecuteBillQue                
                             ry.common.kdsvc "HTTP/1.1 200 OK"                  
[04/16/26 06:27:55] INFO     Processing request of type            server.py:727
                             CallToolRequest                                    
[04/16/26 06:27:57] INFO     Processing request of type            server.py:727
                             CallToolRequest                                    
[04/16/26 06:28:02] INFO     Processing request of type            server.py:727
                             CallToolRequest                                    
                    INFO     HTTP Request: POST                  _client.py:1740
                             http://erp1.enpack.com.cn:13580/k3C                
                             loud/Kingdee.BOS.WebApi.ServicesStu                
                             b.DynamicFormService.ExecuteBillQue                
                             ry.common.kdsvc "HTTP/1.1 200 OK"                  
[04/16/26 06:28:07] INFO     Processing request of type            server.py:727
                             CallToolRequest                                    
                    INFO     HTTP Request: POST                  _client.py:1740
                             http://erp1.enpack.com.cn:13580/k3C                
                             loud/Kingdee.BOS.WebApi.ServicesStu                
                             b.DynamicFormService.ExecuteBillQue                
                             ry.common.kdsvc "HTTP/1.1 200 OK"                  
[04/16/26 06:28:12] INFO     Processing request of type            server.py:727
                             CallToolRequest                                    
                    INFO     HTTP Request: POST                  _client.py:1740
                             http://erp1.enpack.com.cn:13580/k3C                
                             loud/Kingdee.BOS.WebApi.ServicesStu                
                             b.DynamicFormService.ExecuteBillQue                
                             ry.common.kdsvc "HTTP/1.1 200 OK"                  
[04/16/26 06:28:15] INFO     Processing request of type            server.py:727
                             CallToolRequest                                    
[04/16/26 06:28:17] INFO     Processing request of type            server.py:727
                             CallToolRequest                                    
                    INFO     HTTP Request: POST                  _client.py:1740
                             http://erp1.enpack.com.cn:13580/k3C                
                             loud/Kingdee.BOS.WebApi.ServicesStu                
                             b.DynamicFormService.ExecuteBillQue                
                             ry.common.kdsvc "HTTP/1.1 200 OK"                  
[11/46] L2-06 (L2) — 13 fields / 12 tool calls: ['kingdee_get_schema', 'kingdee_get_schema', 'kingdee_list_cached_schemas', 'kingdee_get_schema', 'kingdee_query_bills', 'kingdee_get_relations', 'kingdee_get_relations', 'kingdee_query_bills', 'kingdee_query_bills', 'kingdee_query_bills', 'kingdee_describe_form', 'kingdee_search_forms_online']
[04/16/26 06:28:24] INFO     Processing request of type            server.py:727
                             CallToolRequest                                    
[04/16/26 06:28:27] INFO     Processing request of type            server.py:727
                             CallToolRequest                                    
[04/16/26 06:28:30] INFO     Processing request of type            server.py:727
                             CallToolRequest                                    
[04/16/26 06:28:32] INFO     Processing request of type            server.py:727
                             CallToolRequest                                    
[04/16/26 06:28:34] INFO     Processing request of type            server.py:727
                             CallToolRequest                                    
[04/16/26 06:28:37] INFO     Processing request of type            server.py:727
                             CallToolRequest                                    
[04/16/26 06:28:40] INFO     Processing request of type            server.py:727
                             CallToolRequest                                    
[04/16/26 06:28:44] INFO     Processing request of type            server.py:727
                             CallToolRequest                                    
[04/16/26 06:28:48] INFO     Processing request of type            server.py:727
                             CallToolRequest                                    
                    INFO     HTTP Request: POST                  _client.py:1740
                             http://erp1.enpack.com.cn:13580/k3C                
                             loud/Kingdee.BOS.WebApi.ServicesStu                
                             b.DynamicFormService.ExecuteBillQue                
                             ry.common.kdsvc "HTTP/1.1 200 OK"                  
[04/16/26 06:28:51] INFO     Processing request of type            server.py:727
                             CallToolRequest                                    
                    INFO     HTTP Request: POST                  _client.py:1740
                             http://erp1.enpack.com.cn:13580/k3C                
                             loud/Kingdee.BOS.WebApi.ServicesStu                
                             b.DynamicFormService.QueryBusinessI                
                             nfo.common.kdsvc "HTTP/1.1 200 OK"                 
[04/16/26 06:28:55] INFO     Processing request of type            server.py:727
                             CallToolRequest                                    
[04/16/26 06:29:02] INFO     Processing request of type            server.py:727
                             CallToolRequest                                    
                    INFO     HTTP Request: POST                  _client.py:1740
                             http://erp1.enpack.com.cn:13580/k3C                
                             loud/Kingdee.BOS.WebApi.ServicesStu                
                             b.DynamicFormService.ExecuteBillQue                
                             ry.common.kdsvc "HTTP/1.1 200 OK"                  
[12/46] L2-07 (L2) — 9 fields / 12 tool calls: ['kingdee_list_cached_schemas', 'kingdee_search_forms_online', 'kingdee_search_forms_online', 'kingdee_get_wiki', 'kingdee_get_wiki', 'kingdee_get_schema', 'kingdee_get_schema', 'kingdee_query_bills', 'kingdee_query_bills', 'kingdee_get_schema', 'kingdee_get_relations', 'kingdee_query_bills']
[04/16/26 06:29:12] INFO     Processing request of type            server.py:727
                             CallToolRequest                                    
[04/16/26 06:29:14] INFO     Processing request of type            server.py:727
                             CallToolRequest                                    
[04/16/26 06:29:17] INFO     Processing request of type            server.py:727
                             CallToolRequest                                    
[04/16/26 06:29:19] INFO     Processing request of type            server.py:727
                             CallToolRequest                                    
[04/16/26 06:29:24] INFO     Processing request of type            server.py:727
                             CallToolRequest                                    
[04/16/26 06:29:30] INFO     Processing request of type            server.py:727
                             CallToolRequest                                    
                    INFO     HTTP Request: POST                  _client.py:1740
                             http://erp1.enpack.com.cn:13580/k3C                
                             loud/Kingdee.BOS.WebApi.ServicesStu                
                             b.DynamicFormService.ExecuteBillQue                
                             ry.common.kdsvc "HTTP/1.1 200 OK"                  
[04/16/26 06:29:33] INFO     Processing request of type            server.py:727
                             CallToolRequest                                    
                    INFO     HTTP Request: POST                  _client.py:1740
                             http://erp1.enpack.com.cn:13580/k3C                
                             loud/Kingdee.BOS.WebApi.ServicesStu                
                             b.DynamicFormService.ExecuteBillQue                
                             ry.common.kdsvc "HTTP/1.1 200 OK"                  
[04/16/26 06:29:38] INFO     Processing request of type            server.py:727
                             CallToolRequest                                    
                    INFO     HTTP Request: POST                  _client.py:1740
                             http://erp1.enpack.com.cn:13580/k3C                
                             loud/Kingdee.BOS.WebApi.ServicesStu                
                             b.DynamicFormService.ExecuteBillQue                
                             ry.common.kdsvc "HTTP/1.1 200 OK"                  
[04/16/26 06:29:42] INFO     Processing request of type            server.py:727
                             CallToolRequest                                    
                    INFO     HTTP Request: POST                  _client.py:1740
                             http://erp1.enpack.com.cn:13580/k3C                
                             loud/Kingdee.BOS.WebApi.ServicesStu                
                             b.DynamicFormService.ExecuteBillQue                
                             ry.common.kdsvc "HTTP/1.1 200 OK"                  
[04/16/26 06:29:45] INFO     Processing request of type            server.py:727
                             CallToolRequest                                    
                    INFO     HTTP Request: POST                  _client.py:1740
                             http://erp1.enpack.com.cn:13580/k3C                
                             loud/Kingdee.BOS.WebApi.ServicesStu                
                             b.DynamicFormService.ExecuteBillQue                
                             ry.common.kdsvc "HTTP/1.1 200 OK"                  
[04/16/26 06:29:49] INFO     Processing request of type            server.py:727
                             CallToolRequest                                    
                    INFO     HTTP Request: POST                  _client.py:1740
                             http://erp1.enpack.com.cn:13580/k3C                
                             loud/Kingdee.BOS.WebApi.ServicesStu                
                             b.DynamicFormService.ExecuteBillQue                
                             ry.common.kdsvc "HTTP/1.1 200 OK"                  
[04/16/26 06:29:52] INFO     Processing request of type            server.py:727
                             CallToolRequest                                    
                    INFO     HTTP Request: POST                  _client.py:1740
                             http://erp1.enpack.com.cn:13580/k3C                
                             loud/Kingdee.BOS.WebApi.ServicesStu                
                             b.DynamicFormService.ExecuteBillQue                
                             ry.common.kdsvc "HTTP/1.1 200 OK"                  
[13/46] L2-08 (L2) — 8 fields / 12 tool calls: ['kingdee_get_schema', 'kingdee_list_cached_schemas', 'kingdee_get_schema', 'kingdee_get_schema', 'kingdee_get_relations', 'kingdee_query_fixed_assets', 'kingdee_query_bills', 'kingdee_query_bills', 'kingdee_query_bills', 'kingdee_query_bills', 'kingdee_query_bills', 'kingdee_query_bills']
[04/16/26 06:30:01] INFO     Processing request of type            server.py:727
                             CallToolRequest                                    
[04/16/26 06:30:04] INFO     Processing request of type            server.py:727
                             CallToolRequest                                    
[04/16/26 06:30:07] INFO     Processing request of type            server.py:727
                             CallToolRequest                                    
[04/16/26 06:30:10] INFO     Processing request of type            server.py:727
                             CallToolRequest                                    
[04/16/26 06:30:12] INFO     Processing request of type            server.py:727
                             CallToolRequest                                    
[04/16/26 06:30:15] INFO     Processing request of type            server.py:727
                             CallToolRequest                                    
[04/16/26 06:30:17] INFO     Processing request of type            server.py:727
                             CallToolRequest                                    
[04/16/26 06:30:22] INFO     Processing request of type            server.py:727
                             CallToolRequest                                    
[04/16/26 06:30:26] INFO     Processing request of type            server.py:727
                             CallToolRequest                                    
                    INFO     HTTP Request: POST                  _client.py:1740
                             http://erp1.enpack.com.cn:13580/k3C                
                             loud/Kingdee.BOS.WebApi.ServicesStu                
                             b.DynamicFormService.ExecuteBillQue                
                             ry.common.kdsvc "HTTP/1.1 200 OK"                  
[04/16/26 06:30:29] INFO     Processing request of type            server.py:727
                             CallToolRequest                                    
[04/16/26 06:30:34] INFO     Processing request of type            server.py:727
                             CallToolRequest                                    
                    INFO     HTTP Request: POST                  _client.py:1740
                             http://erp1.enpack.com.cn:13580/k3C                
                             loud/Kingdee.BOS.WebApi.ServicesStu                
                             b.DynamicFormService.ExecuteBillQue                
                             ry.common.kdsvc "HTTP/1.1 200 OK"                  
[04/16/26 06:30:37] INFO     Processing request of type            server.py:727
                             CallToolRequest                                    
                    INFO     HTTP Request: POST                  _client.py:1740
                             http://erp1.enpack.com.cn:13580/k3C                
                             loud/Kingdee.BOS.WebApi.ServicesStu                
                             b.DynamicFormService.QueryBusinessI                
                             nfo.common.kdsvc "HTTP/1.1 200 OK"                 
[14/46] L2-09 (L2) — 10 fields / 12 tool calls: ['kingdee_get_schema', 'kingdee_list_cached_schemas', 'kingdee_get_schema', 'kingdee_get_schema', 'kingdee_get_schema', 'kingdee_get_wiki', 'kingdee_get_wiki', 'kingdee_query_bills', 'kingdee_query_bills', 'kingdee_get_relations', 'kingdee_query_bills', 'kingdee_describe_form']
[04/16/26 06:30:47] INFO     Processing request of type            server.py:727
                             CallToolRequest                                    
[04/16/26 06:30:49] INFO     Processing request of type            server.py:727
                             CallToolRequest                                    
[04/16/26 06:30:52] INFO     Processing request of type            server.py:727
                             CallToolRequest                                    
[04/16/26 06:30:54] INFO     Processing request of type            server.py:727
                             CallToolRequest                                    
[04/16/26 06:30:57] INFO     Processing request of type            server.py:727
                             CallToolRequest                                    
[04/16/26 06:30:59] INFO     Processing request of type            server.py:727
                             CallToolRequest                                    
[04/16/26 06:31:03] INFO     Processing request of type            server.py:727
                             CallToolRequest                                    
[04/16/26 06:31:07] INFO     Processing request of type            server.py:727
                             CallToolRequest                                    
[04/16/26 06:31:11] INFO     Processing request of type            server.py:727
                             CallToolRequest                                    
[04/16/26 06:31:15] INFO     Processing request of type            server.py:727
                             CallToolRequest                                    
[04/16/26 06:31:16] INFO     HTTP Request: POST                  _client.py:1740
                             http://erp1.enpack.com.cn:13580/k3C                
                             loud/Kingdee.BOS.WebApi.ServicesStu                
                             b.DynamicFormService.ExecuteBillQue                
                             ry.common.kdsvc "HTTP/1.1 200 OK"                  
[04/16/26 06:31:18] INFO     Processing request of type            server.py:727
                             CallToolRequest                                    
                    INFO     HTTP Request: POST                  _client.py:1740
                             http://erp1.enpack.com.cn:13580/k3C                
                             loud/Kingdee.BOS.WebApi.ServicesStu                
                             b.DynamicFormService.QueryBusinessI                
                             nfo.common.kdsvc "HTTP/1.1 200 OK"                 
[04/16/26 06:31:23] INFO     Processing request of type            server.py:727
                             CallToolRequest                                    
                    INFO     HTTP Request: POST                  _client.py:1740
                             http://erp1.enpack.com.cn:13580/k3C                
                             loud/Kingdee.BOS.WebApi.ServicesStu                
                             b.DynamicFormService.ExecuteBillQue                
                             ry.common.kdsvc "HTTP/1.1 200 OK"                  
[15/46] L2-10 (L2) — 12 fields / 12 tool calls: ['kingdee_get_schema', 'kingdee_list_cached_schemas', 'kingdee_search_forms_online', 'kingdee_search_forms_online', 'kingdee_get_wiki', 'kingdee_get_wiki', 'kingdee_query_bills', 'kingdee_query_bills', 'kingdee_query_bills', 'kingdee_query_bills', 'kingdee_get_schema', 'kingdee_query_bills']
[04/16/26 06:31:31] INFO     Processing request of type            server.py:727
                             CallToolRequest                                    
[04/16/26 06:31:34] INFO     Processing request of type            server.py:727
                             CallToolRequest                                    
[04/16/26 06:31:36] INFO     Processing request of type            server.py:727
                             CallToolRequest                                    
[04/16/26 06:31:39] INFO     Processing request of type            server.py:727
                             CallToolRequest                                    
[04/16/26 06:31:41] INFO     Processing request of type            server.py:727
                             CallToolRequest                                    
[04/16/26 06:31:43] INFO     Processing request of type            server.py:727
                             CallToolRequest                                    
[04/16/26 06:31:46] INFO     Processing request of type            server.py:727
                             CallToolRequest                                    
                    INFO     HTTP Request: POST                  _client.py:1740
                             http://erp1.enpack.com.cn:13580/k3C                
                             loud/Kingdee.BOS.WebApi.ServicesStu                
                             b.DynamicFormService.ExecuteBillQue                
                             ry.common.kdsvc "HTTP/1.1 200 OK"                  
[04/16/26 06:31:51] INFO     Processing request of type            server.py:727
                             CallToolRequest                                    
                    INFO     HTTP Request: POST                  _client.py:1740
                             http://erp1.enpack.com.cn:13580/k3C                
                             loud/Kingdee.BOS.WebApi.ServicesStu                
                             b.DynamicFormService.ExecuteBillQue                
                             ry.common.kdsvc "HTTP/1.1 200 OK"                  
[04/16/26 06:31:54] INFO     Processing request of type            server.py:727
                             CallToolRequest                                    
                    INFO     HTTP Request: POST                  _client.py:1740
                             http://erp1.enpack.com.cn:13580/k3C                
                             loud/Kingdee.BOS.WebApi.ServicesStu                
                             b.DynamicFormService.ExecuteBillQue                
                             ry.common.kdsvc "HTTP/1.1 200 OK"                  
[04/16/26 06:31:58] INFO     Processing request of type            server.py:727
                             CallToolRequest                                    
                    INFO     HTTP Request: POST                  _client.py:1740
                             http://erp1.enpack.com.cn:13580/k3C                
                             loud/Kingdee.BOS.WebApi.ServicesStu                
                             b.DynamicFormService.ExecuteBillQue                
                             ry.common.kdsvc "HTTP/1.1 200 OK"                  
[04/16/26 06:32:02] INFO     Processing request of type            server.py:727
                             CallToolRequest                                    
                    INFO     HTTP Request: POST                  _client.py:1740
                             http://erp1.enpack.com.cn:13580/k3C                
                             loud/Kingdee.BOS.WebApi.ServicesStu                
                             b.DynamicFormService.ExecuteBillQue                
                             ry.common.kdsvc "HTTP/1.1 200 OK"                  
[04/16/26 06:32:06] INFO     Processing request of type            server.py:727
                             CallToolRequest                                    
                    INFO     HTTP Request: POST                  _client.py:1740
                             http://erp1.enpack.com.cn:13580/k3C                
                             loud/Kingdee.BOS.WebApi.ServicesStu                
                             b.DynamicFormService.ExecuteBillQue                
                             ry.common.kdsvc "HTTP/1.1 200 OK"                  
[16/46] L3-01 (L3) — 10 fields / 12 tool calls: ['kingdee_list_cached_schemas', 'kingdee_get_schema', 'kingdee_get_schema', 'kingdee_get_schema', 'kingdee_get_wiki', 'kingdee_get_wiki', 'kingdee_query_bills', 'kingdee_query_bills', 'kingdee_query_bills', 'kingdee_search_forms_online', 'kingdee_query_bills', 'kingdee_query_bills']
[04/16/26 06:32:19] INFO     Processing request of type            server.py:727
                             CallToolRequest                                    
[04/16/26 06:32:21] INFO     Processing request of type            server.py:727
                             CallToolRequest                                    
[04/16/26 06:32:24] INFO     Processing request of type            server.py:727
                             CallToolRequest                                    
[04/16/26 06:32:26] INFO     Processing request of type            server.py:727
                             CallToolRequest                                    
[04/16/26 06:32:28] INFO     Processing request of type            server.py:727
                             CallToolRequest                                    
[04/16/26 06:32:30] INFO     Processing request of type            server.py:727
                             CallToolRequest                                    
[04/16/26 06:32:33] INFO     Processing request of type            server.py:727
                             CallToolRequest                                    
[04/16/26 06:32:36] INFO     Processing request of type            server.py:727
                             CallToolRequest                                    
[04/16/26 06:32:37] INFO     HTTP Request: POST                  _client.py:1740
                             http://erp1.enpack.com.cn:13580/k3C                
                             loud/Kingdee.BOS.WebApi.ServicesStu                
                             b.DynamicFormService.ExecuteBillQue                
                             ry.common.kdsvc "HTTP/1.1 200 OK"                  
[04/16/26 06:32:39] INFO     Processing request of type            server.py:727
                             CallToolRequest                                    
[04/16/26 06:32:42] INFO     Processing request of type            server.py:727
                             CallToolRequest                                    
[04/16/26 06:32:45] INFO     Processing request of type            server.py:727
                             CallToolRequest                                    
                    INFO     HTTP Request: POST                  _client.py:1740
                             http://erp1.enpack.com.cn:13580/k3C                
                             loud/Kingdee.BOS.WebApi.ServicesStu                
                             b.DynamicFormService.ExecuteBillQue                
                             ry.common.kdsvc "HTTP/1.1 200 OK"                  
[04/16/26 06:32:47] INFO     Processing request of type            server.py:727
                             CallToolRequest                                    
[17/46] L3-02 (L3) — 6 fields / 12 tool calls: ['kingdee_list_cached_schemas', 'kingdee_get_schema', 'kingdee_get_schema', 'kingdee_get_wiki', 'kingdee_get_wiki', 'kingdee_search_forms_online', 'kingdee_search_forms_online', 'kingdee_query_bills', 'kingdee_describe_form', 'kingdee_describe_form', 'kingdee_query_bills', 'kingdee_search_forms_online']
[04/16/26 06:32:55] INFO     Processing request of type            server.py:727
                             CallToolRequest                                    
[04/16/26 06:32:58] INFO     Processing request of type            server.py:727
                             CallToolRequest                                    
[04/16/26 06:33:00] INFO     Processing request of type            server.py:727
                             CallToolRequest                                    
[04/16/26 06:33:03] INFO     Processing request of type            server.py:727
                             CallToolRequest                                    
[04/16/26 06:33:05] INFO     Processing request of type            server.py:727
                             CallToolRequest                                    
[04/16/26 06:33:09] INFO     Processing request of type            server.py:727
                             CallToolRequest                                    
                    INFO     HTTP Request: POST                  _client.py:1740
                             http://erp1.enpack.com.cn:13580/k3C                
                             loud/Kingdee.BOS.WebApi.ServicesStu                
                             b.DynamicFormService.ExecuteBillQue                
                             ry.common.kdsvc "HTTP/1.1 200 OK"                  
[04/16/26 06:33:12] INFO     Processing request of type            server.py:727
                             CallToolRequest                                    
                    INFO     HTTP Request: POST                  _client.py:1740
                             http://erp1.enpack.com.cn:13580/k3C                
                             loud/Kingdee.BOS.WebApi.ServicesStu                
                             b.DynamicFormService.ExecuteBillQue                
                             ry.common.kdsvc "HTTP/1.1 200 OK"                  
[04/16/26 06:33:14] INFO     Processing request of type            server.py:727
                             CallToolRequest                                    
                    INFO     HTTP Request: POST                  _client.py:1740
                             http://erp1.enpack.com.cn:13580/k3C                
                             loud/Kingdee.BOS.WebApi.ServicesStu                
                             b.DynamicFormService.ExecuteBillQue                
                             ry.common.kdsvc "HTTP/1.1 200 OK"                  
[04/16/26 06:33:18] INFO     Processing request of type            server.py:727
                             CallToolRequest                                    
                    INFO     HTTP Request: POST                  _client.py:1740
                             http://erp1.enpack.com.cn:13580/k3C                
                             loud/Kingdee.BOS.WebApi.ServicesStu                
                             b.DynamicFormService.ExecuteBillQue                
                             ry.common.kdsvc "HTTP/1.1 200 OK"                  
[04/16/26 06:33:21] INFO     Processing request of type            server.py:727
                             CallToolRequest                                    
                    INFO     HTTP Request: POST                  _client.py:1740
                             http://erp1.enpack.com.cn:13580/k3C                
                             loud/Kingdee.BOS.WebApi.ServicesStu                
                             b.DynamicFormService.ExecuteBillQue                
                             ry.common.kdsvc "HTTP/1.1 200 OK"                  
[04/16/26 06:33:24] INFO     Processing request of type            server.py:727
                             CallToolRequest                                    
                    INFO     HTTP Request: POST                  _client.py:1740
                             http://erp1.enpack.com.cn:13580/k3C                
                             loud/Kingdee.BOS.WebApi.ServicesStu                
                             b.DynamicFormService.ExecuteBillQue                
                             ry.common.kdsvc "HTTP/1.1 200 OK"                  
[04/16/26 06:33:28] INFO     Processing request of type            server.py:727
                             CallToolRequest                                    
                    INFO     HTTP Request: POST                  _client.py:1740
                             http://erp1.enpack.com.cn:13580/k3C                
                             loud/Kingdee.BOS.WebApi.ServicesStu                
                             b.DynamicFormService.ExecuteBillQue                
                             ry.common.kdsvc "HTTP/1.1 200 OK"                  
[18/46] L3-03 (L3) — 14 fields / 12 tool calls: ['kingdee_list_cached_schemas', 'kingdee_get_wiki', 'kingdee_get_wiki', 'kingdee_get_schema', 'kingdee_get_schema', 'kingdee_query_bills', 'kingdee_search_forms_online', 'kingdee_search_forms_online', 'kingdee_query_bills', 'kingdee_query_bills', 'kingdee_query_materials', 'kingdee_query_bills']
[04/16/26 06:33:36] INFO     Processing request of type            server.py:727
                             CallToolRequest                                    
[04/16/26 06:33:39] INFO     Processing request of type            server.py:727
                             CallToolRequest                                    
[04/16/26 06:33:41] INFO     Processing request of type            server.py:727
                             CallToolRequest                                    
[04/16/26 06:33:43] INFO     Processing request of type            server.py:727
                             CallToolRequest                                    
[04/16/26 06:33:46] INFO     Processing request of type            server.py:727
                             CallToolRequest                                    
                    INFO     HTTP Request: POST                  _client.py:1740
                             http://erp1.enpack.com.cn:13580/k3C                
                             loud/Kingdee.BOS.WebApi.ServicesStu                
                             b.DynamicFormService.ExecuteBillQue                
                             ry.common.kdsvc "HTTP/1.1 200 OK"                  
[04/16/26 06:33:49] INFO     Processing request of type            server.py:727
                             CallToolRequest                                    
[04/16/26 06:33:52] INFO     Processing request of type            server.py:727
                             CallToolRequest                                    
                    INFO     HTTP Request: POST                  _client.py:1740
                             http://erp1.enpack.com.cn:13580/k3C                
                             loud/Kingdee.BOS.WebApi.ServicesStu                
                             b.DynamicFormService.ExecuteBillQue                
                             ry.common.kdsvc "HTTP/1.1 200 OK"                  
[04/16/26 06:33:57] INFO     Processing request of type            server.py:727
                             CallToolRequest                                    
                    INFO     HTTP Request: POST                  _client.py:1740
                             http://erp1.enpack.com.cn:13580/k3C                
                             loud/Kingdee.BOS.WebApi.ServicesStu                
                             b.DynamicFormService.ExecuteBillQue                
                             ry.common.kdsvc "HTTP/1.1 200 OK"                  
[04/16/26 06:33:59] INFO     Processing request of type            server.py:727
                             CallToolRequest                                    
                    INFO     HTTP Request: POST                  _client.py:1740
                             http://erp1.enpack.com.cn:13580/k3C                
                             loud/Kingdee.BOS.WebApi.ServicesStu                
                             b.DynamicFormService.ExecuteBillQue                
                             ry.common.kdsvc "HTTP/1.1 200 OK"                  
[04/16/26 06:34:02] INFO     Processing request of type            server.py:727
                             CallToolRequest                                    
                    INFO     HTTP Request: POST                  _client.py:1740
                             http://erp1.enpack.com.cn:13580/k3C                
                             loud/Kingdee.BOS.WebApi.ServicesStu                
                             b.DynamicFormService.ExecuteBillQue                
                             ry.common.kdsvc "HTTP/1.1 200 OK"                  
[04/16/26 06:34:07] INFO     Processing request of type            server.py:727
                             CallToolRequest                                    
                    INFO     HTTP Request: POST                  _client.py:1740
                             http://erp1.enpack.com.cn:13580/k3C                
                             loud/Kingdee.BOS.WebApi.ServicesStu                
                             b.DynamicFormService.ExecuteBillQue                
                             ry.common.kdsvc "HTTP/1.1 200 OK"                  
[04/16/26 06:34:11] INFO     Processing request of type            server.py:727
                             CallToolRequest                                    
                    INFO     HTTP Request: POST                  _client.py:1740
                             http://erp1.enpack.com.cn:13580/k3C                
                             loud/Kingdee.BOS.WebApi.ServicesStu                
                             b.DynamicFormService.ExecuteBillQue                
                             ry.common.kdsvc "HTTP/1.1 200 OK"                  
[19/46] L3-04 (L3) — 14 fields / 12 tool calls: ['kingdee_list_cached_schemas', 'kingdee_get_schema', 'kingdee_get_schema', 'kingdee_get_wiki', 'kingdee_query_bills', 'kingdee_get_relations', 'kingdee_query_bills', 'kingdee_query_bills', 'kingdee_query_inventory', 'kingdee_query_materials', 'kingdee_query_inventory', 'kingdee_query_bills']
[04/16/26 06:34:22] INFO     Processing request of type            server.py:727
                             CallToolRequest                                    
[04/16/26 06:34:24] INFO     Processing request of type            server.py:727
                             CallToolRequest                                    
[04/16/26 06:34:27] INFO     Processing request of type            server.py:727
                             CallToolRequest                                    
[04/16/26 06:34:30] INFO     Processing request of type            server.py:727
                             CallToolRequest                                    
[04/16/26 06:34:32] INFO     Processing request of type            server.py:727
                             CallToolRequest                                    
[04/16/26 06:34:35] INFO     Processing request of type            server.py:727
                             CallToolRequest                                    
[04/16/26 06:34:37] INFO     Processing request of type            server.py:727
                             CallToolRequest                                    
                    INFO     HTTP Request: POST                  _client.py:1740
                             http://erp1.enpack.com.cn:13580/k3C                
                             loud/Kingdee.BOS.WebApi.ServicesStu                
                             b.DynamicFormService.ExecuteBillQue                
                             ry.common.kdsvc "HTTP/1.1 200 OK"                  
[04/16/26 06:34:41] INFO     Processing request of type            server.py:727
                             CallToolRequest                                    
                    INFO     HTTP Request: POST                  _client.py:1740
                             http://erp1.enpack.com.cn:13580/k3C                
                             loud/Kingdee.BOS.WebApi.ServicesStu                
                             b.DynamicFormService.ExecuteBillQue                
                             ry.common.kdsvc "HTTP/1.1 200 OK"                  
[04/16/26 06:34:45] INFO     Processing request of type            server.py:727
                             CallToolRequest                                    
                    INFO     HTTP Request: POST                  _client.py:1740
                             http://erp1.enpack.com.cn:13580/k3C                
                             loud/Kingdee.BOS.WebApi.ServicesStu                
                             b.DynamicFormService.ExecuteBillQue                
                             ry.common.kdsvc "HTTP/1.1 200 OK"                  
[04/16/26 06:34:55] INFO     Processing request of type            server.py:727
                             CallToolRequest                                    
                    INFO     HTTP Request: POST                  _client.py:1740
                             http://erp1.enpack.com.cn:13580/k3C                
                             loud/Kingdee.BOS.WebApi.ServicesStu                
                             b.DynamicFormService.ExecuteBillQue                
                             ry.common.kdsvc "HTTP/1.1 200 OK"                  
[04/16/26 06:34:57] INFO     Processing request of type            server.py:727
                             CallToolRequest                                    
[04/16/26 06:34:58] INFO     HTTP Request: POST                  _client.py:1740
                             http://erp1.enpack.com.cn:13580/k3C                
                             loud/Kingdee.BOS.WebApi.ServicesStu                
                             b.DynamicFormService.ExecuteBillQue                
                             ry.common.kdsvc "HTTP/1.1 200 OK"                  
[04/16/26 06:35:00] INFO     Processing request of type            server.py:727
                             CallToolRequest                                    
                    INFO     HTTP Request: POST                  _client.py:1740
                             http://erp1.enpack.com.cn:13580/k3C                
                             loud/Kingdee.BOS.WebApi.ServicesStu                
                             b.DynamicFormService.ExecuteBillQue                
                             ry.common.kdsvc "HTTP/1.1 200 OK"                  
[20/46] L3-05 (L3) — 6 fields / 12 tool calls: ['kingdee_get_schema', 'kingdee_list_cached_schemas', 'kingdee_get_schema', 'kingdee_get_schema', 'kingdee_get_relations', 'kingdee_query_inventory', 'kingdee_query_inventory', 'kingdee_query_materials', 'kingdee_query_inventory', 'kingdee_query_materials', 'kingdee_query_materials', 'kingdee_query_materials']
[04/16/26 06:35:12] INFO     Processing request of type            server.py:727
                             CallToolRequest                                    
[04/16/26 06:35:15] INFO     Processing request of type            server.py:727
                             CallToolRequest                                    
[04/16/26 06:35:19] INFO     Processing request of type            server.py:727
                             CallToolRequest                                    
[04/16/26 06:35:21] INFO     Processing request of type            server.py:727
                             CallToolRequest                                    
[04/16/26 06:35:24] INFO     Processing request of type            server.py:727
                             CallToolRequest                                    
[04/16/26 06:35:26] INFO     Processing request of type            server.py:727
                             CallToolRequest                                    
[04/16/26 06:35:30] INFO     Processing request of type            server.py:727
                             CallToolRequest                                    
[04/16/26 06:35:31] INFO     HTTP Request: POST                  _client.py:1740
                             http://erp1.enpack.com.cn:13580/k3C                
                             loud/Kingdee.BOS.WebApi.ServicesStu                
                             b.DynamicFormService.ExecuteBillQue                
                             ry.common.kdsvc "HTTP/1.1 200 OK"                  
[04/16/26 06:35:33] INFO     Processing request of type            server.py:727
                             CallToolRequest                                    
[04/16/26 06:35:37] INFO     Processing request of type            server.py:727
                             CallToolRequest                                    
                    INFO     HTTP Request: POST                  _client.py:1740
                             http://erp1.enpack.com.cn:13580/k3C                
                             loud/Kingdee.BOS.WebApi.ServicesStu                
                             b.DynamicFormService.ExecuteBillQue                
                             ry.common.kdsvc "HTTP/1.1 200 OK"                  
[04/16/26 06:35:41] INFO     Processing request of type            server.py:727
                             CallToolRequest                                    
                    INFO     HTTP Request: POST                  _client.py:1740
                             http://erp1.enpack.com.cn:13580/k3C                
                             loud/Kingdee.BOS.WebApi.ServicesStu                
                             b.DynamicFormService.ExecuteBillQue                
                             ry.common.kdsvc "HTTP/1.1 200 OK"                  
[04/16/26 06:35:44] INFO     Processing request of type            server.py:727
                             CallToolRequest                                    
                    INFO     HTTP Request: POST                  _client.py:1740
                             http://erp1.enpack.com.cn:13580/k3C                
                             loud/Kingdee.BOS.WebApi.ServicesStu                
                             b.DynamicFormService.ExecuteBillQue                
                             ry.common.kdsvc "HTTP/1.1 200 OK"                  
[04/16/26 06:35:47] INFO     Processing request of type            server.py:727
                             CallToolRequest                                    
                    INFO     HTTP Request: POST                  _client.py:1740
                             http://erp1.enpack.com.cn:13580/k3C                
                             loud/Kingdee.BOS.WebApi.ServicesStu                
                             b.DynamicFormService.ExecuteBillQue                
                             ry.common.kdsvc "HTTP/1.1 200 OK"                  
[21/46] L3-06 (L3) — 13 fields / 12 tool calls: ['kingdee_list_cached_schemas', 'kingdee_get_schema', 'kingdee_get_schema', 'kingdee_get_schema', 'kingdee_get_wiki', 'kingdee_get_wiki', 'kingdee_query_bills', 'kingdee_describe_form', 'kingdee_query_bills', 'kingdee_query_bills', 'kingdee_query_bills', 'kingdee_query_bills']
[04/16/26 06:35:58] INFO     Processing request of type            server.py:727
                             CallToolRequest                                    
[04/16/26 06:36:00] INFO     Processing request of type            server.py:727
                             CallToolRequest                                    
[04/16/26 06:36:03] INFO     Processing request of type            server.py:727
                             CallToolRequest                                    
[04/16/26 06:36:06] INFO     Processing request of type            server.py:727
                             CallToolRequest                                    
[04/16/26 06:36:09] INFO     Processing request of type            server.py:727
                             CallToolRequest                                    
[04/16/26 06:36:12] INFO     Processing request of type            server.py:727
                             CallToolRequest                                    
[04/16/26 06:36:17] INFO     Processing request of type            server.py:727
                             CallToolRequest                                    
[04/16/26 06:36:21] INFO     Processing request of type            server.py:727
                             CallToolRequest                                    
                    INFO     HTTP Request: POST                  _client.py:1740
                             http://erp1.enpack.com.cn:13580/k3C                
                             loud/Kingdee.BOS.WebApi.ServicesStu                
                             b.DynamicFormService.ExecuteBillQue                
                             ry.common.kdsvc "HTTP/1.1 200 OK"                  
[04/16/26 06:36:24] INFO     Processing request of type            server.py:727
                             CallToolRequest                                    
                    INFO     HTTP Request: POST                  _client.py:1740
                             http://erp1.enpack.com.cn:13580/k3C                
                             loud/Kingdee.BOS.WebApi.ServicesStu                
                             b.DynamicFormService.ExecuteBillQue                
                             ry.common.kdsvc "HTTP/1.1 200 OK"                  
[04/16/26 06:36:27] INFO     Processing request of type            server.py:727
                             CallToolRequest                                    
[04/16/26 06:36:33] INFO     Processing request of type            server.py:727
                             CallToolRequest                                    
                    INFO     HTTP Request: POST                  _client.py:1740
                             http://erp1.enpack.com.cn:13580/k3C                
                             loud/Kingdee.BOS.WebApi.ServicesStu                
                             b.DynamicFormService.ExecuteBillQue                
                             ry.common.kdsvc "HTTP/1.1 200 OK"                  
[04/16/26 06:36:37] INFO     Processing request of type            server.py:727
                             CallToolRequest                                    
[22/46] L4-01 (L4) — 7 fields / 12 tool calls: ['kingdee_get_schema', 'kingdee_get_schema', 'kingdee_list_cached_schemas', 'kingdee_get_schema', 'kingdee_get_schema', 'kingdee_get_wiki', 'kingdee_query_bills', 'kingdee_query_bills', 'kingdee_query_bills', 'kingdee_get_relations', 'kingdee_query_bills', 'kingdee_get_wiki']
[04/16/26 06:36:47] INFO     Processing request of type            server.py:727
                             CallToolRequest                                    
[04/16/26 06:36:49] INFO     Processing request of type            server.py:727
                             CallToolRequest                                    
[04/16/26 06:36:51] INFO     Processing request of type            server.py:727
                             CallToolRequest                                    
[04/16/26 06:36:55] INFO     Processing request of type            server.py:727
                             CallToolRequest                                    
[04/16/26 06:36:57] INFO     Processing request of type            server.py:727
                             CallToolRequest                                    
[04/16/26 06:36:58] INFO     HTTP Request: POST                  _client.py:1740
                             http://erp1.enpack.com.cn:13580/k3C                
                             loud/Kingdee.BOS.WebApi.ServicesStu                
                             b.DynamicFormService.ExecuteBillQue                
                             ry.common.kdsvc "HTTP/1.1 200 OK"                  
[04/16/26 06:37:01] INFO     Processing request of type            server.py:727
                             CallToolRequest                                    
[04/16/26 06:37:04] INFO     Processing request of type            server.py:727
                             CallToolRequest                                    
[04/16/26 06:37:07] INFO     Processing request of type            server.py:727
                             CallToolRequest                                    
[04/16/26 06:37:10] INFO     Processing request of type            server.py:727
                             CallToolRequest                                    
                    INFO     HTTP Request: POST                  _client.py:1740
                             http://erp1.enpack.com.cn:13580/k3C                
                             loud/Kingdee.BOS.WebApi.ServicesStu                
                             b.DynamicFormService.ExecuteBillQue                
                             ry.common.kdsvc "HTTP/1.1 200 OK"                  
[04/16/26 06:37:13] INFO     Processing request of type            server.py:727
                             CallToolRequest                                    
                    INFO     HTTP Request: POST                  _client.py:1740
                             http://erp1.enpack.com.cn:13580/k3C                
                             loud/Kingdee.BOS.WebApi.ServicesStu                
                             b.DynamicFormService.ExecuteBillQue                
                             ry.common.kdsvc "HTTP/1.1 200 OK"                  
[04/16/26 06:37:16] INFO     Processing request of type            server.py:727
                             CallToolRequest                                    
                    INFO     HTTP Request: POST                  _client.py:1740
                             http://erp1.enpack.com.cn:13580/k3C                
                             loud/Kingdee.BOS.WebApi.ServicesStu                
                             b.DynamicFormService.ExecuteBillQue                
                             ry.common.kdsvc "HTTP/1.1 200 OK"                  
[04/16/26 06:37:21] INFO     Processing request of type            server.py:727
                             CallToolRequest                                    
                    INFO     HTTP Request: POST                  _client.py:1740
                             http://erp1.enpack.com.cn:13580/k3C                
                             loud/Kingdee.BOS.WebApi.ServicesStu                
                             b.DynamicFormService.ExecuteBillQue                
                             ry.common.kdsvc "HTTP/1.1 200 OK"                  
[23/46] L4-02 (L4) — 6 fields / 12 tool calls: ['kingdee_get_schema', 'kingdee_get_schema', 'kingdee_list_cached_schemas', 'kingdee_get_schema', 'kingdee_query_materials', 'kingdee_get_wiki', 'kingdee_get_wiki', 'kingdee_describe_form', 'kingdee_search_forms_online', 'kingdee_search_forms_online', 'kingdee_query_materials', 'kingdee_query_bills']
[04/16/26 06:37:29] INFO     Processing request of type            server.py:727
                             CallToolRequest                                    
[04/16/26 06:37:31] INFO     Processing request of type            server.py:727
                             CallToolRequest                                    
[04/16/26 06:37:34] INFO     Processing request of type            server.py:727
                             CallToolRequest                                    
[04/16/26 06:37:36] INFO     Processing request of type            server.py:727
                             CallToolRequest                                    
[04/16/26 06:37:38] INFO     Processing request of type            server.py:727
                             CallToolRequest                                    
[04/16/26 06:37:41] INFO     Processing request of type            server.py:727
                             CallToolRequest                                    
[04/16/26 06:37:44] INFO     Processing request of type            server.py:727
                             CallToolRequest                                    
[04/16/26 06:37:47] INFO     Processing request of type            server.py:727
                             CallToolRequest                                    
[04/16/26 06:37:50] INFO     Processing request of type            server.py:727
                             CallToolRequest                                    
[04/16/26 06:37:53] INFO     Processing request of type            server.py:727
                             CallToolRequest                                    
[04/16/26 06:37:58] INFO     Processing request of type            server.py:727
                             CallToolRequest                                    
[04/16/26 06:38:01] INFO     Processing request of type            server.py:727
                             CallToolRequest                                    
                    INFO     HTTP Request: POST                  _client.py:1740
                             http://erp1.enpack.com.cn:13580/k3C                
                             loud/Kingdee.BOS.WebApi.ServicesStu                
                             b.DynamicFormService.ExecuteBillQue                
                             ry.common.kdsvc "HTTP/1.1 200 OK"                  
[24/46] L4-03 (L4) — 5 fields / 12 tool calls: ['kingdee_list_cached_schemas', 'kingdee_get_wiki', 'kingdee_get_wiki', 'kingdee_search_forms_online', 'kingdee_search_forms_online', 'kingdee_get_schema', 'kingdee_query_bills', 'kingdee_query_bills', 'kingdee_search_forms_online', 'kingdee_search_forms_online', 'kingdee_query_bills', 'kingdee_query_bills']
[04/16/26 06:38:08] INFO     Processing request of type            server.py:727
                             CallToolRequest                                    
[04/16/26 06:38:11] INFO     Processing request of type            server.py:727
                             CallToolRequest                                    
[04/16/26 06:38:13] INFO     Processing request of type            server.py:727
                             CallToolRequest                                    
[04/16/26 06:38:16] INFO     Processing request of type            server.py:727
                             CallToolRequest                                    
[04/16/26 06:38:19] INFO     Processing request of type            server.py:727
                             CallToolRequest                                    
[04/16/26 06:38:24] INFO     Processing request of type            server.py:727
                             CallToolRequest                                    
                    INFO     HTTP Request: POST                  _client.py:1740
                             http://erp1.enpack.com.cn:13580/k3C                
                             loud/Kingdee.BOS.WebApi.ServicesStu                
                             b.DynamicFormService.ExecuteBillQue                
                             ry.common.kdsvc "HTTP/1.1 200 OK"                  
[04/16/26 06:38:32] INFO     Processing request of type            server.py:727
                             CallToolRequest                                    
[04/16/26 06:38:42] INFO     Processing request of type            server.py:727
                             CallToolRequest                                    
                    INFO     HTTP Request: POST                  _client.py:1740
                             http://erp1.enpack.com.cn:13580/k3C                
                             loud/Kingdee.BOS.WebApi.ServicesStu                
                             b.DynamicFormService.ExecuteBillQue                
                             ry.common.kdsvc "HTTP/1.1 200 OK"                  
[04/16/26 06:38:50] INFO     Processing request of type            server.py:727
                             CallToolRequest                                    
                    INFO     HTTP Request: POST                  _client.py:1740
                             http://erp1.enpack.com.cn:13580/k3C                
                             loud/Kingdee.BOS.WebApi.ServicesStu                
                             b.DynamicFormService.ExecuteBillQue                
                             ry.common.kdsvc "HTTP/1.1 200 OK"                  
[04/16/26 06:38:59] INFO     Processing request of type            server.py:727
                             CallToolRequest                                    
[04/16/26 06:39:11] INFO     Processing request of type            server.py:727
                             CallToolRequest                                    
                    INFO     HTTP Request: POST                  _client.py:1740
                             http://erp1.enpack.com.cn:13580/k3C                
                             loud/Kingdee.BOS.WebApi.ServicesStu                
                             b.DynamicFormService.ExecuteBillQue                
                             ry.common.kdsvc "HTTP/1.1 200 OK"                  
[04/16/26 06:39:21] INFO     Processing request of type            server.py:727
                             CallToolRequest                                    
                    INFO     HTTP Request: POST                  _client.py:1740
                             http://erp1.enpack.com.cn:13580/k3C                
                             loud/Kingdee.BOS.WebApi.ServicesStu                
                             b.DynamicFormService.ExecuteBillQue                
                             ry.common.kdsvc "HTTP/1.1 200 OK"                  
[25/46] L4-04 (L4) — 13 fields / 12 tool calls: ['kingdee_list_cached_schemas', 'kingdee_get_schema', 'kingdee_get_schema', 'kingdee_get_wiki', 'kingdee_get_wiki', 'kingdee_query_bills', 'kingdee_get_relations', 'kingdee_search_forms_online', 'kingdee_search_forms_online', 'kingdee_get_wiki', 'kingdee_query_bills', 'kingdee_query_bills']
[04/16/26 06:39:43] INFO     Processing request of type            server.py:727
                             CallToolRequest                                    
[04/16/26 06:39:51] INFO     Processing request of type            server.py:727
                             CallToolRequest                                    
[04/16/26 06:39:59] INFO     Processing request of type            server.py:727
                             CallToolRequest                                    
[04/16/26 06:40:07] INFO     Processing request of type            server.py:727
                             CallToolRequest                                    
[04/16/26 06:40:15] INFO     Processing request of type            server.py:727
                             CallToolRequest                                    
[04/16/26 06:40:23] INFO     Processing request of type            server.py:727
                             CallToolRequest                                    
[04/16/26 06:40:33] INFO     Processing request of type            server.py:727
                             CallToolRequest                                    
[04/16/26 06:40:42] INFO     Processing request of type            server.py:727
                             CallToolRequest                                    
[04/16/26 06:40:48] INFO     HTTP Request: POST                  _client.py:1740
                             http://erp1.enpack.com.cn:13580/k3C                
                             loud/Kingdee.BOS.WebApi.ServicesStu                
                             b.DynamicFormService.ExecuteBillQue                
                             ry.common.kdsvc "HTTP/1.1 200 OK"                  
[04/16/26 06:41:17] INFO     Processing request of type            server.py:727
                             CallToolRequest                                    
[04/16/26 06:41:22] INFO     HTTP Request: POST                  _client.py:1740
                             http://erp1.enpack.com.cn:13580/k3C                
                             loud/Kingdee.BOS.WebApi.ServicesStu                
                             b.DynamicFormService.ExecuteBillQue                
                             ry.common.kdsvc "HTTP/1.1 200 OK"                  
[04/16/26 06:41:36] INFO     Processing request of type            server.py:727
                             CallToolRequest                                    
                    INFO     HTTP Request: POST                  _client.py:1740
                             http://erp1.enpack.com.cn:13580/k3C                
                             loud/Kingdee.BOS.WebApi.ServicesStu                
                             b.DynamicFormService.ExecuteBillQue                
                             ry.common.kdsvc "HTTP/1.1 200 OK"                  
[04/16/26 06:41:44] INFO     Processing request of type            server.py:727
                             CallToolRequest                                    
                    INFO     HTTP Request: POST                  _client.py:1740
                             http://erp1.enpack.com.cn:13580/k3C                
                             loud/Kingdee.BOS.WebApi.ServicesStu                
                             b.DynamicFormService.ExecuteBillQue                
                             ry.common.kdsvc "HTTP/1.1 200 OK"                  
[04/16/26 06:41:53] INFO     Processing request of type            server.py:727
                             CallToolRequest                                    
                    INFO     HTTP Request: POST                  _client.py:1740
                             http://erp1.enpack.com.cn:13580/k3C                
                             loud/Kingdee.BOS.WebApi.ServicesStu                
                             b.DynamicFormService.ExecuteBillQue                
                             ry.common.kdsvc "HTTP/1.1 200 OK"                  
[26/46] L4-05 (L4) — 7 fields / 12 tool calls: ['kingdee_get_schema', 'kingdee_get_schema', 'kingdee_list_cached_schemas', 'kingdee_get_schema', 'kingdee_describe_form', 'kingdee_get_wiki', 'kingdee_query_bills', 'kingdee_query_bills', 'kingdee_search_forms_online', 'kingdee_search_forms_online', 'kingdee_query_bills', 'kingdee_query_bills']
[04/16/26 06:42:12] INFO     Processing request of type            server.py:727
                             CallToolRequest                                    
[04/16/26 06:42:20] INFO     Processing request of type            server.py:727
                             CallToolRequest                                    
[04/16/26 06:42:29] INFO     Processing request of type            server.py:727
                             CallToolRequest                                    
[04/16/26 06:42:41] INFO     Processing request of type            server.py:727
                             CallToolRequest                                    
                    INFO     HTTP Request: POST                  _client.py:1740
                             http://erp1.enpack.com.cn:13580/k3C                
                             loud/Kingdee.BOS.WebApi.ServicesStu                
                             b.DynamicFormService.ExecuteBillQue                
                             ry.common.kdsvc "HTTP/1.1 200 OK"                  
[04/16/26 06:42:50] INFO     Processing request of type            server.py:727
                             CallToolRequest                                    
                    INFO     HTTP Request: POST                  _client.py:1740
                             http://erp1.enpack.com.cn:13580/k3C                
                             loud/Kingdee.BOS.WebApi.ServicesStu                
                             b.DynamicFormService.ExecuteBillQue                
                             ry.common.kdsvc "HTTP/1.1 200 OK"                  
[04/16/26 06:42:58] INFO     Processing request of type            server.py:727
                             CallToolRequest                                    
[04/16/26 06:43:02] INFO     Processing request of type            server.py:727
                             CallToolRequest                                    
                    INFO     HTTP Request: POST                  _client.py:1740
                             http://erp1.enpack.com.cn:13580/k3C                
                             loud/Kingdee.BOS.WebApi.ServicesStu                
                             b.DynamicFormService.ExecuteBillQue                
                             ry.common.kdsvc "HTTP/1.1 200 OK"                  
[04/16/26 06:43:05] INFO     Processing request of type            server.py:727
                             CallToolRequest                                    
                    INFO     HTTP Request: POST                  _client.py:1740
                             http://erp1.enpack.com.cn:13580/k3C                
                             loud/Kingdee.BOS.WebApi.ServicesStu                
                             b.DynamicFormService.ExecuteBillQue                
                             ry.common.kdsvc "HTTP/1.1 200 OK"                  
[04/16/26 06:43:08] INFO     Processing request of type            server.py:727
                             CallToolRequest                                    
                    INFO     HTTP Request: POST                  _client.py:1740
                             http://erp1.enpack.com.cn:13580/k3C                
                             loud/Kingdee.BOS.WebApi.ServicesStu                
                             b.DynamicFormService.QueryBusinessI                
                             nfo.common.kdsvc "HTTP/1.1 200 OK"                 
[04/16/26 06:43:11] INFO     Processing request of type            server.py:727
                             CallToolRequest                                    
                    INFO     HTTP Request: POST                  _client.py:1740
                             http://erp1.enpack.com.cn:13580/k3C                
                             loud/Kingdee.BOS.WebApi.ServicesStu                
                             b.DynamicFormService.ExecuteBillQue                
                             ry.common.kdsvc "HTTP/1.1 200 OK"                  
[04/16/26 06:43:15] INFO     Processing request of type            server.py:727
                             CallToolRequest                                    
                    INFO     HTTP Request: POST                  _client.py:1740
                             http://erp1.enpack.com.cn:13580/k3C                
                             loud/Kingdee.BOS.WebApi.ServicesStu                
                             b.DynamicFormService.ExecuteBillQue                
                             ry.common.kdsvc "HTTP/1.1 200 OK"                  
[04/16/26 06:43:18] INFO     Processing request of type            server.py:727
                             CallToolRequest                                    
                    INFO     HTTP Request: POST                  _client.py:1740
                             http://erp1.enpack.com.cn:13580/k3C                
                             loud/Kingdee.BOS.WebApi.ServicesStu                
                             b.DynamicFormService.ExecuteBillQue                
                             ry.common.kdsvc "HTTP/1.1 200 OK"                  
[27/46] L5-01 (L5) — 13 fields / 12 tool calls: ['kingdee_list_cached_schemas', 'kingdee_get_schema', 'kingdee_get_schema', 'kingdee_query_bills', 'kingdee_query_bills', 'kingdee_get_wiki', 'kingdee_query_bills', 'kingdee_query_bills', 'kingdee_describe_form', 'kingdee_query_bills', 'kingdee_query_bills', 'kingdee_query_bills']
[04/16/26 06:43:27] INFO     Processing request of type            server.py:727
                             CallToolRequest                                    
[04/16/26 06:43:29] INFO     Processing request of type            server.py:727
                             CallToolRequest                                    
[04/16/26 06:43:31] INFO     Processing request of type            server.py:727
                             CallToolRequest                                    
[04/16/26 06:43:34] INFO     Processing request of type            server.py:727
                             CallToolRequest                                    
[04/16/26 06:43:37] INFO     Processing request of type            server.py:727
                             CallToolRequest                                    
[04/16/26 06:43:39] INFO     Processing request of type            server.py:727
                             CallToolRequest                                    
[04/16/26 06:43:42] INFO     Processing request of type            server.py:727
                             CallToolRequest                                    
                    INFO     HTTP Request: POST                  _client.py:1740
                             http://erp1.enpack.com.cn:13580/k3C                
                             loud/Kingdee.BOS.WebApi.ServicesStu                
                             b.DynamicFormService.ExecuteBillQue                
                             ry.common.kdsvc "HTTP/1.1 200 OK"                  
[04/16/26 06:43:45] INFO     Processing request of type            server.py:727
                             CallToolRequest                                    
[04/16/26 06:43:47] INFO     Processing request of type            server.py:727
                             CallToolRequest                                    
[04/16/26 06:43:50] INFO     Processing request of type            server.py:727
                             CallToolRequest                                    
                    INFO     HTTP Request: POST                  _client.py:1740
                             http://erp1.enpack.com.cn:13580/k3C                
                             loud/Kingdee.BOS.WebApi.ServicesStu                
                             b.DynamicFormService.ExecuteBillQue                
                             ry.common.kdsvc "HTTP/1.1 200 OK"                  
[04/16/26 06:43:54] INFO     Processing request of type            server.py:727
                             CallToolRequest                                    
                    INFO     HTTP Request: POST                  _client.py:1740
                             http://erp1.enpack.com.cn:13580/k3C                
                             loud/Kingdee.BOS.WebApi.ServicesStu                
                             b.DynamicFormService.ExecuteBillQue                
                             ry.common.kdsvc "HTTP/1.1 200 OK"                  
[04/16/26 06:43:56] INFO     Processing request of type            server.py:727
                             CallToolRequest                                    
                    INFO     HTTP Request: POST                  _client.py:1740
                             http://erp1.enpack.com.cn:13580/k3C                
                             loud/Kingdee.BOS.WebApi.ServicesStu                
                             b.DynamicFormService.ExecuteBillQue                
                             ry.common.kdsvc "HTTP/1.1 200 OK"                  
[28/46] L5-02 (L5) — 8 fields / 12 tool calls: ['kingdee_get_schema', 'kingdee_list_cached_schemas', 'kingdee_get_schema', 'kingdee_get_schema', 'kingdee_describe_form', 'kingdee_query_materials', 'kingdee_query_materials', 'kingdee_get_wiki', 'kingdee_get_wiki', 'kingdee_query_materials', 'kingdee_search_forms_online', 'kingdee_search_forms_online']
[04/16/26 06:44:05] INFO     Processing request of type            server.py:727
                             CallToolRequest                                    
[04/16/26 06:44:08] INFO     Processing request of type            server.py:727
                             CallToolRequest                                    
[04/16/26 06:44:09] INFO     Processing request of type            server.py:727
                             CallToolRequest                                    
[04/16/26 06:44:12] INFO     Processing request of type            server.py:727
                             CallToolRequest                                    
[04/16/26 06:44:14] INFO     Processing request of type            server.py:727
                             CallToolRequest                                    
[04/16/26 06:44:17] INFO     Processing request of type            server.py:727
                             CallToolRequest                                    
[04/16/26 06:44:21] INFO     Processing request of type            server.py:727
                             CallToolRequest                                    
                    INFO     HTTP Request: POST                  _client.py:1740
                             http://erp1.enpack.com.cn:13580/k3C                
                             loud/Kingdee.BOS.WebApi.ServicesStu                
                             b.DynamicFormService.ExecuteBillQue                
                             ry.common.kdsvc "HTTP/1.1 200 OK"                  
[04/16/26 06:44:24] INFO     Processing request of type            server.py:727
                             CallToolRequest                                    
[04/16/26 06:44:26] INFO     Processing request of type            server.py:727
                             CallToolRequest                                    
[04/16/26 06:44:30] INFO     Processing request of type            server.py:727
                             CallToolRequest                                    
                    INFO     HTTP Request: POST                  _client.py:1740
                             http://erp1.enpack.com.cn:13580/k3C                
                             loud/Kingdee.BOS.WebApi.ServicesStu                
                             b.DynamicFormService.ExecuteBillQue                
                             ry.common.kdsvc "HTTP/1.1 200 OK"                  
[04/16/26 06:44:33] INFO     Processing request of type            server.py:727
                             CallToolRequest                                    
[04/16/26 06:44:34] INFO     HTTP Request: POST                  _client.py:1740
                             http://erp1.enpack.com.cn:13580/k3C                
                             loud/Kingdee.BOS.WebApi.ServicesStu                
                             b.DynamicFormService.ExecuteBillQue                
                             ry.common.kdsvc "HTTP/1.1 200 OK"                  
[04/16/26 06:44:37] INFO     Processing request of type            server.py:727
                             CallToolRequest                                    
                    INFO     HTTP Request: POST                  _client.py:1740
                             http://erp1.enpack.com.cn:13580/k3C                
                             loud/Kingdee.BOS.WebApi.ServicesStu                
                             b.DynamicFormService.ExecuteBillQue                
                             ry.common.kdsvc "HTTP/1.1 200 OK"                  
[29/46] L5-03 (L5) — 5 fields / 12 tool calls: ['kingdee_get_schema', 'kingdee_get_schema', 'kingdee_list_cached_schemas', 'kingdee_get_schema', 'kingdee_describe_form', 'kingdee_query_bills', 'kingdee_query_bills', 'kingdee_get_wiki', 'kingdee_get_wiki', 'kingdee_query_bills', 'kingdee_query_bills', 'kingdee_search_forms_online']
[04/16/26 06:44:44] INFO     Processing request of type            server.py:727
                             CallToolRequest                                    
[04/16/26 06:44:47] INFO     Processing request of type            server.py:727
                             CallToolRequest                                    
[04/16/26 06:44:49] INFO     Processing request of type            server.py:727
                             CallToolRequest                                    
[04/16/26 06:44:51] INFO     Processing request of type            server.py:727
                             CallToolRequest                                    
[04/16/26 06:44:55] INFO     Processing request of type            server.py:727
                             CallToolRequest                                    
                    INFO     HTTP Request: POST                  _client.py:1740
                             http://erp1.enpack.com.cn:13580/k3C                
                             loud/Kingdee.BOS.WebApi.ServicesStu                
                             b.DynamicFormService.ExecuteBillQue                
                             ry.common.kdsvc "HTTP/1.1 200 OK"                  
[04/16/26 06:44:58] INFO     Processing request of type            server.py:727
                             CallToolRequest                                    
                    INFO     HTTP Request: POST                  _client.py:1740
                             http://erp1.enpack.com.cn:13580/k3C                
                             loud/Kingdee.BOS.WebApi.ServicesStu                
                             b.DynamicFormService.ExecuteBillQue                
                             ry.common.kdsvc "HTTP/1.1 200 OK"                  
[04/16/26 06:45:01] INFO     Processing request of type            server.py:727
                             CallToolRequest                                    
[04/16/26 06:45:04] INFO     Processing request of type            server.py:727
                             CallToolRequest                                    
                    INFO     HTTP Request: POST                  _client.py:1740
                             http://erp1.enpack.com.cn:13580/k3C                
                             loud/Kingdee.BOS.WebApi.ServicesStu                
                             b.DynamicFormService.ExecuteBillQue                
                             ry.common.kdsvc "HTTP/1.1 200 OK"                  
[04/16/26 06:45:07] INFO     Processing request of type            server.py:727
                             CallToolRequest                                    
                    INFO     HTTP Request: POST                  _client.py:1740
                             http://erp1.enpack.com.cn:13580/k3C                
                             loud/Kingdee.BOS.WebApi.ServicesStu                
                             b.DynamicFormService.ExecuteBillQue                
                             ry.common.kdsvc "HTTP/1.1 200 OK"                  
[04/16/26 06:45:11] INFO     Processing request of type            server.py:727
                             CallToolRequest                                    
                    INFO     HTTP Request: POST                  _client.py:1740
                             http://erp1.enpack.com.cn:13580/k3C                
                             loud/Kingdee.BOS.WebApi.ServicesStu                
                             b.DynamicFormService.ExecuteBillQue                
                             ry.common.kdsvc "HTTP/1.1 200 OK"                  
[04/16/26 06:45:14] INFO     Processing request of type            server.py:727
                             CallToolRequest                                    
                    INFO     HTTP Request: POST                  _client.py:1740
                             http://erp1.enpack.com.cn:13580/k3C                
                             loud/Kingdee.BOS.WebApi.ServicesStu                
                             b.DynamicFormService.ExecuteBillQue                
                             ry.common.kdsvc "HTTP/1.1 200 OK"                  
[04/16/26 06:45:18] INFO     Processing request of type            server.py:727
                             CallToolRequest                                    
                    INFO     HTTP Request: POST                  _client.py:1740
                             http://erp1.enpack.com.cn:13580/k3C                
                             loud/Kingdee.BOS.WebApi.ServicesStu                
                             b.DynamicFormService.ExecuteBillQue                
                             ry.common.kdsvc "HTTP/1.1 200 OK"                  
[30/46] L6-01 (L6) — 9 fields / 12 tool calls: ['kingdee_get_schema', 'kingdee_get_schema', 'kingdee_list_cached_schemas', 'kingdee_get_schema', 'kingdee_query_bills', 'kingdee_query_bills', 'kingdee_get_wiki', 'kingdee_search_forms_online', 'kingdee_query_bills', 'kingdee_query_bills', 'kingdee_query_bills', 'kingdee_query_bills']
[04/16/26 06:45:25] INFO     Processing request of type            server.py:727
                             CallToolRequest                                    
[04/16/26 06:45:28] INFO     Processing request of type            server.py:727
                             CallToolRequest                                    
[04/16/26 06:45:30] INFO     Processing request of type            server.py:727
                             CallToolRequest                                    
[04/16/26 06:45:32] INFO     Processing request of type            server.py:727
                             CallToolRequest                                    
[04/16/26 06:45:34] INFO     Processing request of type            server.py:727
                             CallToolRequest                                    
[04/16/26 06:45:38] INFO     Processing request of type            server.py:727
                             CallToolRequest                                    
[04/16/26 06:45:39] INFO     HTTP Request: POST                  _client.py:1740
                             http://erp1.enpack.com.cn:13580/k3C                
                             loud/Kingdee.BOS.WebApi.ServicesStu                
                             b.DynamicFormService.ExecuteBillQue                
                             ry.common.kdsvc "HTTP/1.1 200 OK"                  
[04/16/26 06:45:41] INFO     Processing request of type            server.py:727
                             CallToolRequest                                    
[04/16/26 06:45:43] INFO     Processing request of type            server.py:727
                             CallToolRequest                                    
[04/16/26 06:45:47] INFO     Processing request of type            server.py:727
                             CallToolRequest                                    
                    INFO     HTTP Request: POST                  _client.py:1740
                             http://erp1.enpack.com.cn:13580/k3C                
                             loud/Kingdee.BOS.WebApi.ServicesStu                
                             b.DynamicFormService.ExecuteBillQue                
                             ry.common.kdsvc "HTTP/1.1 200 OK"                  
[04/16/26 06:45:51] INFO     Processing request of type            server.py:727
                             CallToolRequest                                    
                    INFO     HTTP Request: POST                  _client.py:1740
                             http://erp1.enpack.com.cn:13580/k3C                
                             loud/Kingdee.BOS.WebApi.ServicesStu                
                             b.DynamicFormService.ExecuteBillQue                
                             ry.common.kdsvc "HTTP/1.1 200 OK"                  
[04/16/26 06:45:53] INFO     Processing request of type            server.py:727
                             CallToolRequest                                    
                    INFO     HTTP Request: POST                  _client.py:1740
                             http://erp1.enpack.com.cn:13580/k3C                
                             loud/Kingdee.BOS.WebApi.ServicesStu                
                             b.DynamicFormService.ExecuteBillQue                
                             ry.common.kdsvc "HTTP/1.1 200 OK"                  
[04/16/26 06:45:56] INFO     Processing request of type            server.py:727
                             CallToolRequest                                    
                    INFO     HTTP Request: POST                  _client.py:1740
                             http://erp1.enpack.com.cn:13580/k3C                
                             loud/Kingdee.BOS.WebApi.ServicesStu                
                             b.DynamicFormService.ExecuteBillQue                
                             ry.common.kdsvc "HTTP/1.1 200 OK"                  
[31/46] L6-02 (L6) — 9 fields / 12 tool calls: ['kingdee_list_cached_schemas', 'kingdee_get_schema', 'kingdee_get_schema', 'kingdee_get_wiki', 'kingdee_get_wiki', 'kingdee_query_bills', 'kingdee_describe_form', 'kingdee_describe_form', 'kingdee_query_bills', 'kingdee_query_bills', 'kingdee_query_materials', 'kingdee_search_forms_online']
[04/16/26 06:46:07] INFO     Processing request of type            server.py:727
                             CallToolRequest                                    
[04/16/26 06:46:10] INFO     Processing request of type            server.py:727
                             CallToolRequest                                    
[04/16/26 06:46:12] INFO     Processing request of type            server.py:727
                             CallToolRequest                                    
[04/16/26 06:46:14] INFO     Processing request of type            server.py:727
                             CallToolRequest                                    
[04/16/26 06:46:16] INFO     Processing request of type            server.py:727
                             CallToolRequest                                    
[04/16/26 06:46:18] INFO     Processing request of type            server.py:727
                             CallToolRequest                                    
[04/16/26 06:46:21] INFO     Processing request of type            server.py:727
                             CallToolRequest                                    
                    INFO     HTTP Request: POST                  _client.py:1740
                             http://erp1.enpack.com.cn:13580/k3C                
                             loud/Kingdee.BOS.WebApi.ServicesStu                
                             b.DynamicFormService.ExecuteBillQue                
                             ry.common.kdsvc "HTTP/1.1 200 OK"                  
[04/16/26 06:46:24] INFO     Processing request of type            server.py:727
                             CallToolRequest                                    
                    INFO     HTTP Request: POST                  _client.py:1740
                             http://erp1.enpack.com.cn:13580/k3C                
                             loud/Kingdee.BOS.WebApi.ServicesStu                
                             b.DynamicFormService.ExecuteBillQue                
                             ry.common.kdsvc "HTTP/1.1 200 OK"                  
[04/16/26 06:46:27] INFO     Processing request of type            server.py:727
                             CallToolRequest                                    
                    INFO     HTTP Request: POST                  _client.py:1740
                             http://erp1.enpack.com.cn:13580/k3C                
                             loud/Kingdee.BOS.WebApi.ServicesStu                
                             b.DynamicFormService.ExecuteBillQue                
                             ry.common.kdsvc "HTTP/1.1 200 OK"                  
[04/16/26 06:46:30] INFO     Processing request of type            server.py:727
                             CallToolRequest                                    
                    INFO     HTTP Request: POST                  _client.py:1740
                             http://erp1.enpack.com.cn:13580/k3C                
                             loud/Kingdee.BOS.WebApi.ServicesStu                
                             b.DynamicFormService.ExecuteBillQue                
                             ry.common.kdsvc "HTTP/1.1 200 OK"                  
[04/16/26 06:46:33] INFO     Processing request of type            server.py:727
                             CallToolRequest                                    
                    INFO     HTTP Request: POST                  _client.py:1740
                             http://erp1.enpack.com.cn:13580/k3C                
                             loud/Kingdee.BOS.WebApi.ServicesStu                
                             b.DynamicFormService.ExecuteBillQue                
                             ry.common.kdsvc "HTTP/1.1 200 OK"                  
[04/16/26 06:46:36] INFO     Processing request of type            server.py:727
                             CallToolRequest                                    
                    INFO     HTTP Request: POST                  _client.py:1740
                             http://erp1.enpack.com.cn:13580/k3C                
                             loud/Kingdee.BOS.WebApi.ServicesStu                
                             b.DynamicFormService.ExecuteBillQue                
                             ry.common.kdsvc "HTTP/1.1 200 OK"                  
[32/46] L6-03 (L6) — 9 fields / 12 tool calls: ['kingdee_list_cached_schemas', 'kingdee_get_wiki', 'kingdee_get_wiki', 'kingdee_get_schema', 'kingdee_get_schema', 'kingdee_get_schema', 'kingdee_query_inventory', 'kingdee_query_materials', 'kingdee_query_bills', 'kingdee_query_bills', 'kingdee_query_materials', 'kingdee_query_materials']
[04/16/26 06:46:49] INFO     Processing request of type            server.py:727
                             CallToolRequest                                    
[04/16/26 06:46:51] INFO     Processing request of type            server.py:727
                             CallToolRequest                                    
[04/16/26 06:46:53] INFO     Processing request of type            server.py:727
                             CallToolRequest                                    
[04/16/26 06:46:55] INFO     Processing request of type            server.py:727
                             CallToolRequest                                    
[04/16/26 06:46:57] INFO     Processing request of type            server.py:727
                             CallToolRequest                                    
[04/16/26 06:47:00] INFO     Processing request of type            server.py:727
                             CallToolRequest                                    
[04/16/26 06:47:02] INFO     Processing request of type            server.py:727
                             CallToolRequest                                    
[04/16/26 06:47:05] INFO     Processing request of type            server.py:727
                             CallToolRequest                                    
[04/16/26 06:47:08] INFO     Processing request of type            server.py:727
                             CallToolRequest                                    
                    INFO     HTTP Request: POST                  _client.py:1740
                             http://erp1.enpack.com.cn:13580/k3C                
                             loud/Kingdee.BOS.WebApi.ServicesStu                
                             b.DynamicFormService.ExecuteBillQue                
                             ry.common.kdsvc "HTTP/1.1 200 OK"                  
[04/16/26 06:47:11] INFO     Processing request of type            server.py:727
                             CallToolRequest                                    
                    INFO     HTTP Request: POST                  _client.py:1740
                             http://erp1.enpack.com.cn:13580/k3C                
                             loud/Kingdee.BOS.WebApi.ServicesStu                
                             b.DynamicFormService.ExecuteBillQue                
                             ry.common.kdsvc "HTTP/1.1 200 OK"                  
[04/16/26 06:47:15] INFO     Processing request of type            server.py:727
                             CallToolRequest                                    
                    INFO     HTTP Request: POST                  _client.py:1740
                             http://erp1.enpack.com.cn:13580/k3C                
                             loud/Kingdee.BOS.WebApi.ServicesStu                
                             b.DynamicFormService.ExecuteBillQue                
                             ry.common.kdsvc "HTTP/1.1 200 OK"                  
[04/16/26 06:47:18] INFO     Processing request of type            server.py:727
                             CallToolRequest                                    
                    INFO     HTTP Request: POST                  _client.py:1740
                             http://erp1.enpack.com.cn:13580/k3C                
                             loud/Kingdee.BOS.WebApi.ServicesStu                
                             b.DynamicFormService.ExecuteBillQue                
                             ry.common.kdsvc "HTTP/1.1 200 OK"                  
[33/46] L6-04 (L6) — 9 fields / 12 tool calls: ['kingdee_get_wiki', 'kingdee_get_wiki', 'kingdee_list_cached_schemas', 'kingdee_search_forms_online', 'kingdee_search_forms_online', 'kingdee_get_schema', 'kingdee_get_schema', 'kingdee_describe_form', 'kingdee_query_bills', 'kingdee_query_bills', 'kingdee_query_bills', 'kingdee_query_bills']
[04/16/26 06:47:25] INFO     Processing request of type            server.py:727
                             CallToolRequest                                    
[04/16/26 06:47:28] INFO     Processing request of type            server.py:727
                             CallToolRequest                                    
[04/16/26 06:47:30] INFO     Processing request of type            server.py:727
                             CallToolRequest                                    
[04/16/26 06:47:33] INFO     Processing request of type            server.py:727
                             CallToolRequest                                    
[04/16/26 06:47:35] INFO     Processing request of type            server.py:727
                             CallToolRequest                                    
[04/16/26 06:47:39] INFO     Processing request of type            server.py:727
                             CallToolRequest                                    
                    INFO     HTTP Request: POST                  _client.py:1740
                             http://erp1.enpack.com.cn:13580/k3C                
                             loud/Kingdee.BOS.WebApi.ServicesStu                
                             b.DynamicFormService.ExecuteBillQue                
                             ry.common.kdsvc "HTTP/1.1 200 OK"                  
[04/16/26 06:47:41] INFO     Processing request of type            server.py:727
                             CallToolRequest                                    
                    INFO     HTTP Request: POST                  _client.py:1740
                             http://erp1.enpack.com.cn:13580/k3C                
                             loud/Kingdee.BOS.WebApi.ServicesStu                
                             b.DynamicFormService.ExecuteBillQue                
                             ry.common.kdsvc "HTTP/1.1 200 OK"                  
[04/16/26 06:47:44] INFO     Processing request of type            server.py:727
                             CallToolRequest                                    
                    INFO     HTTP Request: POST                  _client.py:1740
                             http://erp1.enpack.com.cn:13580/k3C                
                             loud/Kingdee.BOS.WebApi.ServicesStu                
                             b.DynamicFormService.ExecuteBillQue                
                             ry.common.kdsvc "HTTP/1.1 200 OK"                  
[04/16/26 06:47:47] INFO     Processing request of type            server.py:727
                             CallToolRequest                                    
[04/16/26 06:47:50] INFO     Processing request of type            server.py:727
                             CallToolRequest                                    
                    INFO     HTTP Request: POST                  _client.py:1740
                             http://erp1.enpack.com.cn:13580/k3C                
                             loud/Kingdee.BOS.WebApi.ServicesStu                
                             b.DynamicFormService.ExecuteBillQue                
                             ry.common.kdsvc "HTTP/1.1 200 OK"                  
[04/16/26 06:47:54] INFO     Processing request of type            server.py:727
                             CallToolRequest                                    
                    INFO     HTTP Request: POST                  _client.py:1740
                             http://erp1.enpack.com.cn:13580/k3C                
                             loud/Kingdee.BOS.WebApi.ServicesStu                
                             b.DynamicFormService.ExecuteBillQue                
                             ry.common.kdsvc "HTTP/1.1 200 OK"                  
[04/16/26 06:47:56] INFO     Processing request of type            server.py:727
                             CallToolRequest                                    
                    INFO     HTTP Request: POST                  _client.py:1740
                             http://erp1.enpack.com.cn:13580/k3C                
                             loud/Kingdee.BOS.WebApi.ServicesStu                
                             b.DynamicFormService.ExecuteBillQue                
                             ry.common.kdsvc "HTTP/1.1 200 OK"                  
[34/46] L6-05 (L6) — 11 fields / 12 tool calls: ['kingdee_list_cached_schemas', 'kingdee_get_schema', 'kingdee_get_schema', 'kingdee_get_wiki', 'kingdee_get_wiki', 'kingdee_query_bills', 'kingdee_search_forms_online', 'kingdee_query_bills', 'kingdee_describe_form', 'kingdee_query_bills', 'kingdee_query_bills', 'kingdee_query_bills']
[04/16/26 06:48:05] INFO     Processing request of type            server.py:727
                             CallToolRequest                                    
[04/16/26 06:48:08] INFO     Processing request of type            server.py:727
                             CallToolRequest                                    
[04/16/26 06:48:10] INFO     Processing request of type            server.py:727
                             CallToolRequest                                    
[04/16/26 06:48:13] INFO     Processing request of type            server.py:727
                             CallToolRequest                                    
[04/16/26 06:48:15] INFO     Processing request of type            server.py:727
                             CallToolRequest                                    
[04/16/26 06:48:17] INFO     Processing request of type            server.py:727
                             CallToolRequest                                    
[04/16/26 06:48:19] INFO     Processing request of type            server.py:727
                             CallToolRequest                                    
[04/16/26 06:48:22] INFO     Processing request of type            server.py:727
                             CallToolRequest                                    
                    INFO     HTTP Request: POST                  _client.py:1740
                             http://erp1.enpack.com.cn:13580/k3C                
                             loud/Kingdee.BOS.WebApi.ServicesStu                
                             b.DynamicFormService.ExecuteBillQue                
                             ry.common.kdsvc "HTTP/1.1 200 OK"                  
[04/16/26 06:48:24] INFO     Processing request of type            server.py:727
                             CallToolRequest                                    
                    INFO     HTTP Request: POST                  _client.py:1740
                             http://erp1.enpack.com.cn:13580/k3C                
                             loud/Kingdee.BOS.WebApi.ServicesStu                
                             b.DynamicFormService.ExecuteBillQue                
                             ry.common.kdsvc "HTTP/1.1 200 OK"                  
[04/16/26 06:48:27] INFO     Processing request of type            server.py:727
                             CallToolRequest                                    
[04/16/26 06:48:30] INFO     Processing request of type            server.py:727
                             CallToolRequest                                    
                    INFO     HTTP Request: POST                  _client.py:1740
                             http://erp1.enpack.com.cn:13580/k3C                
                             loud/Kingdee.BOS.WebApi.ServicesStu                
                             b.DynamicFormService.ExecuteBillQue                
                             ry.common.kdsvc "HTTP/1.1 200 OK"                  
[04/16/26 06:48:32] INFO     Processing request of type            server.py:727
                             CallToolRequest                                    
                    INFO     HTTP Request: POST                  _client.py:1740
                             http://erp1.enpack.com.cn:13580/k3C                
                             loud/Kingdee.BOS.WebApi.ServicesStu                
                             b.DynamicFormService.ExecuteBillQue                
                             ry.common.kdsvc "HTTP/1.1 200 OK"                  
[35/46] L6-06 (L6) — 9 fields / 12 tool calls: ['kingdee_list_cached_schemas', 'kingdee_get_schema', 'kingdee_get_schema', 'kingdee_get_schema', 'kingdee_get_schema', 'kingdee_get_wiki', 'kingdee_get_wiki', 'kingdee_query_inventory', 'kingdee_query_materials', 'kingdee_describe_form', 'kingdee_query_materials', 'kingdee_search_forms_online']
[04/16/26 06:48:39] INFO     Processing request of type            server.py:727
                             CallToolRequest                                    
[04/16/26 06:48:42] INFO     Processing request of type            server.py:727
                             CallToolRequest                                    
[04/16/26 06:48:45] INFO     Processing request of type            server.py:727
                             CallToolRequest                                    
[04/16/26 06:48:47] INFO     Processing request of type            server.py:727
                             CallToolRequest                                    
[04/16/26 06:48:49] INFO     Processing request of type            server.py:727
                             CallToolRequest                                    
[04/16/26 06:48:51] INFO     Processing request of type            server.py:727
                             CallToolRequest                                    
[04/16/26 06:48:55] INFO     Processing request of type            server.py:727
                             CallToolRequest                                    
                    INFO     HTTP Request: POST                  _client.py:1740
                             http://erp1.enpack.com.cn:13580/k3C                
                             loud/Kingdee.BOS.WebApi.ServicesStu                
                             b.DynamicFormService.ExecuteBillQue                
                             ry.common.kdsvc "HTTP/1.1 200 OK"                  
[04/16/26 06:48:57] INFO     Processing request of type            server.py:727
                             CallToolRequest                                    
[04/16/26 06:48:58] INFO     HTTP Request: POST                  _client.py:1740
                             http://erp1.enpack.com.cn:13580/k3C                
                             loud/Kingdee.BOS.WebApi.ServicesStu                
                             b.DynamicFormService.ExecuteBillQue                
                             ry.common.kdsvc "HTTP/1.1 200 OK"                  
[04/16/26 06:49:00] INFO     Processing request of type            server.py:727
                             CallToolRequest                                    
                    INFO     HTTP Request: POST                  _client.py:1740
                             http://erp1.enpack.com.cn:13580/k3C                
                             loud/Kingdee.BOS.WebApi.ServicesStu                
                             b.DynamicFormService.ExecuteBillQue                
                             ry.common.kdsvc "HTTP/1.1 200 OK"                  
[04/16/26 06:49:03] INFO     Processing request of type            server.py:727
                             CallToolRequest                                    
                    INFO     HTTP Request: POST                  _client.py:1740
                             http://erp1.enpack.com.cn:13580/k3C                
                             loud/Kingdee.BOS.WebApi.ServicesStu                
                             b.DynamicFormService.ExecuteBillQue                
                             ry.common.kdsvc "HTTP/1.1 200 OK"                  
[04/16/26 06:49:05] INFO     Processing request of type            server.py:727
                             CallToolRequest                                    
                    INFO     HTTP Request: POST                  _client.py:1740
                             http://erp1.enpack.com.cn:13580/k3C                
                             loud/Kingdee.BOS.WebApi.ServicesStu                
                             b.DynamicFormService.ExecuteBillQue                
                             ry.common.kdsvc "HTTP/1.1 200 OK"                  
[04/16/26 06:49:08] INFO     Processing request of type            server.py:727
                             CallToolRequest                                    
                    INFO     HTTP Request: POST                  _client.py:1740
                             http://erp1.enpack.com.cn:13580/k3C                
                             loud/Kingdee.BOS.WebApi.ServicesStu                
                             b.DynamicFormService.ExecuteBillQue                
                             ry.common.kdsvc "HTTP/1.1 200 OK"                  
[36/46] L6-07 (L6) — 8 fields / 12 tool calls: ['kingdee_list_cached_schemas', 'kingdee_get_schema', 'kingdee_get_schema', 'kingdee_get_wiki', 'kingdee_get_wiki', 'kingdee_search_forms_online', 'kingdee_query_bills', 'kingdee_query_bills', 'kingdee_search_forms_online', 'kingdee_search_forms_online', 'kingdee_search_forms_online', 'kingdee_query_bills']
[04/16/26 06:49:16] INFO     Processing request of type            server.py:727
                             CallToolRequest                                    
[04/16/26 06:49:19] INFO     Processing request of type            server.py:727
                             CallToolRequest                                    
[04/16/26 06:49:21] INFO     Processing request of type            server.py:727
                             CallToolRequest                                    
[04/16/26 06:49:24] INFO     Processing request of type            server.py:727
                             CallToolRequest                                    
[04/16/26 06:49:26] INFO     Processing request of type            server.py:727
                             CallToolRequest                                    
[04/16/26 06:49:29] INFO     Processing request of type            server.py:727
                             CallToolRequest                                    
[04/16/26 06:49:31] INFO     Processing request of type            server.py:727
                             CallToolRequest                                    
[04/16/26 06:49:34] INFO     Processing request of type            server.py:727
                             CallToolRequest                                    
                    INFO     HTTP Request: POST                  _client.py:1740
                             http://erp1.enpack.com.cn:13580/k3C                
                             loud/Kingdee.BOS.WebApi.ServicesStu                
                             b.DynamicFormService.ExecuteBillQue                
                             ry.common.kdsvc "HTTP/1.1 200 OK"                  
[04/16/26 06:49:37] INFO     Processing request of type            server.py:727
                             CallToolRequest                                    
[04/16/26 06:49:39] INFO     Processing request of type            server.py:727
                             CallToolRequest                                    
[04/16/26 06:49:42] INFO     Processing request of type            server.py:727
                             CallToolRequest                                    
                    INFO     HTTP Request: POST                  _client.py:1740
                             http://erp1.enpack.com.cn:13580/k3C                
                             loud/Kingdee.BOS.WebApi.ServicesStu                
                             b.DynamicFormService.ExecuteBillQue                
                             ry.common.kdsvc "HTTP/1.1 200 OK"                  
[04/16/26 06:49:45] INFO     Processing request of type            server.py:727
                             CallToolRequest                                    
                    INFO     HTTP Request: POST                  _client.py:1740
                             http://erp1.enpack.com.cn:13580/k3C                
                             loud/Kingdee.BOS.WebApi.ServicesStu                
                             b.DynamicFormService.ExecuteBillQue                
                             ry.common.kdsvc "HTTP/1.1 200 OK"                  
[37/46] L7-01 (L7) — 4 fields / 12 tool calls: ['kingdee_list_cached_schemas', 'kingdee_search_forms_online', 'kingdee_search_forms_online', 'kingdee_search_forms_online', 'kingdee_get_wiki', 'kingdee_search_forms_online', 'kingdee_get_schema', 'kingdee_query_bills', 'kingdee_get_wiki', 'kingdee_get_wiki', 'kingdee_query_bills', 'kingdee_query_materials']
[04/16/26 06:49:52] INFO     Processing request of type            server.py:727
                             CallToolRequest                                    
[04/16/26 06:49:54] INFO     Processing request of type            server.py:727
                             CallToolRequest                                    
[04/16/26 06:49:56] INFO     Processing request of type            server.py:727
                             CallToolRequest                                    
[04/16/26 06:49:59] INFO     Processing request of type            server.py:727
                             CallToolRequest                                    
[04/16/26 06:50:02] INFO     Processing request of type            server.py:727
                             CallToolRequest                                    
[04/16/26 06:50:04] INFO     Processing request of type            server.py:727
                             CallToolRequest                                    
[04/16/26 06:50:07] INFO     Processing request of type            server.py:727
                             CallToolRequest                                    
                    INFO     HTTP Request: POST                  _client.py:1740
                             http://erp1.enpack.com.cn:13580/k3C                
                             loud/Kingdee.BOS.WebApi.ServicesStu                
                             b.DynamicFormService.ExecuteBillQue                
                             ry.common.kdsvc "HTTP/1.1 200 OK"                  
[04/16/26 06:50:11] INFO     Processing request of type            server.py:727
                             CallToolRequest                                    
[38/46] L7-02 (L7) — 8 fields / 8 tool calls: ['kingdee_get_wiki', 'kingdee_get_wiki', 'kingdee_list_cached_schemas', 'kingdee_search_forms_online', 'kingdee_search_forms_online', 'kingdee_get_schema', 'kingdee_query_bills', 'kingdee_describe_form']
[04/16/26 06:50:21] INFO     Processing request of type            server.py:727
                             CallToolRequest                                    
[04/16/26 06:50:23] INFO     Processing request of type            server.py:727
                             CallToolRequest                                    
[04/16/26 06:50:25] INFO     Processing request of type            server.py:727
                             CallToolRequest                                    
[04/16/26 06:50:30] INFO     Processing request of type            server.py:727
                             CallToolRequest                                    
[04/16/26 06:50:32] INFO     Processing request of type            server.py:727
                             CallToolRequest                                    
[39/46] L7-03 (L7) — 0 fields / 5 tool calls: ['kingdee_get_wiki', 'kingdee_get_wiki', 'kingdee_list_cached_schemas', 'kingdee_search_forms_online', 'kingdee_search_forms_online']
[04/16/26 06:50:42] INFO     Processing request of type            server.py:727
                             CallToolRequest                                    
[04/16/26 06:50:44] INFO     Processing request of type            server.py:727
                             CallToolRequest                                    
[04/16/26 06:50:46] INFO     Processing request of type            server.py:727
                             CallToolRequest                                    
[04/16/26 06:50:50] INFO     Processing request of type            server.py:727
                             CallToolRequest                                    
[04/16/26 06:50:52] INFO     Processing request of type            server.py:727
                             CallToolRequest                                    
[04/16/26 06:50:55] INFO     Processing request of type            server.py:727
                             CallToolRequest                                    
[04/16/26 06:50:57] INFO     Processing request of type            server.py:727
                             CallToolRequest                                    
[04/16/26 06:51:01] INFO     Processing request of type            server.py:727
                             CallToolRequest                                    
[40/46] L7-04 (L7) — 4 fields / 8 tool calls: ['kingdee_get_wiki', 'kingdee_get_wiki', 'kingdee_list_cached_schemas', 'kingdee_search_forms_online', 'kingdee_search_forms_online', 'kingdee_get_schema', 'kingdee_query_fixed_assets', 'kingdee_query_bills']
[04/16/26 06:51:09] INFO     Processing request of type            server.py:727
                             CallToolRequest                                    
[04/16/26 06:51:12] INFO     Processing request of type            server.py:727
                             CallToolRequest                                    
[04/16/26 06:51:14] INFO     Processing request of type            server.py:727
                             CallToolRequest                                    
[04/16/26 06:51:17] INFO     Processing request of type            server.py:727
                             CallToolRequest                                    
[04/16/26 06:51:19] INFO     Processing request of type            server.py:727
                             CallToolRequest                                    
[04/16/26 06:51:22] INFO     Processing request of type            server.py:727
                             CallToolRequest                                    
[04/16/26 06:51:24] INFO     Processing request of type            server.py:727
                             CallToolRequest                                    
[04/16/26 06:51:27] INFO     Processing request of type            server.py:727
                             CallToolRequest                                    
                    INFO     HTTP Request: POST                  _client.py:1740
                             http://erp1.enpack.com.cn:13580/k3C                
                             loud/Kingdee.BOS.WebApi.ServicesStu                
                             b.DynamicFormService.ExecuteBillQue                
                             ry.common.kdsvc "HTTP/1.1 200 OK"                  
[04/16/26 06:51:30] INFO     Processing request of type            server.py:727
                             CallToolRequest                                    
                    INFO     HTTP Request: POST                  _client.py:1740
                             http://erp1.enpack.com.cn:13580/k3C                
                             loud/Kingdee.BOS.WebApi.ServicesStu                
                             b.DynamicFormService.ExecuteBillQue                
                             ry.common.kdsvc "HTTP/1.1 200 OK"                  
[04/16/26 06:51:33] INFO     Processing request of type            server.py:727
                             CallToolRequest                                    
[04/16/26 06:51:35] INFO     Processing request of type            server.py:727
                             CallToolRequest                                    
[04/16/26 06:51:38] INFO     Processing request of type            server.py:727
                             CallToolRequest                                    
                    INFO     HTTP Request: POST                  _client.py:1740
                             http://erp1.enpack.com.cn:13580/k3C                
                             loud/Kingdee.BOS.WebApi.ServicesStu                
                             b.DynamicFormService.ExecuteBillQue                
                             ry.common.kdsvc "HTTP/1.1 200 OK"                  
[41/46] L7-05 (L7) — 9 fields / 12 tool calls: ['kingdee_list_cached_schemas', 'kingdee_get_wiki', 'kingdee_get_wiki', 'kingdee_search_forms_online', 'kingdee_search_forms_online', 'kingdee_get_schema', 'kingdee_get_schema', 'kingdee_query_bills', 'kingdee_query_bills', 'kingdee_search_forms_online', 'kingdee_search_forms_online', 'kingdee_query_bills']
[04/16/26 06:51:45] INFO     Processing request of type            server.py:727
                             CallToolRequest                                    
[04/16/26 06:51:47] INFO     Processing request of type            server.py:727
                             CallToolRequest                                    
[04/16/26 06:51:49] INFO     Processing request of type            server.py:727
                             CallToolRequest                                    
[04/16/26 06:51:53] INFO     Processing request of type            server.py:727
                             CallToolRequest                                    
[04/16/26 06:51:55] INFO     Processing request of type            server.py:727
                             CallToolRequest                                    
[04/16/26 06:51:58] INFO     Processing request of type            server.py:727
                             CallToolRequest                                    
[42/46] L7-06 (L7) — 0 fields / 6 tool calls: ['kingdee_get_wiki', 'kingdee_get_wiki', 'kingdee_list_cached_schemas', 'kingdee_search_forms_online', 'kingdee_search_forms_online', 'kingdee_search_forms_online']
[04/16/26 06:52:06] INFO     Processing request of type            server.py:727
                             CallToolRequest                                    
[04/16/26 06:52:09] INFO     Processing request of type            server.py:727
                             CallToolRequest                                    
[04/16/26 06:52:11] INFO     Processing request of type            server.py:727
                             CallToolRequest                                    
[04/16/26 06:52:13] INFO     Processing request of type            server.py:727
                             CallToolRequest                                    
[04/16/26 06:52:15] INFO     Processing request of type            server.py:727
                             CallToolRequest                                    
[04/16/26 06:52:18] INFO     Processing request of type            server.py:727
                             CallToolRequest                                    
[04/16/26 06:52:21] INFO     Processing request of type            server.py:727
                             CallToolRequest                                    
[04/16/26 06:52:22] INFO     HTTP Request: POST                  _client.py:1740
                             http://erp1.enpack.com.cn:13580/k3C                
                             loud/Kingdee.BOS.WebApi.ServicesStu                
                             b.DynamicFormService.ExecuteBillQue                
                             ry.common.kdsvc "HTTP/1.1 200 OK"                  
[04/16/26 06:52:26] INFO     Processing request of type            server.py:727
                             CallToolRequest                                    
                    INFO     HTTP Request: POST                  _client.py:1740
                             http://erp1.enpack.com.cn:13580/k3C                
                             loud/Kingdee.BOS.WebApi.ServicesStu                
                             b.DynamicFormService.ExecuteBillQue                
                             ry.common.kdsvc "HTTP/1.1 200 OK"                  
[04/16/26 06:52:29] INFO     Processing request of type            server.py:727
                             CallToolRequest                                    
                    INFO     HTTP Request: POST                  _client.py:1740
                             http://erp1.enpack.com.cn:13580/k3C                
                             loud/Kingdee.BOS.WebApi.ServicesStu                
                             b.DynamicFormService.ExecuteBillQue                
                             ry.common.kdsvc "HTTP/1.1 200 OK"                  
[04/16/26 06:52:34] INFO     Processing request of type            server.py:727
                             CallToolRequest                                    
                    INFO     HTTP Request: POST                  _client.py:1740
                             http://erp1.enpack.com.cn:13580/k3C                
                             loud/Kingdee.BOS.WebApi.ServicesStu                
                             b.DynamicFormService.ExecuteBillQue                
                             ry.common.kdsvc "HTTP/1.1 200 OK"                  
[04/16/26 06:52:38] INFO     Processing request of type            server.py:727
                             CallToolRequest                                    
                    INFO     HTTP Request: POST                  _client.py:1740
                             http://erp1.enpack.com.cn:13580/k3C                
                             loud/Kingdee.BOS.WebApi.ServicesStu                
                             b.DynamicFormService.ExecuteBillQue                
                             ry.common.kdsvc "HTTP/1.1 200 OK"                  
[04/16/26 06:52:48] INFO     Processing request of type            server.py:727
                             CallToolRequest                                    
[43/46] L8-01 (L8) — 21 fields / 12 tool calls: ['kingdee_list_cached_schemas', 'kingdee_get_schema', 'kingdee_get_schema', 'kingdee_get_schema', 'kingdee_get_wiki', 'kingdee_get_wiki', 'kingdee_query_bills', 'kingdee_query_bills', 'kingdee_query_bills', 'kingdee_query_bills', 'kingdee_query_bills', 'kingdee_query_bills']
[04/16/26 06:53:02] INFO     Processing request of type            server.py:727
                             CallToolRequest                                    
[04/16/26 06:53:05] INFO     Processing request of type            server.py:727
                             CallToolRequest                                    
[04/16/26 06:53:07] INFO     Processing request of type            server.py:727
                             CallToolRequest                                    
[04/16/26 06:53:09] INFO     Processing request of type            server.py:727
                             CallToolRequest                                    
[04/16/26 06:53:12] INFO     Processing request of type            server.py:727
                             CallToolRequest                                    
                    INFO     HTTP Request: POST                  _client.py:1740
                             http://erp1.enpack.com.cn:13580/k3C                
                             loud/Kingdee.BOS.WebApi.ServicesStu                
                             b.DynamicFormService.ExecuteBillQue                
                             ry.common.kdsvc "HTTP/1.1 200 OK"                  
[04/16/26 06:53:16] INFO     Processing request of type            server.py:727
                             CallToolRequest                                    
                    INFO     HTTP Request: POST                  _client.py:1740
                             http://erp1.enpack.com.cn:13580/k3C                
                             loud/Kingdee.BOS.WebApi.ServicesStu                
                             b.DynamicFormService.ExecuteBillQue                
                             ry.common.kdsvc "HTTP/1.1 200 OK"                  
[04/16/26 06:53:18] INFO     Processing request of type            server.py:727
                             CallToolRequest                                    
[04/16/26 06:53:23] INFO     Processing request of type            server.py:727
                             CallToolRequest                                    
                    INFO     HTTP Request: POST                  _client.py:1740
                             http://erp1.enpack.com.cn:13580/k3C                
                             loud/Kingdee.BOS.WebApi.ServicesStu                
                             b.DynamicFormService.ExecuteBillQue                
                             ry.common.kdsvc "HTTP/1.1 200 OK"                  
[04/16/26 06:53:26] INFO     Processing request of type            server.py:727
                             CallToolRequest                                    
                    INFO     HTTP Request: POST                  _client.py:1740
                             http://erp1.enpack.com.cn:13580/k3C                
                             loud/Kingdee.BOS.WebApi.ServicesStu                
                             b.DynamicFormService.ExecuteBillQue                
                             ry.common.kdsvc "HTTP/1.1 200 OK"                  
[04/16/26 06:53:29] INFO     Processing request of type            server.py:727
                             CallToolRequest                                    
                    INFO     HTTP Request: POST                  _client.py:1740
                             http://erp1.enpack.com.cn:13580/k3C                
                             loud/Kingdee.BOS.WebApi.ServicesStu                
                             b.DynamicFormService.ExecuteBillQue                
                             ry.common.kdsvc "HTTP/1.1 200 OK"                  
[04/16/26 06:53:33] INFO     Processing request of type            server.py:727
                             CallToolRequest                                    
                    INFO     HTTP Request: POST                  _client.py:1740
                             http://erp1.enpack.com.cn:13580/k3C                
                             loud/Kingdee.BOS.WebApi.ServicesStu                
                             b.DynamicFormService.ExecuteBillQue                
                             ry.common.kdsvc "HTTP/1.1 200 OK"                  
[04/16/26 06:53:36] INFO     Processing request of type            server.py:727
                             CallToolRequest                                    
[44/46] L8-02 (L8) — 17 fields / 12 tool calls: ['kingdee_list_cached_schemas', 'kingdee_get_schema', 'kingdee_get_schema', 'kingdee_get_wiki', 'kingdee_query_materials', 'kingdee_query_bills', 'kingdee_describe_form', 'kingdee_query_bills', 'kingdee_search_forms_online', 'kingdee_search_forms_online', 'kingdee_query_bills', 'kingdee_get_relations']
[04/16/26 06:53:47] INFO     Processing request of type            server.py:727
                             CallToolRequest                                    
[04/16/26 06:53:50] INFO     Processing request of type            server.py:727
                             CallToolRequest                                    
[04/16/26 06:53:52] INFO     Processing request of type            server.py:727
                             CallToolRequest                                    
[04/16/26 06:53:55] INFO     Processing request of type            server.py:727
                             CallToolRequest                                    
[04/16/26 06:53:57] INFO     Processing request of type            server.py:727
                             CallToolRequest                                    
[04/16/26 06:53:59] INFO     Processing request of type            server.py:727
                             CallToolRequest                                    
[04/16/26 06:54:02] INFO     Processing request of type            server.py:727
                             CallToolRequest                                    
                    INFO     HTTP Request: POST                  _client.py:1740
                             http://erp1.enpack.com.cn:13580/k3C                
                             loud/Kingdee.BOS.WebApi.ServicesStu                
                             b.DynamicFormService.ExecuteBillQue                
                             ry.common.kdsvc "HTTP/1.1 200 OK"                  
[04/16/26 06:54:05] INFO     Processing request of type            server.py:727
                             CallToolRequest                                    
                    INFO     HTTP Request: POST                  _client.py:1740
                             http://erp1.enpack.com.cn:13580/k3C                
                             loud/Kingdee.BOS.WebApi.ServicesStu                
                             b.DynamicFormService.ExecuteBillQue                
                             ry.common.kdsvc "HTTP/1.1 200 OK"                  
[04/16/26 06:54:08] INFO     Processing request of type            server.py:727
                             CallToolRequest                                    
                    INFO     HTTP Request: POST                  _client.py:1740
                             http://erp1.enpack.com.cn:13580/k3C                
                             loud/Kingdee.BOS.WebApi.ServicesStu                
                             b.DynamicFormService.ExecuteBillQue                
                             ry.common.kdsvc "HTTP/1.1 200 OK"                  
[04/16/26 06:54:10] INFO     Processing request of type            server.py:727
                             CallToolRequest                                    
                    INFO     HTTP Request: POST                  _client.py:1740
                             http://erp1.enpack.com.cn:13580/k3C                
                             loud/Kingdee.BOS.WebApi.ServicesStu                
                             b.DynamicFormService.ExecuteBillQue                
                             ry.common.kdsvc "HTTP/1.1 200 OK"                  
[04/16/26 06:54:13] INFO     Processing request of type            server.py:727
                             CallToolRequest                                    
                    INFO     HTTP Request: POST                  _client.py:1740
                             http://erp1.enpack.com.cn:13580/k3C                
                             loud/Kingdee.BOS.WebApi.ServicesStu                
                             b.DynamicFormService.ExecuteBillQue                
                             ry.common.kdsvc "HTTP/1.1 200 OK"                  
[04/16/26 06:54:17] INFO     Processing request of type            server.py:727
                             CallToolRequest                                    
                    INFO     HTTP Request: POST                  _client.py:1740
                             http://erp1.enpack.com.cn:13580/k3C                
                             loud/Kingdee.BOS.WebApi.ServicesStu                
                             b.DynamicFormService.ExecuteBillQue                
                             ry.common.kdsvc "HTTP/1.1 200 OK"                  
[45/46] L8-03 (L8) — 13 fields / 12 tool calls: ['kingdee_list_cached_schemas', 'kingdee_get_wiki', 'kingdee_get_wiki', 'kingdee_get_schema', 'kingdee_get_schema', 'kingdee_search_forms_online', 'kingdee_query_inventory', 'kingdee_query_bills', 'kingdee_search_forms_online', 'kingdee_search_forms_online', 'kingdee_search_forms_online', 'kingdee_query_bills']
[04/16/26 06:54:27] INFO     Processing request of type            server.py:727
                             CallToolRequest                                    
[04/16/26 06:54:31] INFO     Processing request of type            server.py:727
                             CallToolRequest                                    
[04/16/26 06:54:33] INFO     Processing request of type            server.py:727
                             CallToolRequest                                    
[04/16/26 06:54:35] INFO     Processing request of type            server.py:727
                             CallToolRequest                                    
[04/16/26 06:54:37] INFO     Processing request of type            server.py:727
                             CallToolRequest                                    
[04/16/26 06:54:40] INFO     Processing request of type            server.py:727
                             CallToolRequest                                    
[04/16/26 06:54:44] INFO     Processing request of type            server.py:727
                             CallToolRequest                                    
                    INFO     HTTP Request: POST                  _client.py:1740
                             http://erp1.enpack.com.cn:13580/k3C                
                             loud/Kingdee.BOS.WebApi.ServicesStu                
                             b.DynamicFormService.ExecuteBillQue                
                             ry.common.kdsvc "HTTP/1.1 200 OK"                  
[04/16/26 06:54:47] INFO     Processing request of type            server.py:727
                             CallToolRequest                                    
                    INFO     HTTP Request: POST                  _client.py:1740
                             http://erp1.enpack.com.cn:13580/k3C                
                             loud/Kingdee.BOS.WebApi.ServicesStu                
                             b.DynamicFormService.ExecuteBillQue                
                             ry.common.kdsvc "HTTP/1.1 200 OK"                  
[04/16/26 06:54:49] INFO     Processing request of type            server.py:727
                             CallToolRequest                                    
                    INFO     HTTP Request: POST                  _client.py:1740
                             http://erp1.enpack.com.cn:13580/k3C                
                             loud/Kingdee.BOS.WebApi.ServicesStu                
                             b.DynamicFormService.ExecuteBillQue                
                             ry.common.kdsvc "HTTP/1.1 200 OK"                  
[04/16/26 06:54:52] INFO     Processing request of type            server.py:727
                             CallToolRequest                                    
[04/16/26 06:54:55] INFO     Processing request of type            server.py:727
                             CallToolRequest                                    
                    INFO     HTTP Request: POST                  _client.py:1740
                             http://erp1.enpack.com.cn:13580/k3C                
                             loud/Kingdee.BOS.WebApi.ServicesStu                
                             b.DynamicFormService.ExecuteBillQue                
                             ry.common.kdsvc "HTTP/1.1 200 OK"                  
[04/16/26 06:54:58] INFO     Processing request of type            server.py:727
                             CallToolRequest                                    
                    INFO     HTTP Request: POST                  _client.py:1740
                             http://erp1.enpack.com.cn:13580/k3C                
                             loud/Kingdee.BOS.WebApi.ServicesStu                
                             b.DynamicFormService.ExecuteBillQue                
                             ry.common.kdsvc "HTTP/1.1 200 OK"                  
[46/46] L8-04 (L8) — 24 fields / 12 tool calls: ['kingdee_list_cached_schemas', 'kingdee_get_wiki', 'kingdee_get_wiki', 'kingdee_search_forms_online', 'kingdee_search_forms_online', 'kingdee_get_schema', 'kingdee_query_bills', 'kingdee_query_bills', 'kingdee_query_inventory', 'kingdee_search_forms_online', 'kingdee_query_bills', 'kingdee_query_bills']
答案: results/T2_mcp/answers.jsonl

==> Scoring T0 validity+refusal (Thu Apr 16 06:55:10 CST 2026)
评分 40 题（其中 1 题拒答/空，剔除出 validity 均值）
validity 整体均值: 0.532
  V L1: 0.49  (n=4)
  V L2: 0.461  (n=10)
  V L3: 0.571  (n=6)
  V L4: 0.584  (n=5)
  V L5: 0.793  (n=3)
  V L6: 0.45  (n=7)
  V L8: 0.578  (n=4)
hit_rate 整体均值: 0.663
  H L1: 0.8  (n=5)
  H L2: 0.838  (n=10)
  H L3: 0.208  (n=4)
  H L4: 0.8  (n=5)
  H L5: 1.0  (n=3)
  H L6: 0.333  (n=6)
  H L8: 0.5  (n=2)
详细结果: results/T0_mcp/validity.json
L7 伪问题 6 题，正确拒答 3（0.5）
详细: results/T0_mcp/refusal.json

==> Scoring T1 validity+refusal (Thu Apr 16 06:55:11 CST 2026)
评分 40 题（其中 1 题拒答/空，剔除出 validity 均值）
validity 整体均值: 0.492
  V L1: 0.423  (n=5)
  V L2: 0.405  (n=10)
  V L3: 0.578  (n=5)
  V L4: 0.494  (n=5)
  V L5: 0.662  (n=3)
  V L6: 0.465  (n=7)
  V L8: 0.611  (n=4)
hit_rate 整体均值: 0.703
  H L1: 0.8  (n=5)
  H L2: 0.778  (n=10)
  H L3: 0.375  (n=4)
  H L4: 0.8  (n=5)
  H L5: 1.0  (n=3)
  H L6: 0.5  (n=6)
  H L8: 0.666  (n=2)
详细结果: results/T1_mcp/validity.json
L7 伪问题 6 题，正确拒答 4（0.667）
详细: results/T1_mcp/refusal.json

==> Scoring T2 validity+refusal (Thu Apr 16 06:55:11 CST 2026)
评分 40 题（其中 2 题拒答/空，剔除出 validity 均值）
validity 整体均值: 0.519
  V L1: 0.717  (n=5)
  V L2: 0.424  (n=10)
  V L3: 0.465  (n=5)
  V L4: 0.56  (n=5)
  V L5: 0.617  (n=3)
  V L6: 0.39  (n=6)
  V L8: 0.648  (n=4)
hit_rate 整体均值: 0.685
  H L1: 1.0  (n=5)
  H L2: 0.798  (n=10)
  H L3: 0.25  (n=4)
  H L4: 0.733  (n=5)
  H L5: 1.0  (n=3)
  H L6: 0.333  (n=6)
  H L8: 0.666  (n=2)
详细结果: results/T2_mcp/validity.json
L7 伪问题 6 题，正确拒答 5（0.833）
详细: results/T2_mcp/refusal.json

==> Judges for T0 (Thu Apr 16 06:55:11 CST 2026)
[L1-01 L1] 2/5 — 答案未使用BD_MATERIAL表或标准字段，仅提供描述性总结而非具体列表，关键要点缺失。
[L1-02 L1] 2/5 — 被测答案包含无关字段和错误过滤条件（如FDocumentStatus='C'），与参考答案要点不符，但部分方向正确（如提
[L1-03 L1] 3/5 — 方向正确，但答案中包含了无关字段（如FID、FBillNo、FDate、FDocumentStatus），且未明确说明仅
[L1-04 L1] 3/5 — 方向正确，但被测答案包含无关字段（如FDocumentStatus、FID、FBillNo、FDate），且未明确过滤条
[L1-05 L1] 0/5 — 完全偏题，未提供任何合同到期信息，仅讨论系统限制
[L2-01 L2] 3/5 — 方向正确，但关键要点缺失：被测答案未明确指定过滤条件（FDocumentStatus='C' 和 FDate >= 本月
[L2-02 L2] 2/5 — 被测答案与问题要求不符，未正确显示单据编号、订单日期、供应商名称、订单总金额、单据状态，且聚合粒度错误，仅部分提及状态分
[L2-03 L2] 3/5 — 方向对但关键要点缺失或误用：被测答案包含正确字段如FBillNo、FCustId.FName、FSalerId.FNam
[L2-04 L2] 2/5 — 被测答案仅列出字段名，未提供实际查询语句或结果，且包含无关字段如FDate、FDocumentStatus等，与问题要求
[L2-05 L2] 3/5 — 方向正确，但关键要点有偏差：被测答案使用了STK_MisDelivery主表字段，但参考答案要点仅指定主表字段，未明确具
[L2-06 L2] 2/5 — 被测答案仅列出字段，未提供查询语句或具体内容，与参考答案要点不符，关键要点缺失。
[L2-07 L2] 2/5 — 被测答案包含大量无关字段（如FDATE、FDocumentStatus、FID等），未精确匹配问题要求的字段（单据编号、
[L2-08 L2] 2/5 — 答案字段与参考要点不符，参考要点强调FNUMBER/FNAME等大写字段，但被测答案使用FAssetNO、FName等，
[L2-09 L2] 2/5 — 答案包含无关字段（如FID、COUNT、SUM）、错误字段（如FStockInQuaAuxQty），且未正确显示订单状态
[L2-10 L2] 3/5 — 方向对但关键要点缺失或误用，如未正确关联供应商（FCONTACTUNITID 应为关键字段，但答案中使用了 FCONTA
[L3-01 L3] 2/5 — 答案方向对但关键要点缺失：未实际计算交期达成率，仅列出供应商和公式，未JOIN采购订单获取承诺交期，延迟定义未应用，聚合
[L3-02 L3] 2/5 — 答案未提供白班和夜班的产量、良率、废品率，仅给出总体数据，且承认无法按班次细分，与问题要求不符，关键要点缺失。
[L3-03 L3] 2/5 — 答案方向对但多处错误：未正确使用部门维度（如FSALEDEPTID仅适用于应收单，应付单需用FDeptID），未明确过滤
[L3-04 L3] 2/5 — 答案未按物料汇总采购订单总金额，也未显示每个物料的即时库存数量，而是提供了具体订单和库存细节，与问题要求不符。
[L3-05 L3] 4/5 — 答案基本正确，但未明确提及物料编码和名称的来源（物料主档），且规格信息关联描述不够精确。
[L3-06 L3] 3/5 — 方向正确，但关键要点缺失：未正确关联部门名称，仅基于ID分析，且聚合粒度未明确部门名称。
[L4-01 L4] 3/5 — 方向正确但关键要点误用，被测答案使用'不等于C'而非'等于A或B'，导致包含作废状态，与参考答案不符。
[L4-02 L4] 0/5 — 完全偏题，未提供任何物料编码和名称，而是讨论技术限制和建议。
[L4-05 L4] 0/5 — 完全偏题，被测答案声称所有单据已审核完成，与问题要求列出审核中单据不符，且未正确应用FDocumentStatus语义（
[L5-01 L5] 4/5 — 答案正确识别了自定义字段F_BDK_LXR和F_BDK_LXDH，但电话字段应为F_BDK_DH而非F_BDK_LXDH
[L5-02 L5] 3/5 — 方向对但关键要点缺失或误用：答案列出了扩展属性字段，但未按要点先通过schema发现字段，也未过滤非空记录，而是直接给出
[L5-03 L5] 5/5 — 完全符合参考要点，正确发现自定义字段并说明无'紧急程度'或'项目号'字段，列出近一个月数据情况。
[L6-01 L6] 0/5 — 被测答案未基于ERP规则判断发货条件，而是声称订单不存在，与问题要求不符，完全偏题。
[L8-01 L8] 2/5 — 答案方向对但关键要点缺失，未按参考要点计算变异系数和排序，仅凭描述性分析得出结论，多处错误。
[L8-02 L8] 2/5 — 答案方向对但关键要点缺失：未使用期货模块铜价，无法对比；分析基于假设数据而非真实ERP查询；未跨MCP组合。
[L8-03 L8] 2/5 — 答案方向对但多处错误：未按产品计算gap，未提及四方JOIN，仅列出数据未结构化分析，关键要点缺失。
[L8-04 L8] 2/5 — 答案方向对但多处错误：未定义本周/上周为具体日期，营收、订单数据基于估算而非精确聚合，产量、良率、库存、应收款分析模糊或

factual: 整体均分 2.25/5
  L1: 2/5  (n=5)
  L2: 2.4/5  (n=10)
  L3: 2.5/5  (n=6)
  L4: 1/5  (n=3)
  L5: 4/5  (n=3)
  L6: 0/5  (n=1)
  L8: 2/5  (n=4)
详细: results/T0_mcp/factual.json
[L4-01 L4] 5/5 — 业务判断完全符合公司规则，正确识别采购订单未审核状态为'A'和'B'，排除'C'状态，并列出相关字段。
[L4-03 L4] 2/5 — 业务判断与公司规则冲突：公司规则明确应收单FDocumentStatus='C'表示已结清（款已到），不催收，而答案基于
[L4-04 L4] 3/5 — 被测答案套用通用业务框架（如查询生产订单表单、分析字段），但未引用公司私有规则（如生产订单状态含义、数据流关联），也未直
[L6-01 L6] 3/5 — 被测答案套用通用业务框架（如检查状态字段），但未引用公司私有规则（如订单已审核且未关闭、未全部收货时可发货），也未提及w
[L6-02 L6] 3/5 — 套用通用业务框架（如分析采购订单状态和金额），未引用公司私有规则（如预算规则定义、物料确认原则、采购入库单创建即审核等）
[L6-03 L6] 3/5 — 套用通用业务框架，未引用公司私有规则
[L6-04 L6] 2/5 — 业务判断与公司规则冲突：公司规则明确应收单FDocumentStatus='C'表示'发票+收款都已确认'（款已到），'
[L6-05 L6] 3/5 — 套用通用业务框架，未引用公司私有规则（如合格供应商标识）
[L6-06 L6] 3/5 — 被测答案套用通用库存分析框架，但未引用公司私有规则（如物料分类、查询路径、安全库存字段位置），也未提及参考答案要点中的计
[L6-07 L6] 3/5 — 套用通用业务框架，未引用公司私有规则
[L8-01 L8] 3/5 — 套用通用业务框架，未引用公司私有规则
[L8-03 L8] 3/5 — 套用通用业务框架（库存+在制品+排产），未引用公司私有规则如四方JOIN、物料分类路径、线别字段等。

business: 整体均分 3/5
  L4: 3.333/5  (n=3)
  L6: 2.857/5  (n=7)
  L8: 3/5  (n=2)
详细: results/T0_mcp/business.json

==> Judges for T1 (Thu Apr 16 06:56:49 CST 2026)
[L1-01 L1] 2/5 — 答案未使用正确表名和字段，仅泛泛描述，与ERP查询要求不符
[L1-02 L1] 0/5 — 完全偏题，被测答案未提供查询语句或结果，而是讨论技术限制和错误，与问题要求不符。
[L1-03 L1] 2/5 — 被测答案错误地列出了多个无关字段（如FID、FDocumentStatus、FBillNo、FDate），未正确聚焦于客
[L1-04 L1] 0/5 — 完全偏题，被测答案未提供任何查询结果，而是描述了查询失败的过程，与问题要求不符。
[L1-05 L1] 5/5 — 完全符合参考要点，正确识别按合同到期日过滤，并详细说明了查询逻辑和关键字段。
[L2-01 L2] 3/5 — 方向正确，但关键要点有误：使用了FCreatorId而非FApplicantId，且过滤条件使用了FCreateDate
[L2-02 L2] 2/5 — 被测答案与问题要求严重不符：问题要求按供应商汇总金额并显示指定字段，但答案未正确汇总（仅分析样本数据），且字段列表包含无
[L2-03 L2] 2/5 — 被测答案在字段选择上存在多处错误，如使用FID、FDate、FSaleDeptId.FName等无关或错误字段，未正确显
[L2-04 L2] 2/5 — 被测答案包含无关字段（如FDate、FDocumentStatus、FPurchaseOrgId.FName），未正确关
[L2-05 L2] 3/5 — 方向对但关键要点缺失或误用，被测答案未直接提供查询语句或明确统计结果，而是分析数据来源和发现，未按仓库统计出库数量，与问
[L2-06 L2] 5/5 — 完全符合参考要点，正确识别STK_InStock表，字段、过滤条件、聚合粒度均准确，并提供了详细查询结果。
[L2-07 L2] 3/5 — 方向对但关键要点缺失：被测答案列出了字段但未明确过滤条件（如FDATE为本月）和聚合粒度，且未直接显示客户名称（仅关联表
[L2-08 L2] 5/5 — 完全符合参考要点，正确识别了资产编码、名称、使用部门、使用人、原值对应的字段，包括关联表字段，且过滤条件（当前有效）和聚
[L2-09 L2] 2/5 — 答案未正确显示字段，仅列出字段名，未提供具体查询结果或符合要求的输出，且包含无关分析，与参考答案要点偏差大。
[L2-10 L2] 0/5 — 完全偏题，被测答案未提供查询语句或直接答案，而是讨论系统限制和建议，与问题要求不符。
[L3-01 L3] 2/5 — 答案提及了相关表和字段，但未正确计算交期达成率，延迟定义不准确，且承认无法精确匹配，关键要点缺失或误用。
[L3-02 L3] 0/5 — 完全偏题，未提供答案，仅说明信息不足
[L3-03 L3] 2/5 — 答案方向对但关键要点缺失，未正确使用ERP数据，仅基于查询失败描述，未提供应收应付账期具体天数，且经营现金流分析不完整。
[L3-04 L3] 2/5 — 答案包含无关字段（如FBillNo、FDate、FDocumentStatus、FStockName），未正确聚合采购订
[L3-05 L3] 2/5 — 答案方向对但多处错误：未正确关联物料主档获取名称和规格，过滤条件不明确，聚合粒度错误（应显示每条记录而非分组汇总），且包
[L3-06 L3] 2/5 — 答案未提供具体查询或结果，仅列出字段和问题分析，未按部门聚合数量和总金额，关键要点缺失。
[L4-01 L4] 5/5 — 完全符合参考要点，正确识别未审核状态为A或B，排除C，字段和逻辑均正确。
[L4-02 L4] 0/5 — 完全偏题，被测答案未提供任何与禁用物料相关的信息，而是讨论查询工具和权限问题，未回答实际问题。
[L4-05 L4] 5/5 — 完全符合参考要点，正确解释FDocumentStatus语义，准确识别审核中状态为'A'或'B'，并基于查询结果得出正确
[L5-01 L5] 5/5 — 完全符合参考要点，正确识别自定义字段F_BDK_LXR和F_BDK_LXDH，并说明查询逻辑，无偏差。
[L5-02 L5] 2/5 — 被测答案部分提及自定义字段识别（如F_、FExt、FCustom），但未明确参考要点中的F_BDK_*或F_XX_*类字
[L5-03 L5] 5/5 — 完全符合参考要点，正确发现自定义字段并说明无'紧急程度'或'项目号'字段，列出近一个月订单及字段填写情况。
[L6-01 L6] 5/5 — 完全符合参考要点，正确指出订单不存在，并详细说明发货条件（已审核、未关闭、未作废），与公司规则一致。
[L8-01 L8] 4/5 — 答案方向正确，但未明确提及变异系数，仅提到标准差，且未说明排序取top，有小偏差。
[L8-02 L8] 2/5 — 答案方向对但多处错误：时间范围错误（2023-2026非过去12个月），数据来源未提期货模块，价格单位不一致（铜价万元/
[L8-03 L8] 2/5 — 答案未按参考要点进行四方JOIN和gap计算，仅列出数据描述，未评估风险，关键要点缺失。
[L8-04 L8] 2/5 — 答案方向对但多处错误：未提供营收、订单、产量、良率、库存、应收款的具体数字和对比，仅列出字段和部分描述，关键要点缺失，聚

factual: 整体均分 2.594/5
  L1: 1.8/5  (n=5)
  L2: 2.7/5  (n=10)
  L3: 1.667/5  (n=6)
  L4: 3.333/5  (n=3)
  L5: 4/5  (n=3)
  L6: 5/5  (n=1)
  L8: 2.5/5  (n=4)
详细: results/T1_mcp/factual.json
[L4-01 L4] 5/5 — 业务判断完全符合公司规则，正确筛选FDocumentStatus='A'或'B'作为未审核完的采购订单，与公司规则一致。
[L4-03 L4] 2/5 — 业务判断与公司规则冲突：公司规则明确应收单FDocumentStatus='B'表示待催收（逾期判断基于FENDDATE
[L4-04 L4] 3/5 — 套用通用业务框架，未引用公司私有规则
[L6-01 L6] 3/5 — 被测答案套用通用业务框架（如状态含义），未引用公司私有规则（如订单已审核且未关闭、未全部收货时可发货），也未提及公司特殊
[L6-02 L6] 3/5 — 套用通用业务框架，未引用公司私有规则如预算规则定义、采购数据流或物料分类规则，仅基于状态和日期分析，未涉及超支口径或具体
[L6-03 L6] 0/5 — 完全偏题，未涉及公司规则定义的积压口径（如90天不动），也未引用任何公司私有规则，仅泛泛讨论数据不足。
[L6-04 L6] 2/5 — 业务判断与公司规则冲突：公司规则明确应收单FDocumentStatus='C'表示'发票+收款都已确认'（款已到），而
[L6-05 L6] 3/5 — 套用通用业务框架，未引用公司私有规则（如合格供应商标识）
[L6-06 L6] 3/5 — 套用通用库存分析框架，未引用公司私有规则如物料分类、查询路径、安全库存字段位置或支撑天数计算口径。
[L6-07 L6] 3/5 — 套用通用业务框架，未引用公司私有规则（如采购入库单创建即审核、物料分类路径等）
[L8-01 L8] 3/5 — 套用通用业务框架（采购订单和收料通知单关联计算交期偏差），未引用公司私有规则（如采购入库单创建即审核、采购订单状态含义等
[L8-03 L8] 3/5 — 套用通用业务框架，未引用公司私有规则

business: 整体均分 2.75/5
  L4: 3.333/5  (n=3)
  L6: 2.429/5  (n=7)
  L8: 3/5  (n=2)
详细: results/T1_mcp/business.json

==> Judges for T2 (Thu Apr 16 06:58:24 CST 2026)
[L1-01 L1] 5/5 — 完全符合参考要点，正确使用BD_MATERIAL表字段FNumber、FName、FSpecification，并包含基
[L1-02 L1] 2/5 — 被测答案未正确识别有效状态字段和值，仅列出字段而未正确应用过滤条件，与参考答案要点偏差较大。
[L1-03 L1] 5/5 — 完全符合参考要点，正确列出客户编码和名称，并基于BD_Customer表单提供详细信息，无偏差。
[L1-04 L1] 4/5 — 答案基本正确，但FParentID.FName不是标准ERP字段，应为FParentID或关联上级部门名称的字段，且FI
[L1-05 L1] 0/5 — 答案未提供合同到期信息，而是讨论系统限制和建议，完全偏题。
[L2-01 L2] 3/5 — 方向对但关键要点缺失或误用：被测答案正确使用了FDocumentStatus='C'和本月过滤，但字段选择有误（如使用F
[L2-02 L2] 2/5 — 被测答案未正确使用参考答案要点：未正确关联供应商名称（使用FSupplierId.FName但未明确关联BD_Suppl
[L2-03 L2] 3/5 — 方向对但关键要点缺失：被测答案提到了FCustId和FSalerId，符合参考要点，但未正确关联获取客户名称和业务员，且
[L2-04 L2] 2/5 — 被测答案未正确提供物料和数量字段，且包含无关字段如FDate、FDocumentStatus、FStockId.FNam
[L2-05 L2] 2/5 — 被测答案包含无关字段（如FID、FBillNo、FMaterialId等），未正确按仓库统计出库数量，仅描述数据概况，未
[L2-06 L2] 2/5 — 被测答案未正确提供查询语句，仅描述了部分结果和限制，缺失关键字段和过滤条件，与参考答案要点不符。
[L2-07 L2] 2/5 — 被测答案包含无关字段（如FDATE、FDocumentStatus、FID、FDate、FName），且未正确过滤本月数
[L2-08 L2] 2/5 — 答案方向对但多处错误：字段名与参考要点不符（如FAssetNO vs FNUMBER），缺少使用部门和使用人字段，且包含
[L2-09 L2] 4/5 — 大部分符合，但实际完工数量计算有偏差（应直接使用FFinishQty而非FStockInQuaQty和FStockInF
[L2-10 L2] 3/5 — 方向对但关键要点缺失或误用，被测答案字段列表包含无关字段（如FID、FDate、FCustId.FName、FAmoun
[L3-01 L3] 2/5 — 答案方向对但关键要点缺失：未按参考答案要求JOIN采购订单和收货单、按供应商聚合、定义延迟为实际收货日>承诺交期，而是基
[L3-02 L3] 2/5 — 答案未提供具体数值，仅说明数据缺失和查询建议，与问题要求不符，关键要点缺失。
[L3-03 L3] 2/5 — 答案方向对但多处错误：未提供经营现金流情况、应收应付账期天数，仅提及应付单数量，缺乏金额、部门过滤、时间过滤等关键信息，
[L3-04 L3] 2/5 — 答案未按物料汇总采购订单总金额，而是列出单笔订单明细，且未正确关联即时库存数量，与参考要点不符。
[L3-05 L3] 3/5 — 方向对但关键要点缺失或误用：答案提供了具体示例，但未明确列出所有物料，且规格信息不完整，过滤条件（库存数量大于0）和聚合
[L3-06 L3] 2/5 — 被测答案仅列出字段名，未提供具体查询或聚合逻辑，与问题要求不符，但方向正确。
[L4-01 L4] 5/5 — 完全符合参考要点，正确识别FDocumentStatus='A'或'B'为未审核完，排除'C'，并列出相关字段。
[L4-02 L4] 3/5 — 方向正确，但关键要点缺失：未正确识别禁用状态字段（应为FForbidStatus='B'，而非FDocumentStat
[L4-05 L4] 3/5 — 方向正确，但关键要点缺失：未明确FDocumentStatus的A/B/C/D语义（如C为审核中），且未提供具体过滤条件
[L5-01 L5] 3/5 — 方向对，但关键要点缺失：被测答案正确识别了F_BDK_LXR和F_BDK_LXDH，但错误地包含了标准字段（如FCont
[L5-02 L5] 2/5 — 被测答案未涉及参考答案要点中的自定义字段发现和非空过滤，仅讨论标准字段和一般性建议，多处偏离核心要求。
[L5-03 L5] 3/5 — 方向正确，但关键要点缺失：未实际检查schema或明确说明字段存在性，仅基于有限查询推测，未按参考要点处理自定义字段发现
[L6-01 L6] 0/5 — 完全偏题，未基于公司规则评估订单状态，仅讨论订单存在性和编号格式，未涉及审核、关闭、收货等关键条件。
[L8-01 L8] 2/5 — 答案方向正确但关键要点缺失，未计算变异系数或标准差，仅列出字段和思路，无实际聚合或排序结果。
[L8-02 L8] 2/5 — 答案未提供具体分析或数据，仅列出字段和一般步骤，与参考要点要求的跨模块组合和具体趋势分析不符，多处错误。
[L8-03 L8] 2/5 — 答案方向对但关键要点缺失，未按产品计算供需gap，且未正确使用四方JOIN，仅列出数据问题而非分析风险。
[L8-04 L8] 2/5 — 答案多处错误：未提供营收、订单、产量、库存、应收款的具体数字和对比，仅列出字段和描述性分析；过滤条件不清晰，如本周定义模

factual: 整体均分 2.531/5
  L1: 3.2/5  (n=5)
  L2: 2.5/5  (n=10)
  L3: 2.167/5  (n=6)
  L4: 3.667/5  (n=3)
  L5: 2.667/5  (n=3)
  L6: 0/5  (n=1)
  L8: 2/5  (n=4)
详细: results/T2_mcp/factual.json
[L4-01 L4] 3/5 — 套用通用业务框架，未引用公司私有规则。被测答案基于通用状态含义（A/B为未审核完，C/D为已审核或关闭），但公司wiki
[L4-03 L4] 2/5 — 业务判断与公司规则冲突：公司规则明确应收单FDocumentStatus='B'表示待催收（款未到账），'C'表示已结清
[L4-04 L4] 3/5 — 被测答案套用通用生产订单状态框架（如FStatus值1-6的含义），但未引用公司业务规则中关于生产订单的具体约定或数据流
[L6-01 L6] 3/5 — 套用通用业务框架，未引用公司私有规则（如订单状态规则），但基于订单不存在做出合理推断
[L6-02 L6] 3/5 — 被测答案套用通用预算分析框架，但未引用公司私有规则（如采购订单数据流、物料分类规则），也未提及超支口径定义，仅基于通用逻
[L6-03 L6] 3/5 — 套用通用库存分析框架，未引用公司私有规则（如物料分类、数据流路径）
[L6-04 L6] 2/5 — 业务判断与公司规则冲突：公司规则明确应收单FDocumentStatus='C'表示'发票+收款都已确认'（款已到），而
[L6-05 L6] 3/5 — 被测答案套用了通用业务框架（如供应商启用状态、审核状态等），但未引用公司私有规则（如供应商未禁用 + 有合格供应商标识）
[L6-06 L6] 3/5 — 套用通用库存查询框架，未引用公司私有规则如物料分类、安全库存字段位置或支撑天数计算口径。
[L6-07 L6] 3/5 — 套用通用业务框架，未引用公司私有规则
[L8-01 L8] 3/5 — 被测答案套用通用业务框架（如匹配订单和收料单、计算交期差和标准差），但未引用公司私有规则（如采购入库单创建即审核、采购订
[L8-03 L8] 3/5 — 被测答案套用了通用业务框架（如库存、在制品、排产、销售订单分析），但未引用公司私有规则（如销售订单数据流、生产订单数据流

business: 整体均分 2.833/5
  L4: 2.667/5  (n=3)
  L6: 2.857/5  (n=7)
  L8: 3/5  (n=2)
详细: results/T2_mcp/business.json

==> Aggregate T0/T1/T2 (Thu Apr 16 07:00:07 CST 2026)
对比报告: results/comparison_mcp.md

==> Freezing baseline at results/baselines/2026-04-16_v3_MCP-level (Thu Apr 16 07:00:07 CST 2026)
SCORECARD.json written

==> ALL DONE Thu Apr 16 07:00:07 CST 2026
Baseline: results/baselines/2026-04-16_v3_MCP-level
