==> P26 MCP-level full run Wed Apr 15 23:18:09 CST 2026

==> Running T0 (Wed Apr 15 23:18:09 CST 2026)
[04/15/26 23:18:10] INFO     Processing request of type            server.py:727
                             ListToolsRequest                                   
[stage=T0] MCP server 暴露 14 个工具；本阶段启用 6 个：
  - kingdee_query_bills
  - kingdee_query_materials
  - kingdee_describe_form
  - kingdee_search_forms_online
  - kingdee_query_inventory
  - kingdee_query_fixed_assets
[04/15/26 23:18:15] INFO     Processing request of type            server.py:727
                             CallToolRequest                                    
                    INFO     HTTP Request: POST                  _client.py:1740
                             http://erp1.enpack.com.cn:13580/k3C                
                             loud/Kingdee.BOS.WebApi.ServicesStu                
                             b.AuthService.LoginByAppSecret.comm                
                             on.kdsvc "HTTP/1.1 200 OK"                         
                    INFO     HTTP Request: POST                  _client.py:1740
                             http://erp1.enpack.com.cn:13580/k3C                
                             loud/Kingdee.BOS.WebApi.ServicesStu                
                             b.DynamicFormService.QueryBusinessI                
                             nfo.common.kdsvc "HTTP/1.1 200 OK"                 
[04/15/26 23:18:20] INFO     Processing request of type            server.py:727
                             CallToolRequest                                    
                    INFO     HTTP Request: POST                  _client.py:1740
                             http://erp1.enpack.com.cn:13580/k3C                
                             loud/Kingdee.BOS.WebApi.ServicesStu                
                             b.DynamicFormService.ExecuteBillQue                
                             ry.common.kdsvc "HTTP/1.1 200 OK"                  
[04/15/26 23:18:25] INFO     Processing request of type            server.py:727
                             CallToolRequest                                    
                    INFO     HTTP Request: POST                  _client.py:1740
                             http://erp1.enpack.com.cn:13580/k3C                
                             loud/Kingdee.BOS.WebApi.ServicesStu                
                             b.DynamicFormService.ExecuteBillQue                
                             ry.common.kdsvc "HTTP/1.1 200 OK"                  
[04/15/26 23:18:29] INFO     Processing request of type            server.py:727
                             CallToolRequest                                    
[04/15/26 23:18:32] INFO     Processing request of type            server.py:727
                             CallToolRequest                                    
[04/15/26 23:18:33] INFO     HTTP Request: POST                  _client.py:1740
                             http://erp1.enpack.com.cn:13580/k3C                
                             loud/Kingdee.BOS.WebApi.ServicesStu                
                             b.DynamicFormService.ExecuteBillQue                
                             ry.common.kdsvc "HTTP/1.1 200 OK"                  
[1/46] L1-01 (L1) — 4 fields / 5 tool calls: ['kingdee_describe_form', 'kingdee_query_materials', 'kingdee_query_materials', 'kingdee_query_materials', 'kingdee_query_materials']
[04/15/26 23:18:47] INFO     Processing request of type            server.py:727
                             CallToolRequest                                    
[04/15/26 23:18:52] INFO     Processing request of type            server.py:727
                             CallToolRequest                                    
[04/15/26 23:18:58] INFO     Processing request of type            server.py:727
                             CallToolRequest                                    
                    INFO     HTTP Request: POST                  _client.py:1740
                             http://erp1.enpack.com.cn:13580/k3C                
                             loud/Kingdee.BOS.WebApi.ServicesStu                
                             b.DynamicFormService.ExecuteBillQue                
                             ry.common.kdsvc "HTTP/1.1 200 OK"                  
[04/15/26 23:19:01] INFO     Processing request of type            server.py:727
                             CallToolRequest                                    
                    INFO     HTTP Request: POST                  _client.py:1740
                             http://erp1.enpack.com.cn:13580/k3C                
                             loud/Kingdee.BOS.WebApi.ServicesStu                
                             b.DynamicFormService.QueryBusinessI                
                             nfo.common.kdsvc "HTTP/1.1 200 OK"                 
[04/15/26 23:19:09] INFO     Processing request of type            server.py:727
                             CallToolRequest                                    
                    INFO     HTTP Request: POST                  _client.py:1740
                             http://erp1.enpack.com.cn:13580/k3C                
                             loud/Kingdee.BOS.WebApi.ServicesStu                
                             b.DynamicFormService.ExecuteBillQue                
                             ry.common.kdsvc "HTTP/1.1 200 OK"                  
[04/15/26 23:19:16] INFO     Processing request of type            server.py:727
                             CallToolRequest                                    
[04/15/26 23:19:17] INFO     HTTP Request: POST                  _client.py:1740
                             http://erp1.enpack.com.cn:13580/k3C                
                             loud/Kingdee.BOS.WebApi.ServicesStu                
                             b.DynamicFormService.ExecuteBillQue                
                             ry.common.kdsvc "HTTP/1.1 200 OK"                  
[04/15/26 23:19:22] INFO     Processing request of type            server.py:727
                             CallToolRequest                                    
                    INFO     HTTP Request: POST                  _client.py:1740
                             http://erp1.enpack.com.cn:13580/k3C                
                             loud/Kingdee.BOS.WebApi.ServicesStu                
                             b.DynamicFormService.ExecuteBillQue                
                             ry.common.kdsvc "HTTP/1.1 200 OK"                  
[04/15/26 23:19:27] INFO     Processing request of type            server.py:727
                             CallToolRequest                                    
                    INFO     HTTP Request: POST                  _client.py:1740
                             http://erp1.enpack.com.cn:13580/k3C                
                             loud/Kingdee.BOS.WebApi.ServicesStu                
                             b.DynamicFormService.ExecuteBillQue                
                             ry.common.kdsvc "HTTP/1.1 200 OK"                  
[2/46] L1-02 (L1) — 5 fields / 8 tool calls: ['kingdee_get_schema', 'kingdee_search_forms_online', 'kingdee_query_bills', 'kingdee_describe_form', 'kingdee_query_bills', 'kingdee_query_bills', 'kingdee_query_bills', 'kingdee_query_bills']
[04/15/26 23:19:41] INFO     Processing request of type            server.py:727
                             CallToolRequest                                    
                    INFO     HTTP Request: POST                  _client.py:1740
                             http://erp1.enpack.com.cn:13580/k3C                
                             loud/Kingdee.BOS.WebApi.ServicesStu                
                             b.DynamicFormService.ExecuteBillQue                
                             ry.common.kdsvc "HTTP/1.1 200 OK"                  
[04/15/26 23:19:44] INFO     Processing request of type            server.py:727
                             CallToolRequest                                    
                    INFO     HTTP Request: POST                  _client.py:1740
                             http://erp1.enpack.com.cn:13580/k3C                
                             loud/Kingdee.BOS.WebApi.ServicesStu                
                             b.DynamicFormService.ExecuteBillQue                
                             ry.common.kdsvc "HTTP/1.1 200 OK"                  
[04/15/26 23:19:48] INFO     Processing request of type            server.py:727
                             CallToolRequest                                    
                    INFO     HTTP Request: POST                  _client.py:1740
                             http://erp1.enpack.com.cn:13580/k3C                
                             loud/Kingdee.BOS.WebApi.ServicesStu                
                             b.DynamicFormService.QueryBusinessI                
                             nfo.common.kdsvc "HTTP/1.1 200 OK"                 
[04/15/26 23:19:54] INFO     Processing request of type            server.py:727
                             CallToolRequest                                    
                    INFO     HTTP Request: POST                  _client.py:1740
                             http://erp1.enpack.com.cn:13580/k3C                
                             loud/Kingdee.BOS.WebApi.ServicesStu                
                             b.DynamicFormService.ExecuteBillQue                
                             ry.common.kdsvc "HTTP/1.1 200 OK"                  
[04/15/26 23:20:00] INFO     Processing request of type            server.py:727
                             CallToolRequest                                    
                    INFO     HTTP Request: POST                  _client.py:1740
                             http://erp1.enpack.com.cn:13580/k3C                
                             loud/Kingdee.BOS.WebApi.ServicesStu                
                             b.DynamicFormService.ExecuteBillQue                
                             ry.common.kdsvc "HTTP/1.1 200 OK"                  
[04/15/26 23:20:05] INFO     Processing request of type            server.py:727
                             CallToolRequest                                    
                    INFO     HTTP Request: POST                  _client.py:1740
                             http://erp1.enpack.com.cn:13580/k3C                
                             loud/Kingdee.BOS.WebApi.ServicesStu                
                             b.DynamicFormService.ExecuteBillQue                
                             ry.common.kdsvc "HTTP/1.1 200 OK"                  
[3/46] L1-03 (L1) — 2 fields / 6 tool calls: ['kingdee_search_forms_online', 'kingdee_search_forms_online', 'kingdee_describe_form', 'kingdee_query_bills', 'kingdee_query_bills', 'kingdee_query_bills']
[04/15/26 23:20:20] INFO     Processing request of type            server.py:727
                             CallToolRequest                                    
[04/15/26 23:20:23] INFO     Processing request of type            server.py:727
                             CallToolRequest                                    
[04/15/26 23:20:27] INFO     Processing request of type            server.py:727
                             CallToolRequest                                    
                    INFO     HTTP Request: POST                  _client.py:1740
                             http://erp1.enpack.com.cn:13580/k3C                
                             loud/Kingdee.BOS.WebApi.ServicesStu                
                             b.DynamicFormService.ExecuteBillQue                
                             ry.common.kdsvc "HTTP/1.1 200 OK"                  
[04/15/26 23:20:31] INFO     Processing request of type            server.py:727
                             CallToolRequest                                    
                    INFO     HTTP Request: POST                  _client.py:1740
                             http://erp1.enpack.com.cn:13580/k3C                
                             loud/Kingdee.BOS.WebApi.ServicesStu                
                             b.DynamicFormService.ExecuteBillQue                
                             ry.common.kdsvc "HTTP/1.1 200 OK"                  
[04/15/26 23:20:35] INFO     Processing request of type            server.py:727
                             CallToolRequest                                    
                    INFO     HTTP Request: POST                  _client.py:1740
                             http://erp1.enpack.com.cn:13580/k3C                
                             loud/Kingdee.BOS.WebApi.ServicesStu                
                             b.DynamicFormService.QueryBusinessI                
                             nfo.common.kdsvc "HTTP/1.1 200 OK"                 
[04/15/26 23:20:41] INFO     Processing request of type            server.py:727
                             CallToolRequest                                    
                    INFO     HTTP Request: POST                  _client.py:1740
                             http://erp1.enpack.com.cn:13580/k3C                
                             loud/Kingdee.BOS.WebApi.ServicesStu                
                             b.DynamicFormService.ExecuteBillQue                
                             ry.common.kdsvc "HTTP/1.1 200 OK"                  
[04/15/26 23:20:46] INFO     Processing request of type            server.py:727
                             CallToolRequest                                    
                    INFO     HTTP Request: POST                  _client.py:1740
                             http://erp1.enpack.com.cn:13580/k3C                
                             loud/Kingdee.BOS.WebApi.ServicesStu                
                             b.DynamicFormService.ExecuteBillQue                
                             ry.common.kdsvc "HTTP/1.1 200 OK"                  
[04/15/26 23:20:51] INFO     Processing request of type            server.py:727
                             CallToolRequest                                    
                    INFO     HTTP Request: POST                  _client.py:1740
                             http://erp1.enpack.com.cn:13580/k3C                
                             loud/Kingdee.BOS.WebApi.ServicesStu                
                             b.DynamicFormService.ExecuteBillQue                
                             ry.common.kdsvc "HTTP/1.1 200 OK"                  
[4/46] L1-04 (L1) — 5 fields / 8 tool calls: ['kingdee_search_forms_online', 'kingdee_search_forms_online', 'kingdee_search_forms_online', 'kingdee_query_bills', 'kingdee_describe_form', 'kingdee_query_bills', 'kingdee_query_bills', 'kingdee_query_bills']
[04/15/26 23:21:02] INFO     Processing request of type            server.py:727
                             CallToolRequest                                    
[04/15/26 23:21:06] INFO     Processing request of type            server.py:727
                             CallToolRequest                                    
[04/15/26 23:21:10] INFO     Processing request of type            server.py:727
                             CallToolRequest                                    
                    INFO     HTTP Request: POST                  _client.py:1740
                             http://erp1.enpack.com.cn:13580/k3C                
                             loud/Kingdee.BOS.WebApi.ServicesStu                
                             b.DynamicFormService.ExecuteBillQue                
                             ry.common.kdsvc "HTTP/1.1 200 OK"                  
[04/15/26 23:21:14] INFO     Processing request of type            server.py:727
                             CallToolRequest                                    
                    INFO     HTTP Request: POST                  _client.py:1740
                             http://erp1.enpack.com.cn:13580/k3C                
                             loud/Kingdee.BOS.WebApi.ServicesStu                
                             b.DynamicFormService.ExecuteBillQue                
                             ry.common.kdsvc "HTTP/1.1 200 OK"                  
[04/15/26 23:21:18] INFO     Processing request of type            server.py:727
                             CallToolRequest                                    
                    INFO     HTTP Request: POST                  _client.py:1740
                             http://erp1.enpack.com.cn:13580/k3C                
                             loud/Kingdee.BOS.WebApi.ServicesStu                
                             b.DynamicFormService.ExecuteBillQue                
                             ry.common.kdsvc "HTTP/1.1 200 OK"                  
[04/15/26 23:21:22] INFO     Processing request of type            server.py:727
                             CallToolRequest                                    
                    INFO     HTTP Request: POST                  _client.py:1740
                             http://erp1.enpack.com.cn:13580/k3C                
                             loud/Kingdee.BOS.WebApi.ServicesStu                
                             b.DynamicFormService.ExecuteBillQue                
                             ry.common.kdsvc "HTTP/1.1 200 OK"                  
[04/15/26 23:21:26] INFO     Processing request of type            server.py:727
                             CallToolRequest                                    
[04/15/26 23:21:27] INFO     HTTP Request: POST                  _client.py:1740
                             http://erp1.enpack.com.cn:13580/k3C                
                             loud/Kingdee.BOS.WebApi.ServicesStu                
                             b.DynamicFormService.QueryBusinessI                
                             nfo.common.kdsvc "HTTP/1.1 200 OK"                 
[04/15/26 23:21:37] INFO     Processing request of type            server.py:727
                             CallToolRequest                                    
[04/15/26 23:21:38] INFO     HTTP Request: POST                  _client.py:1740
                             http://erp1.enpack.com.cn:13580/k3C                
                             loud/Kingdee.BOS.WebApi.ServicesStu                
                             b.DynamicFormService.ExecuteBillQue                
                             ry.common.kdsvc "HTTP/1.1 200 OK"                  
[5/46] L1-05 (L1) — 7 fields / 8 tool calls: ['kingdee_search_forms_online', 'kingdee_search_forms_online', 'kingdee_search_forms_online', 'kingdee_search_forms_online', 'kingdee_search_forms_online', 'kingdee_search_forms_online', 'kingdee_describe_form', 'kingdee_query_bills']
[04/15/26 23:21:55] INFO     Processing request of type            server.py:727
                             CallToolRequest                                    
[04/15/26 23:22:00] INFO     Processing request of type            server.py:727
                             CallToolRequest                                    
[04/15/26 23:22:04] INFO     Processing request of type            server.py:727
                             CallToolRequest                                    
[04/15/26 23:22:09] INFO     Processing request of type            server.py:727
                             CallToolRequest                                    
                    INFO     HTTP Request: POST                  _client.py:1740
                             http://erp1.enpack.com.cn:13580/k3C                
                             loud/Kingdee.BOS.WebApi.ServicesStu                
                             b.DynamicFormService.ExecuteBillQue                
                             ry.common.kdsvc "HTTP/1.1 200 OK"                  
[04/15/26 23:22:15] INFO     Processing request of type            server.py:727
                             CallToolRequest                                    
                    INFO     HTTP Request: POST                  _client.py:1740
                             http://erp1.enpack.com.cn:13580/k3C                
                             loud/Kingdee.BOS.WebApi.ServicesStu                
                             b.DynamicFormService.QueryBusinessI                
                             nfo.common.kdsvc "HTTP/1.1 200 OK"                 
[04/15/26 23:22:24] INFO     Processing request of type            server.py:727
                             CallToolRequest                                    
                    INFO     HTTP Request: POST                  _client.py:1740
                             http://erp1.enpack.com.cn:13580/k3C                
                             loud/Kingdee.BOS.WebApi.ServicesStu                
                             b.DynamicFormService.ExecuteBillQue                
                             ry.common.kdsvc "HTTP/1.1 200 OK"                  
[04/15/26 23:22:33] INFO     Processing request of type            server.py:727
                             CallToolRequest                                    
                    INFO     HTTP Request: POST                  _client.py:1740
                             http://erp1.enpack.com.cn:13580/k3C                
                             loud/Kingdee.BOS.WebApi.ServicesStu                
                             b.DynamicFormService.ExecuteBillQue                
                             ry.common.kdsvc "HTTP/1.1 200 OK"                  
[04/15/26 23:22:39] INFO     Processing request of type            server.py:727
                             CallToolRequest                                    
                    INFO     HTTP Request: POST                  _client.py:1740
                             http://erp1.enpack.com.cn:13580/k3C                
                             loud/Kingdee.BOS.WebApi.ServicesStu                
                             b.DynamicFormService.ExecuteBillQue                
                             ry.common.kdsvc "HTTP/1.1 200 OK"                  
[6/46] L2-01 (L2) — 7 fields / 8 tool calls: ['kingdee_get_schema', 'kingdee_describe_form', 'kingdee_search_forms_online', 'kingdee_query_bills', 'kingdee_describe_form', 'kingdee_query_bills', 'kingdee_query_bills', 'kingdee_search_forms_online']
[04/15/26 23:22:56] INFO     Processing request of type            server.py:727
                             CallToolRequest                                    
[04/15/26 23:23:00] INFO     Processing request of type            server.py:727
                             CallToolRequest                                    
[04/15/26 23:23:04] INFO     Processing request of type            server.py:727
                             CallToolRequest                                    
                    INFO     HTTP Request: POST                  _client.py:1740
                             http://erp1.enpack.com.cn:13580/k3C                
                             loud/Kingdee.BOS.WebApi.ServicesStu                
                             b.DynamicFormService.QueryBusinessI                
                             nfo.common.kdsvc "HTTP/1.1 200 OK"                 
[04/15/26 23:23:09] INFO     Processing request of type            server.py:727
                             CallToolRequest                                    
                    INFO     HTTP Request: POST                  _client.py:1740
                             http://erp1.enpack.com.cn:13580/k3C                
                             loud/Kingdee.BOS.WebApi.ServicesStu                
                             b.DynamicFormService.ExecuteBillQue                
                             ry.common.kdsvc "HTTP/1.1 200 OK"                  
[04/15/26 23:23:14] INFO     Processing request of type            server.py:727
                             CallToolRequest                                    
                    INFO     HTTP Request: POST                  _client.py:1740
                             http://erp1.enpack.com.cn:13580/k3C                
                             loud/Kingdee.BOS.WebApi.ServicesStu                
                             b.DynamicFormService.ExecuteBillQue                
                             ry.common.kdsvc "HTTP/1.1 200 OK"                  
[04/15/26 23:23:18] INFO     Processing request of type            server.py:727
                             CallToolRequest                                    
[04/15/26 23:23:19] INFO     HTTP Request: POST                  _client.py:1740
                             http://erp1.enpack.com.cn:13580/k3C                
                             loud/Kingdee.BOS.WebApi.ServicesStu                
                             b.DynamicFormService.ExecuteBillQue                
                             ry.common.kdsvc "HTTP/1.1 200 OK"                  
[04/15/26 23:23:26] INFO     Processing request of type            server.py:727
                             CallToolRequest                                    
[04/15/26 23:23:27] INFO     HTTP Request: POST                  _client.py:1740
                             http://erp1.enpack.com.cn:13580/k3C                
                             loud/Kingdee.BOS.WebApi.ServicesStu                
                             b.DynamicFormService.ExecuteBillQue                
                             ry.common.kdsvc "HTTP/1.1 200 OK"                  
[04/15/26 23:23:34] INFO     Processing request of type            server.py:727
                             CallToolRequest                                    
                    INFO     HTTP Request: POST                  _client.py:1740
                             http://erp1.enpack.com.cn:13580/k3C                
                             loud/Kingdee.BOS.WebApi.ServicesStu                
                             b.DynamicFormService.ExecuteBillQue                
                             ry.common.kdsvc "HTTP/1.1 200 OK"                  
[7/46] L2-02 (L2) — 7 fields / 8 tool calls: ['kingdee_get_schema', 'kingdee_describe_form', 'kingdee_describe_form', 'kingdee_query_bills', 'kingdee_search_forms_online', 'kingdee_search_forms_online', 'kingdee_query_bills', 'kingdee_query_bills']
[04/15/26 23:23:49] INFO     Processing request of type            server.py:727
                             CallToolRequest                                    
[04/15/26 23:23:54] INFO     Processing request of type            server.py:727
                             CallToolRequest                                    
[04/15/26 23:23:57] INFO     Processing request of type            server.py:727
                             CallToolRequest                                    
[04/15/26 23:23:58] INFO     HTTP Request: POST                  _client.py:1740
                             http://erp1.enpack.com.cn:13580/k3C                
                             loud/Kingdee.BOS.WebApi.ServicesStu                
                             b.DynamicFormService.QueryBusinessI                
                             nfo.common.kdsvc "HTTP/1.1 200 OK"                 
[04/15/26 23:24:03] INFO     Processing request of type            server.py:727
                             CallToolRequest                                    
                    INFO     HTTP Request: POST                  _client.py:1740
                             http://erp1.enpack.com.cn:13580/k3C                
                             loud/Kingdee.BOS.WebApi.ServicesStu                
                             b.DynamicFormService.QueryBusinessI                
                             nfo.common.kdsvc "HTTP/1.1 200 OK"                 
[04/15/26 23:24:08] INFO     Processing request of type            server.py:727
                             CallToolRequest                                    
                    INFO     HTTP Request: POST                  _client.py:1740
                             http://erp1.enpack.com.cn:13580/k3C                
                             loud/Kingdee.BOS.WebApi.ServicesStu                
                             b.DynamicFormService.QueryBusinessI                
                             nfo.common.kdsvc "HTTP/1.1 200 OK"                 
[04/15/26 23:24:13] INFO     Processing request of type            server.py:727
                             CallToolRequest                                    
                    INFO     HTTP Request: POST                  _client.py:1740
                             http://erp1.enpack.com.cn:13580/k3C                
                             loud/Kingdee.BOS.WebApi.ServicesStu                
                             b.DynamicFormService.ExecuteBillQue                
                             ry.common.kdsvc "HTTP/1.1 200 OK"                  
[04/15/26 23:24:19] INFO     Processing request of type            server.py:727
                             CallToolRequest                                    
                    INFO     HTTP Request: POST                  _client.py:1740
                             http://erp1.enpack.com.cn:13580/k3C                
                             loud/Kingdee.BOS.WebApi.ServicesStu                
                             b.DynamicFormService.ExecuteBillQue                
                             ry.common.kdsvc "HTTP/1.1 200 OK"                  
[04/15/26 23:24:24] INFO     Processing request of type            server.py:727
                             CallToolRequest                                    
                    INFO     HTTP Request: POST                  _client.py:1740
                             http://erp1.enpack.com.cn:13580/k3C                
                             loud/Kingdee.BOS.WebApi.ServicesStu                
                             b.DynamicFormService.ExecuteBillQue                
                             ry.common.kdsvc "HTTP/1.1 200 OK"                  
[8/46] L2-03 (L2) — 8 fields / 8 tool calls: ['kingdee_get_schema', 'kingdee_describe_form', 'kingdee_describe_form', 'kingdee_describe_form', 'kingdee_describe_form', 'kingdee_search_forms_online', 'kingdee_query_bills', 'kingdee_query_bills']
[04/15/26 23:24:39] INFO     Processing request of type            server.py:727
                             CallToolRequest                                    
[04/15/26 23:24:43] INFO     Processing request of type            server.py:727
                             CallToolRequest                                    
[04/15/26 23:24:48] INFO     Processing request of type            server.py:727
                             CallToolRequest                                    
                    INFO     HTTP Request: POST                  _client.py:1740
                             http://erp1.enpack.com.cn:13580/k3C                
                             loud/Kingdee.BOS.WebApi.ServicesStu                
                             b.DynamicFormService.ExecuteBillQue                
                             ry.common.kdsvc "HTTP/1.1 200 OK"                  
[04/15/26 23:24:53] INFO     Processing request of type            server.py:727
                             CallToolRequest                                    
                    INFO     HTTP Request: POST                  _client.py:1740
                             http://erp1.enpack.com.cn:13580/k3C                
                             loud/Kingdee.BOS.WebApi.ServicesStu                
                             b.DynamicFormService.QueryBusinessI                
                             nfo.common.kdsvc "HTTP/1.1 200 OK"                 
[04/15/26 23:25:01] INFO     Processing request of type            server.py:727
                             CallToolRequest                                    
[04/15/26 23:25:02] INFO     HTTP Request: POST                  _client.py:1740
                             http://erp1.enpack.com.cn:13580/k3C                
                             loud/Kingdee.BOS.WebApi.ServicesStu                
                             b.DynamicFormService.ExecuteBillQue                
                             ry.common.kdsvc "HTTP/1.1 200 OK"                  
[04/15/26 23:25:06] INFO     Processing request of type            server.py:727
                             CallToolRequest                                    
[04/15/26 23:25:13] INFO     Processing request of type            server.py:727
                             CallToolRequest                                    
                    INFO     HTTP Request: POST                  _client.py:1740
                             http://erp1.enpack.com.cn:13580/k3C                
                             loud/Kingdee.BOS.WebApi.ServicesStu                
                             b.DynamicFormService.ExecuteBillQue                
                             ry.common.kdsvc "HTTP/1.1 200 OK"                  
[04/15/26 23:25:20] INFO     Processing request of type            server.py:727
                             CallToolRequest                                    
                    INFO     HTTP Request: POST                  _client.py:1740
                             http://erp1.enpack.com.cn:13580/k3C                
                             loud/Kingdee.BOS.WebApi.ServicesStu                
                             b.DynamicFormService.ExecuteBillQue                
                             ry.common.kdsvc "HTTP/1.1 200 OK"                  
[9/46] L2-04 (L2) — 12 fields / 8 tool calls: ['kingdee_search_forms_online', 'kingdee_search_forms_online', 'kingdee_query_bills', 'kingdee_describe_form', 'kingdee_query_bills', 'kingdee_search_forms_online', 'kingdee_query_bills', 'kingdee_query_bills']
[04/15/26 23:25:34] INFO     Processing request of type            server.py:727
                             CallToolRequest                                    
[04/15/26 23:25:38] INFO     Processing request of type            server.py:727
                             CallToolRequest                                    
[04/15/26 23:25:42] INFO     Processing request of type            server.py:727
                             CallToolRequest                                    
[04/15/26 23:25:47] INFO     Processing request of type            server.py:727
                             CallToolRequest                                    
                    INFO     HTTP Request: POST                  _client.py:1740
                             http://erp1.enpack.com.cn:13580/k3C                
                             loud/Kingdee.BOS.WebApi.ServicesStu                
                             b.DynamicFormService.ExecuteBillQue                
                             ry.common.kdsvc "HTTP/1.1 200 OK"                  
[04/15/26 23:25:52] INFO     Processing request of type            server.py:727
                             CallToolRequest                                    
[04/15/26 23:25:56] INFO     Processing request of type            server.py:727
                             CallToolRequest                                    
                    INFO     HTTP Request: POST                  _client.py:1740
                             http://erp1.enpack.com.cn:13580/k3C                
                             loud/Kingdee.BOS.WebApi.ServicesStu                
                             b.DynamicFormService.QueryBusinessI                
                             nfo.common.kdsvc "HTTP/1.1 200 OK"                 
[04/15/26 23:26:09] INFO     Processing request of type            server.py:727
                             CallToolRequest                                    
                    INFO     HTTP Request: POST                  _client.py:1740
                             http://erp1.enpack.com.cn:13580/k3C                
                             loud/Kingdee.BOS.WebApi.ServicesStu                
                             b.DynamicFormService.ExecuteBillQue                
                             ry.common.kdsvc "HTTP/1.1 200 OK"                  
[04/15/26 23:26:14] INFO     Processing request of type            server.py:727
                             CallToolRequest                                    
[04/15/26 23:26:15] INFO     HTTP Request: POST                  _client.py:1740
                             http://erp1.enpack.com.cn:13580/k3C                
                             loud/Kingdee.BOS.WebApi.ServicesStu                
                             b.DynamicFormService.ExecuteBillQue                
                             ry.common.kdsvc "HTTP/1.1 200 OK"                  
[10/46] L2-05 (L2) — 8 fields / 8 tool calls: ['kingdee_search_forms_online', 'kingdee_search_forms_online', 'kingdee_search_forms_online', 'kingdee_query_bills', 'kingdee_describe_form', 'kingdee_describe_form', 'kingdee_query_bills', 'kingdee_query_bills']
[04/15/26 23:26:29] INFO     Processing request of type            server.py:727
                             CallToolRequest                                    
[04/15/26 23:26:33] INFO     Processing request of type            server.py:727
                             CallToolRequest                                    
[04/15/26 23:26:37] INFO     Processing request of type            server.py:727
                             CallToolRequest                                    
                    INFO     HTTP Request: POST                  _client.py:1740
                             http://erp1.enpack.com.cn:13580/k3C                
                             loud/Kingdee.BOS.WebApi.ServicesStu                
                             b.DynamicFormService.QueryBusinessI                
                             nfo.common.kdsvc "HTTP/1.1 200 OK"                 
[04/15/26 23:26:47] INFO     Processing request of type            server.py:727
                             CallToolRequest                                    
                    INFO     HTTP Request: POST                  _client.py:1740
                             http://erp1.enpack.com.cn:13580/k3C                
                             loud/Kingdee.BOS.WebApi.ServicesStu                
                             b.DynamicFormService.ExecuteBillQue                
                             ry.common.kdsvc "HTTP/1.1 200 OK"                  
[04/15/26 23:26:55] INFO     Processing request of type            server.py:727
                             CallToolRequest                                    
                    INFO     HTTP Request: POST                  _client.py:1740
                             http://erp1.enpack.com.cn:13580/k3C                
                             loud/Kingdee.BOS.WebApi.ServicesStu                
                             b.DynamicFormService.ExecuteBillQue                
                             ry.common.kdsvc "HTTP/1.1 200 OK"                  
[04/15/26 23:27:02] INFO     Processing request of type            server.py:727
                             CallToolRequest                                    
                    INFO     HTTP Request: POST                  _client.py:1740
                             http://erp1.enpack.com.cn:13580/k3C                
                             loud/Kingdee.BOS.WebApi.ServicesStu                
                             b.DynamicFormService.ExecuteBillQue                
                             ry.common.kdsvc "HTTP/1.1 200 OK"                  
[11/46] L2-06 (L2) — 9 fields / 6 tool calls: ['kingdee_search_forms_online', 'kingdee_describe_form', 'kingdee_describe_form', 'kingdee_query_bills', 'kingdee_query_bills', 'kingdee_query_bills']
[04/15/26 23:27:18] INFO     Processing request of type            server.py:727
                             CallToolRequest                                    
[04/15/26 23:27:22] INFO     Processing request of type            server.py:727
                             CallToolRequest                                    
[04/15/26 23:27:26] INFO     Processing request of type            server.py:727
                             CallToolRequest                                    
                    INFO     HTTP Request: POST                  _client.py:1740
                             http://erp1.enpack.com.cn:13580/k3C                
                             loud/Kingdee.BOS.WebApi.ServicesStu                
                             b.DynamicFormService.ExecuteBillQue                
                             ry.common.kdsvc "HTTP/1.1 200 OK"                  
[04/15/26 23:27:30] INFO     Processing request of type            server.py:727
                             CallToolRequest                                    
                    INFO     HTTP Request: POST                  _client.py:1740
                             http://erp1.enpack.com.cn:13580/k3C                
                             loud/Kingdee.BOS.WebApi.ServicesStu                
                             b.DynamicFormService.ExecuteBillQue                
                             ry.common.kdsvc "HTTP/1.1 200 OK"                  
[04/15/26 23:27:34] INFO     Processing request of type            server.py:727
                             CallToolRequest                                    
                    INFO     HTTP Request: POST                  _client.py:1740
                             http://erp1.enpack.com.cn:13580/k3C                
                             loud/Kingdee.BOS.WebApi.ServicesStu                
                             b.DynamicFormService.ExecuteBillQue                
                             ry.common.kdsvc "HTTP/1.1 200 OK"                  
[04/15/26 23:27:38] INFO     Processing request of type            server.py:727
                             CallToolRequest                                    
                    INFO     HTTP Request: POST                  _client.py:1740
                             http://erp1.enpack.com.cn:13580/k3C                
                             loud/Kingdee.BOS.WebApi.ServicesStu                
                             b.DynamicFormService.QueryBusinessI                
                             nfo.common.kdsvc "HTTP/1.1 200 OK"                 
[04/15/26 23:27:50] INFO     Processing request of type            server.py:727
                             CallToolRequest                                    
                    INFO     HTTP Request: POST                  _client.py:1740
                             http://erp1.enpack.com.cn:13580/k3C                
                             loud/Kingdee.BOS.WebApi.ServicesStu                
                             b.DynamicFormService.ExecuteBillQue                
                             ry.common.kdsvc "HTTP/1.1 200 OK"                  
[04/15/26 23:27:54] INFO     Processing request of type            server.py:727
                             CallToolRequest                                    
[12/46] L2-07 (L2) — 7 fields / 8 tool calls: ['kingdee_get_schema', 'kingdee_search_forms_online', 'kingdee_search_forms_online', 'kingdee_search_forms_online', 'kingdee_search_forms_online', 'kingdee_describe_form', 'kingdee_query_bills', 'kingdee_get_wiki']
[04/15/26 23:28:08] INFO     Processing request of type            server.py:727
                             CallToolRequest                                    
                    INFO     HTTP Request: POST                  _client.py:1740
                             http://erp1.enpack.com.cn:13580/k3C                
                             loud/Kingdee.BOS.WebApi.ServicesStu                
                             b.DynamicFormService.ExecuteBillQue                
                             ry.common.kdsvc "HTTP/1.1 200 OK"                  
[04/15/26 23:28:13] INFO     Processing request of type            server.py:727
                             CallToolRequest                                    
                    INFO     HTTP Request: POST                  _client.py:1740
                             http://erp1.enpack.com.cn:13580/k3C                
                             loud/Kingdee.BOS.WebApi.ServicesStu                
                             b.DynamicFormService.ExecuteBillQue                
                             ry.common.kdsvc "HTTP/1.1 200 OK"                  
[04/15/26 23:28:16] INFO     Processing request of type            server.py:727
                             CallToolRequest                                    
[04/15/26 23:28:17] INFO     HTTP Request: POST                  _client.py:1740
                             http://erp1.enpack.com.cn:13580/k3C                
                             loud/Kingdee.BOS.WebApi.ServicesStu                
                             b.DynamicFormService.ExecuteBillQue                
                             ry.common.kdsvc "HTTP/1.1 200 OK"                  
[04/15/26 23:28:20] INFO     Processing request of type            server.py:727
                             CallToolRequest                                    
                    INFO     HTTP Request: POST                  _client.py:1740
                             http://erp1.enpack.com.cn:13580/k3C                
                             loud/Kingdee.BOS.WebApi.ServicesStu                
                             b.DynamicFormService.ExecuteBillQue                
                             ry.common.kdsvc "HTTP/1.1 200 OK"                  
[04/15/26 23:28:24] INFO     Processing request of type            server.py:727
                             CallToolRequest                                    
[04/15/26 23:28:25] INFO     HTTP Request: POST                  _client.py:1740
                             http://erp1.enpack.com.cn:13580/k3C                
                             loud/Kingdee.BOS.WebApi.ServicesStu                
                             b.DynamicFormService.QueryBusinessI                
                             nfo.common.kdsvc "HTTP/1.1 200 OK"                 
[04/15/26 23:28:31] INFO     Processing request of type            server.py:727
                             CallToolRequest                                    
                    INFO     HTTP Request: POST                  _client.py:1740
                             http://erp1.enpack.com.cn:13580/k3C                
                             loud/Kingdee.BOS.WebApi.ServicesStu                
                             b.DynamicFormService.QueryBusinessI                
                             nfo.common.kdsvc "HTTP/1.1 200 OK"                 
[04/15/26 23:28:38] INFO     Processing request of type            server.py:727
                             CallToolRequest                                    
                    INFO     HTTP Request: POST                  _client.py:1740
                             http://erp1.enpack.com.cn:13580/k3C                
                             loud/Kingdee.BOS.WebApi.ServicesStu                
                             b.DynamicFormService.QueryBusinessI                
                             nfo.common.kdsvc "HTTP/1.1 200 OK"                 
[04/15/26 23:28:43] INFO     Processing request of type            server.py:727
                             CallToolRequest                                    
                    INFO     HTTP Request: POST                  _client.py:1740
                             http://erp1.enpack.com.cn:13580/k3C                
                             loud/Kingdee.BOS.WebApi.ServicesStu                
                             b.DynamicFormService.ExecuteBillQue                
                             ry.common.kdsvc "HTTP/1.1 200 OK"                  
[13/46] L2-08 (L2) — 5 fields / 8 tool calls: ['kingdee_query_fixed_assets', 'kingdee_search_forms_online', 'kingdee_search_forms_online', 'kingdee_search_forms_online', 'kingdee_describe_form', 'kingdee_describe_form', 'kingdee_describe_form', 'kingdee_query_bills']
[04/15/26 23:28:58] INFO     Processing request of type            server.py:727
                             CallToolRequest                                    
[04/15/26 23:29:02] INFO     Processing request of type            server.py:727
                             CallToolRequest                                    
[04/15/26 23:29:05] INFO     Processing request of type            server.py:727
                             CallToolRequest                                    
[04/15/26 23:29:13] INFO     Processing request of type            server.py:727
                             CallToolRequest                                    
[04/15/26 23:29:19] INFO     Processing request of type            server.py:727
                             CallToolRequest                                    
                    INFO     HTTP Request: POST                  _client.py:1740
                             http://erp1.enpack.com.cn:13580/k3C                
                             loud/Kingdee.BOS.WebApi.ServicesStu                
                             b.DynamicFormService.ExecuteBillQue                
                             ry.common.kdsvc "HTTP/1.1 200 OK"                  
[04/15/26 23:29:23] INFO     Processing request of type            server.py:727
                             CallToolRequest                                    
                    INFO     HTTP Request: POST                  _client.py:1740
                             http://erp1.enpack.com.cn:13580/k3C                
                             loud/Kingdee.BOS.WebApi.ServicesStu                
                             b.DynamicFormService.ExecuteBillQue                
                             ry.common.kdsvc "HTTP/1.1 200 OK"                  
[04/15/26 23:29:27] INFO     Processing request of type            server.py:727
                             CallToolRequest                                    
                    INFO     HTTP Request: POST                  _client.py:1740
                             http://erp1.enpack.com.cn:13580/k3C                
                             loud/Kingdee.BOS.WebApi.ServicesStu                
                             b.DynamicFormService.ExecuteBillQue                
                             ry.common.kdsvc "HTTP/1.1 200 OK"                  
[04/15/26 23:29:31] INFO     Processing request of type            server.py:727
                             CallToolRequest                                    
                    INFO     HTTP Request: POST                  _client.py:1740
                             http://erp1.enpack.com.cn:13580/k3C                
                             loud/Kingdee.BOS.WebApi.ServicesStu                
                             b.DynamicFormService.ExecuteBillQue                
                             ry.common.kdsvc "HTTP/1.1 200 OK"                  
[14/46] L2-09 (L2) — 8 fields / 8 tool calls: ['kingdee_search_forms_online', 'kingdee_describe_form', 'kingdee_describe_form', 'kingdee_query_bills', 'kingdee_query_bills', 'kingdee_search_forms_online', 'kingdee_search_forms_online', 'kingdee_search_forms_online']
[04/15/26 23:29:42] INFO     Processing request of type            server.py:727
                             CallToolRequest                                    
[04/15/26 23:29:46] INFO     Processing request of type            server.py:727
                             CallToolRequest                                    
[04/15/26 23:29:50] INFO     Processing request of type            server.py:727
                             CallToolRequest                                    
[04/15/26 23:29:55] INFO     Processing request of type            server.py:727
                             CallToolRequest                                    
                    INFO     HTTP Request: POST                  _client.py:1740
                             http://erp1.enpack.com.cn:13580/k3C                
                             loud/Kingdee.BOS.WebApi.ServicesStu                
                             b.DynamicFormService.ExecuteBillQue                
                             ry.common.kdsvc "HTTP/1.1 200 OK"                  
[04/15/26 23:30:00] INFO     Processing request of type            server.py:727
                             CallToolRequest                                    
[04/15/26 23:30:03] INFO     Processing request of type            server.py:727
                             CallToolRequest                                    
[04/15/26 23:30:09] INFO     Processing request of type            server.py:727
                             CallToolRequest                                    
                    INFO     HTTP Request: POST                  _client.py:1740
                             http://erp1.enpack.com.cn:13580/k3C                
                             loud/Kingdee.BOS.WebApi.ServicesStu                
                             b.DynamicFormService.ExecuteBillQue                
                             ry.common.kdsvc "HTTP/1.1 200 OK"                  
[04/15/26 23:30:15] INFO     Processing request of type            server.py:727
                             CallToolRequest                                    
                    INFO     HTTP Request: POST                  _client.py:1740
                             http://erp1.enpack.com.cn:13580/k3C                
                             loud/Kingdee.BOS.WebApi.ServicesStu                
                             b.DynamicFormService.ExecuteBillQue                
                             ry.common.kdsvc "HTTP/1.1 200 OK"                  
[15/46] L2-10 (L2) — 9 fields / 8 tool calls: ['kingdee_search_forms_online', 'kingdee_search_forms_online', 'kingdee_search_forms_online', 'kingdee_query_bills', 'kingdee_describe_form', 'kingdee_describe_form', 'kingdee_query_bills', 'kingdee_query_bills']
[04/15/26 23:30:31] INFO     Processing request of type            server.py:727
                             CallToolRequest                                    
[04/15/26 23:30:35] INFO     Processing request of type            server.py:727
                             CallToolRequest                                    
[04/15/26 23:30:38] INFO     Processing request of type            server.py:727
                             CallToolRequest                                    
[04/15/26 23:30:43] INFO     Processing request of type            server.py:727
                             CallToolRequest                                    
                    INFO     HTTP Request: POST                  _client.py:1740
                             http://erp1.enpack.com.cn:13580/k3C                
                             loud/Kingdee.BOS.WebApi.ServicesStu                
                             b.DynamicFormService.ExecuteBillQue                
                             ry.common.kdsvc "HTTP/1.1 200 OK"                  
[04/15/26 23:30:47] INFO     Processing request of type            server.py:727
                             CallToolRequest                                    
                    INFO     HTTP Request: POST                  _client.py:1740
                             http://erp1.enpack.com.cn:13580/k3C                
                             loud/Kingdee.BOS.WebApi.ServicesStu                
                             b.DynamicFormService.ExecuteBillQue                
                             ry.common.kdsvc "HTTP/1.1 200 OK"                  
[04/15/26 23:30:51] INFO     Processing request of type            server.py:727
                             CallToolRequest                                    
[04/15/26 23:30:55] INFO     Processing request of type            server.py:727
                             CallToolRequest                                    
                    INFO     HTTP Request: POST                  _client.py:1740
                             http://erp1.enpack.com.cn:13580/k3C                
                             loud/Kingdee.BOS.WebApi.ServicesStu                
                             b.DynamicFormService.ExecuteBillQue                
                             ry.common.kdsvc "HTTP/1.1 200 OK"                  
[04/15/26 23:31:00] INFO     Processing request of type            server.py:727
                             CallToolRequest                                    
                    INFO     HTTP Request: POST                  _client.py:1740
                             http://erp1.enpack.com.cn:13580/k3C                
                             loud/Kingdee.BOS.WebApi.ServicesStu                
                             b.DynamicFormService.ExecuteBillQue                
                             ry.common.kdsvc "HTTP/1.1 200 OK"                  
[16/46] L3-01 (L3) — 18 fields / 8 tool calls: ['kingdee_search_forms_online', 'kingdee_search_forms_online', 'kingdee_search_forms_online', 'kingdee_query_bills', 'kingdee_query_bills', 'kingdee_describe_form', 'kingdee_query_bills', 'kingdee_query_bills']
[04/15/26 23:31:16] INFO     Processing request of type            server.py:727
                             CallToolRequest                                    
[04/15/26 23:31:20] INFO     Processing request of type            server.py:727
                             CallToolRequest                                    
[04/15/26 23:31:24] INFO     Processing request of type            server.py:727
                             CallToolRequest                                    
[04/15/26 23:31:29] INFO     Processing request of type            server.py:727
                             CallToolRequest                                    
                    INFO     HTTP Request: POST                  _client.py:1740
                             http://erp1.enpack.com.cn:13580/k3C                
                             loud/Kingdee.BOS.WebApi.ServicesStu                
                             b.DynamicFormService.ExecuteBillQue                
                             ry.common.kdsvc "HTTP/1.1 200 OK"                  
[04/15/26 23:31:33] INFO     Processing request of type            server.py:727
                             CallToolRequest                                    
[04/15/26 23:31:34] INFO     HTTP Request: POST                  _client.py:1740
                             http://erp1.enpack.com.cn:13580/k3C                
                             loud/Kingdee.BOS.WebApi.ServicesStu                
                             b.DynamicFormService.ExecuteBillQue                
                             ry.common.kdsvc "HTTP/1.1 200 OK"                  
[04/15/26 23:31:39] INFO     Processing request of type            server.py:727
                             CallToolRequest                                    
[04/15/26 23:31:43] INFO     Processing request of type            server.py:727
                             CallToolRequest                                    
                    INFO     HTTP Request: POST                  _client.py:1740
                             http://erp1.enpack.com.cn:13580/k3C                
                             loud/Kingdee.BOS.WebApi.ServicesStu                
                             b.DynamicFormService.QueryBusinessI                
                             nfo.common.kdsvc "HTTP/1.1 200 OK"                 
[04/15/26 23:31:49] INFO     Processing request of type            server.py:727
                             CallToolRequest                                    
                    INFO     HTTP Request: POST                  _client.py:1740
                             http://erp1.enpack.com.cn:13580/k3C                
                             loud/Kingdee.BOS.WebApi.ServicesStu                
                             b.DynamicFormService.QueryBusinessI                
                             nfo.common.kdsvc "HTTP/1.1 200 OK"                 
[17/46] L3-02 (L3) — 16 fields / 8 tool calls: ['kingdee_search_forms_online', 'kingdee_search_forms_online', 'kingdee_search_forms_online', 'kingdee_query_bills', 'kingdee_query_bills', 'kingdee_describe_form', 'kingdee_describe_form', 'kingdee_describe_form']
[04/15/26 23:32:20] INFO     Processing request of type            server.py:727
                             CallToolRequest                                    
[04/15/26 23:32:24] INFO     Processing request of type            server.py:727
                             CallToolRequest                                    
[04/15/26 23:32:28] INFO     Processing request of type            server.py:727
                             CallToolRequest                                    
                    INFO     HTTP Request: POST                  _client.py:1740
                             http://erp1.enpack.com.cn:13580/k3C                
                             loud/Kingdee.BOS.WebApi.ServicesStu                
                             b.DynamicFormService.ExecuteBillQue                
                             ry.common.kdsvc "HTTP/1.1 200 OK"                  
[04/15/26 23:32:32] INFO     Processing request of type            server.py:727
                             CallToolRequest                                    
                    INFO     HTTP Request: POST                  _client.py:1740
                             http://erp1.enpack.com.cn:13580/k3C                
                             loud/Kingdee.BOS.WebApi.ServicesStu                
                             b.DynamicFormService.ExecuteBillQue                
                             ry.common.kdsvc "HTTP/1.1 200 OK"                  
[04/15/26 23:32:36] INFO     Processing request of type            server.py:727
                             CallToolRequest                                    
                    INFO     HTTP Request: POST                  _client.py:1740
                             http://erp1.enpack.com.cn:13580/k3C                
                             loud/Kingdee.BOS.WebApi.ServicesStu                
                             b.DynamicFormService.ExecuteBillQue                
                             ry.common.kdsvc "HTTP/1.1 200 OK"                  
[04/15/26 23:32:39] INFO     Processing request of type            server.py:727
                             CallToolRequest                                    
                    INFO     HTTP Request: POST                  _client.py:1740
                             http://erp1.enpack.com.cn:13580/k3C                
                             loud/Kingdee.BOS.WebApi.ServicesStu                
                             b.DynamicFormService.ExecuteBillQue                
                             ry.common.kdsvc "HTTP/1.1 200 OK"                  
[04/15/26 23:32:44] INFO     Processing request of type            server.py:727
                             CallToolRequest                                    
                    INFO     HTTP Request: POST                  _client.py:1740
                             http://erp1.enpack.com.cn:13580/k3C                
                             loud/Kingdee.BOS.WebApi.ServicesStu                
                             b.DynamicFormService.ExecuteBillQue                
                             ry.common.kdsvc "HTTP/1.1 200 OK"                  
[04/15/26 23:32:51] INFO     Processing request of type            server.py:727
                             CallToolRequest                                    
                    INFO     HTTP Request: POST                  _client.py:1740
                             http://erp1.enpack.com.cn:13580/k3C                
                             loud/Kingdee.BOS.WebApi.ServicesStu                
                             b.DynamicFormService.ExecuteBillQue                
                             ry.common.kdsvc "HTTP/1.1 200 OK"                  
[18/46] L3-03 (L3) — 7 fields / 8 tool calls: ['kingdee_search_forms_online', 'kingdee_search_forms_online', 'kingdee_search_forms_online', 'kingdee_search_forms_online', 'kingdee_search_forms_online', 'kingdee_search_forms_online', 'kingdee_search_forms_online', 'kingdee_query_bills']
[04/15/26 23:33:07] INFO     Processing request of type            server.py:727
                             CallToolRequest                                    
[04/15/26 23:33:12] INFO     Processing request of type            server.py:727
                             CallToolRequest                                    
[04/15/26 23:33:16] INFO     Processing request of type            server.py:727
                             CallToolRequest                                    
                    INFO     HTTP Request: POST                  _client.py:1740
                             http://erp1.enpack.com.cn:13580/k3C                
                             loud/Kingdee.BOS.WebApi.ServicesStu                
                             b.DynamicFormService.QueryBusinessI                
                             nfo.common.kdsvc "HTTP/1.1 200 OK"                 
[04/15/26 23:33:22] INFO     Processing request of type            server.py:727
                             CallToolRequest                                    
                    INFO     HTTP Request: POST                  _client.py:1740
                             http://erp1.enpack.com.cn:13580/k3C                
                             loud/Kingdee.BOS.WebApi.ServicesStu                
                             b.DynamicFormService.ExecuteBillQue                
                             ry.common.kdsvc "HTTP/1.1 200 OK"                  
[04/15/26 23:33:29] INFO     Processing request of type            server.py:727
                             CallToolRequest                                    
                    INFO     HTTP Request: POST                  _client.py:1740
                             http://erp1.enpack.com.cn:13580/k3C                
                             loud/Kingdee.BOS.WebApi.ServicesStu                
                             b.DynamicFormService.ExecuteBillQue                
                             ry.common.kdsvc "HTTP/1.1 200 OK"                  
[04/15/26 23:33:33] INFO     Processing request of type            server.py:727
                             CallToolRequest                                    
                    INFO     HTTP Request: POST                  _client.py:1740
                             http://erp1.enpack.com.cn:13580/k3C                
                             loud/Kingdee.BOS.WebApi.ServicesStu                
                             b.DynamicFormService.ExecuteBillQue                
                             ry.common.kdsvc "HTTP/1.1 200 OK"                  
[04/15/26 23:33:37] INFO     Processing request of type            server.py:727
                             CallToolRequest                                    
                    INFO     HTTP Request: POST                  _client.py:1740
                             http://erp1.enpack.com.cn:13580/k3C                
                             loud/Kingdee.BOS.WebApi.ServicesStu                
                             b.DynamicFormService.ExecuteBillQue                
                             ry.common.kdsvc "HTTP/1.1 200 OK"                  
[04/15/26 23:33:45] INFO     Processing request of type            server.py:727
                             CallToolRequest                                    
                    INFO     HTTP Request: POST                  _client.py:1740
                             http://erp1.enpack.com.cn:13580/k3C                
                             loud/Kingdee.BOS.WebApi.ServicesStu                
                             b.DynamicFormService.ExecuteBillQue                
                             ry.common.kdsvc "HTTP/1.1 200 OK"                  
[19/46] L3-04 (L3) — 16 fields / 8 tool calls: ['kingdee_search_forms_online', 'kingdee_describe_form', 'kingdee_describe_form', 'kingdee_query_bills', 'kingdee_query_bills', 'kingdee_search_forms_online', 'kingdee_search_forms_online', 'kingdee_query_bills']
[04/15/26 23:34:09] INFO     Processing request of type            server.py:727
                             CallToolRequest                                    
[04/15/26 23:34:14] INFO     Processing request of type            server.py:727
                             CallToolRequest                                    
[04/15/26 23:34:19] INFO     Processing request of type            server.py:727
                             CallToolRequest                                    
                    INFO     HTTP Request: POST                  _client.py:1740
                             http://erp1.enpack.com.cn:13580/k3C                
                             loud/Kingdee.BOS.WebApi.ServicesStu                
                             b.DynamicFormService.QueryBusinessI                
                             nfo.common.kdsvc "HTTP/1.1 200 OK"                 
[04/15/26 23:34:23] INFO     Processing request of type            server.py:727
                             CallToolRequest                                    
                    INFO     HTTP Request: POST                  _client.py:1740
                             http://erp1.enpack.com.cn:13580/k3C                
                             loud/Kingdee.BOS.WebApi.ServicesStu                
                             b.DynamicFormService.QueryBusinessI                
                             nfo.common.kdsvc "HTTP/1.1 200 OK"                 
[04/15/26 23:34:31] INFO     Processing request of type            server.py:727
                             CallToolRequest                                    
                    INFO     HTTP Request: POST                  _client.py:1740
                             http://erp1.enpack.com.cn:13580/k3C                
                             loud/Kingdee.BOS.WebApi.ServicesStu                
                             b.DynamicFormService.ExecuteBillQue                
                             ry.common.kdsvc "HTTP/1.1 200 OK"                  
[04/15/26 23:34:37] INFO     Processing request of type            server.py:727
                             CallToolRequest                                    
[04/15/26 23:34:38] INFO     HTTP Request: POST                  _client.py:1740
                             http://erp1.enpack.com.cn:13580/k3C                
                             loud/Kingdee.BOS.WebApi.ServicesStu                
                             b.DynamicFormService.ExecuteBillQue                
                             ry.common.kdsvc "HTTP/1.1 200 OK"                  
[04/15/26 23:34:43] INFO     Processing request of type            server.py:727
                             CallToolRequest                                    
                    INFO     HTTP Request: POST                  _client.py:1740
                             http://erp1.enpack.com.cn:13580/k3C                
                             loud/Kingdee.BOS.WebApi.ServicesStu                
                             b.DynamicFormService.ExecuteBillQue                
                             ry.common.kdsvc "HTTP/1.1 200 OK"                  
[04/15/26 23:34:49] INFO     Processing request of type            server.py:727
                             CallToolRequest                                    
                    INFO     HTTP Request: POST                  _client.py:1740
                             http://erp1.enpack.com.cn:13580/k3C                
                             loud/Kingdee.BOS.WebApi.ServicesStu                
                             b.DynamicFormService.ExecuteBillQue                
                             ry.common.kdsvc "HTTP/1.1 200 OK"                  
[20/46] L3-05 (L3) — 6 fields / 8 tool calls: ['kingdee_get_schema', 'kingdee_describe_form', 'kingdee_describe_form', 'kingdee_describe_form', 'kingdee_query_inventory', 'kingdee_query_inventory', 'kingdee_query_materials', 'kingdee_query_materials']
[04/15/26 23:35:04] INFO     Processing request of type            server.py:727
                             CallToolRequest                                    
[04/15/26 23:35:08] INFO     Processing request of type            server.py:727
                             CallToolRequest                                    
[04/15/26 23:35:12] INFO     Processing request of type            server.py:727
                             CallToolRequest                                    
                    INFO     HTTP Request: POST                  _client.py:1740
                             http://erp1.enpack.com.cn:13580/k3C                
                             loud/Kingdee.BOS.WebApi.ServicesStu                
                             b.DynamicFormService.QueryBusinessI                
                             nfo.common.kdsvc "HTTP/1.1 200 OK"                 
[04/15/26 23:35:16] INFO     Processing request of type            server.py:727
                             CallToolRequest                                    
                    INFO     HTTP Request: POST                  _client.py:1740
                             http://erp1.enpack.com.cn:13580/k3C                
                             loud/Kingdee.BOS.WebApi.ServicesStu                
                             b.DynamicFormService.QueryBusinessI                
                             nfo.common.kdsvc "HTTP/1.1 200 OK"                 
[04/15/26 23:35:25] INFO     Processing request of type            server.py:727
                             CallToolRequest                                    
                    INFO     HTTP Request: POST                  _client.py:1740
                             http://erp1.enpack.com.cn:13580/k3C                
                             loud/Kingdee.BOS.WebApi.ServicesStu                
                             b.DynamicFormService.ExecuteBillQue                
                             ry.common.kdsvc "HTTP/1.1 200 OK"                  
[04/15/26 23:35:29] INFO     Processing request of type            server.py:727
                             CallToolRequest                                    
                    INFO     HTTP Request: POST                  _client.py:1740
                             http://erp1.enpack.com.cn:13580/k3C                
                             loud/Kingdee.BOS.WebApi.ServicesStu                
                             b.DynamicFormService.ExecuteBillQue                
                             ry.common.kdsvc "HTTP/1.1 200 OK"                  
[04/15/26 23:35:34] INFO     Processing request of type            server.py:727
                             CallToolRequest                                    
                    INFO     HTTP Request: POST                  _client.py:1740
                             http://erp1.enpack.com.cn:13580/k3C                
                             loud/Kingdee.BOS.WebApi.ServicesStu                
                             b.DynamicFormService.ExecuteBillQue                
                             ry.common.kdsvc "HTTP/1.1 200 OK"                  
[04/15/26 23:35:38] INFO     Processing request of type            server.py:727
                             CallToolRequest                                    
                    INFO     HTTP Request: POST                  _client.py:1740
                             http://erp1.enpack.com.cn:13580/k3C                
                             loud/Kingdee.BOS.WebApi.ServicesStu                
                             b.DynamicFormService.QueryBusinessI                
                             nfo.common.kdsvc "HTTP/1.1 200 OK"                 
[21/46] L3-06 (L3) — 8 fields / 8 tool calls: ['kingdee_get_schema', 'kingdee_describe_form', 'kingdee_describe_form', 'kingdee_describe_form', 'kingdee_query_bills', 'kingdee_query_bills', 'kingdee_query_bills', 'kingdee_describe_form']
[04/15/26 23:36:00] INFO     Processing request of type            server.py:727
                             CallToolRequest                                    
[04/15/26 23:36:03] INFO     Processing request of type            server.py:727
                             CallToolRequest                                    
[04/15/26 23:36:07] INFO     Processing request of type            server.py:727
                             CallToolRequest                                    
                    INFO     HTTP Request: POST                  _client.py:1740
                             http://erp1.enpack.com.cn:13580/k3C                
                             loud/Kingdee.BOS.WebApi.ServicesStu                
                             b.DynamicFormService.ExecuteBillQue                
                             ry.common.kdsvc "HTTP/1.1 200 OK"                  
[04/15/26 23:36:11] INFO     Processing request of type            server.py:727
                             CallToolRequest                                    
                    INFO     HTTP Request: POST                  _client.py:1740
                             http://erp1.enpack.com.cn:13580/k3C                
                             loud/Kingdee.BOS.WebApi.ServicesStu                
                             b.DynamicFormService.ExecuteBillQue                
                             ry.common.kdsvc "HTTP/1.1 200 OK"                  
[04/15/26 23:36:15] INFO     Processing request of type            server.py:727
                             CallToolRequest                                    
                    INFO     HTTP Request: POST                  _client.py:1740
                             http://erp1.enpack.com.cn:13580/k3C                
                             loud/Kingdee.BOS.WebApi.ServicesStu                
                             b.DynamicFormService.ExecuteBillQue                
                             ry.common.kdsvc "HTTP/1.1 200 OK"                  
[04/15/26 23:36:20] INFO     Processing request of type            server.py:727
                             CallToolRequest                                    
                    INFO     HTTP Request: POST                  _client.py:1740
                             http://erp1.enpack.com.cn:13580/k3C                
                             loud/Kingdee.BOS.WebApi.ServicesStu                
                             b.DynamicFormService.QueryBusinessI                
                             nfo.common.kdsvc "HTTP/1.1 200 OK"                 
[04/15/26 23:36:29] INFO     Processing request of type            server.py:727
                             CallToolRequest                                    
                    INFO     HTTP Request: POST                  _client.py:1740
                             http://erp1.enpack.com.cn:13580/k3C                
                             loud/Kingdee.BOS.WebApi.ServicesStu                
                             b.DynamicFormService.ExecuteBillQue                
                             ry.common.kdsvc "HTTP/1.1 200 OK"                  
[04/15/26 23:36:38] INFO     Processing request of type            server.py:727
                             CallToolRequest                                    
                    INFO     HTTP Request: POST                  _client.py:1740
                             http://erp1.enpack.com.cn:13580/k3C                
                             loud/Kingdee.BOS.WebApi.ServicesStu                
                             b.DynamicFormService.ExecuteBillQue                
                             ry.common.kdsvc "HTTP/1.1 200 OK"                  
[22/46] L4-01 (L4) — 6 fields / 8 tool calls: ['kingdee_search_forms_online', 'kingdee_search_forms_online', 'kingdee_search_forms_online', 'kingdee_search_forms_online', 'kingdee_query_bills', 'kingdee_describe_form', 'kingdee_query_bills', 'kingdee_query_bills']
[04/15/26 23:36:53] INFO     Processing request of type            server.py:727
                             CallToolRequest                                    
[04/15/26 23:36:57] INFO     Processing request of type            server.py:727
                             CallToolRequest                                    
[04/15/26 23:37:00] INFO     Processing request of type            server.py:727
                             CallToolRequest                                    
                    INFO     HTTP Request: POST                  _client.py:1740
                             http://erp1.enpack.com.cn:13580/k3C                
                             loud/Kingdee.BOS.WebApi.ServicesStu                
                             b.DynamicFormService.ExecuteBillQue                
                             ry.common.kdsvc "HTTP/1.1 200 OK"                  
[04/15/26 23:37:06] INFO     Processing request of type            server.py:727
                             CallToolRequest                                    
                    INFO     HTTP Request: POST                  _client.py:1740
                             http://erp1.enpack.com.cn:13580/k3C                
                             loud/Kingdee.BOS.WebApi.ServicesStu                
                             b.DynamicFormService.QueryBusinessI                
                             nfo.common.kdsvc "HTTP/1.1 200 OK"                 
[04/15/26 23:37:14] INFO     Processing request of type            server.py:727
                             CallToolRequest                                    
                    INFO     HTTP Request: POST                  _client.py:1740
                             http://erp1.enpack.com.cn:13580/k3C                
                             loud/Kingdee.BOS.WebApi.ServicesStu                
                             b.DynamicFormService.ExecuteBillQue                
                             ry.common.kdsvc "HTTP/1.1 200 OK"                  
[04/15/26 23:37:20] INFO     Processing request of type            server.py:727
                             CallToolRequest                                    
                    INFO     HTTP Request: POST                  _client.py:1740
                             http://erp1.enpack.com.cn:13580/k3C                
                             loud/Kingdee.BOS.WebApi.ServicesStu                
                             b.DynamicFormService.ExecuteBillQue                
                             ry.common.kdsvc "HTTP/1.1 200 OK"                  
[04/15/26 23:37:25] INFO     Processing request of type            server.py:727
                             CallToolRequest                                    
[04/15/26 23:37:28] INFO     Processing request of type            server.py:727
                             CallToolRequest                                    
                    INFO     HTTP Request: POST                  _client.py:1740
                             http://erp1.enpack.com.cn:13580/k3C                
                             loud/Kingdee.BOS.WebApi.ServicesStu                
                             b.DynamicFormService.ExecuteBillQue                
                             ry.common.kdsvc "HTTP/1.1 200 OK"                  
[23/46] L4-02 (L4) — 6 fields / 8 tool calls: ['kingdee_search_forms_online', 'kingdee_query_materials', 'kingdee_query_materials', 'kingdee_describe_form', 'kingdee_query_bills', 'kingdee_query_bills', 'kingdee_query_materials', 'kingdee_query_materials']
[04/15/26 23:37:42] INFO     Processing request of type            server.py:727
                             CallToolRequest                                    
[04/15/26 23:37:45] INFO     Processing request of type            server.py:727
                             CallToolRequest                                    
[04/15/26 23:37:49] INFO     Processing request of type            server.py:727
                             CallToolRequest                                    
[04/15/26 23:37:53] INFO     Processing request of type            server.py:727
                             CallToolRequest                                    
[04/15/26 23:37:57] INFO     Processing request of type            server.py:727
                             CallToolRequest                                    
[04/15/26 23:38:02] INFO     Processing request of type            server.py:727
                             CallToolRequest                                    
[04/15/26 23:38:06] INFO     Processing request of type            server.py:727
                             CallToolRequest                                    
                    INFO     HTTP Request: POST                  _client.py:1740
                             http://erp1.enpack.com.cn:13580/k3C                
                             loud/Kingdee.BOS.WebApi.ServicesStu                
                             b.DynamicFormService.ExecuteBillQue                
                             ry.common.kdsvc "HTTP/1.1 200 OK"                  
[04/15/26 23:38:11] INFO     Processing request of type            server.py:727
                             CallToolRequest                                    
                    INFO     HTTP Request: POST                  _client.py:1740
                             http://erp1.enpack.com.cn:13580/k3C                
                             loud/Kingdee.BOS.WebApi.ServicesStu                
                             b.DynamicFormService.ExecuteBillQue                
                             ry.common.kdsvc "HTTP/1.1 200 OK"                  
[24/46] L4-03 (L4) — 9 fields / 8 tool calls: ['kingdee_search_forms_online', 'kingdee_search_forms_online', 'kingdee_search_forms_online', 'kingdee_describe_form', 'kingdee_describe_form', 'kingdee_query_bills', 'kingdee_query_bills', 'kingdee_query_bills']
[04/15/26 23:38:23] INFO     Processing request of type            server.py:727
                             CallToolRequest                                    
[04/15/26 23:38:26] INFO     Processing request of type            server.py:727
                             CallToolRequest                                    
[04/15/26 23:38:29] INFO     Processing request of type            server.py:727
                             CallToolRequest                                    
[04/15/26 23:38:35] INFO     Processing request of type            server.py:727
                             CallToolRequest                                    
                    INFO     HTTP Request: POST                  _client.py:1740
                             http://erp1.enpack.com.cn:13580/k3C                
                             loud/Kingdee.BOS.WebApi.ServicesStu                
                             b.DynamicFormService.ExecuteBillQue                
                             ry.common.kdsvc "HTTP/1.1 200 OK"                  
[04/15/26 23:38:39] INFO     Processing request of type            server.py:727
                             CallToolRequest                                    
[04/15/26 23:38:43] INFO     Processing request of type            server.py:727
                             CallToolRequest                                    
                    INFO     HTTP Request: POST                  _client.py:1740
                             http://erp1.enpack.com.cn:13580/k3C                
                             loud/Kingdee.BOS.WebApi.ServicesStu                
                             b.DynamicFormService.ExecuteBillQue                
                             ry.common.kdsvc "HTTP/1.1 200 OK"                  
[04/15/26 23:38:50] INFO     Processing request of type            server.py:727
                             CallToolRequest                                    
                    INFO     HTTP Request: POST                  _client.py:1740
                             http://erp1.enpack.com.cn:13580/k3C                
                             loud/Kingdee.BOS.WebApi.ServicesStu                
                             b.DynamicFormService.ExecuteBillQue                
                             ry.common.kdsvc "HTTP/1.1 200 OK"                  
[04/15/26 23:38:55] INFO     Processing request of type            server.py:727
                             CallToolRequest                                    
                    INFO     HTTP Request: POST                  _client.py:1740
                             http://erp1.enpack.com.cn:13580/k3C                
                             loud/Kingdee.BOS.WebApi.ServicesStu                
                             b.DynamicFormService.ExecuteBillQue                
                             ry.common.kdsvc "HTTP/1.1 200 OK"                  
[25/46] L4-04 (L4) — 9 fields / 8 tool calls: ['kingdee_search_forms_online', 'kingdee_search_forms_online', 'kingdee_search_forms_online', 'kingdee_query_bills', 'kingdee_describe_form', 'kingdee_query_bills', 'kingdee_query_bills', 'kingdee_query_bills']
[04/15/26 23:39:07] INFO     Processing request of type            server.py:727
                             CallToolRequest                                    
[04/15/26 23:39:10] INFO     Processing request of type            server.py:727
                             CallToolRequest                                    
[04/15/26 23:39:14] INFO     Processing request of type            server.py:727
                             CallToolRequest                                    
[04/15/26 23:39:19] INFO     Processing request of type            server.py:727
                             CallToolRequest                                    
[04/15/26 23:39:24] INFO     Processing request of type            server.py:727
                             CallToolRequest                                    
                    INFO     HTTP Request: POST                  _client.py:1740
                             http://erp1.enpack.com.cn:13580/k3C                
                             loud/Kingdee.BOS.WebApi.ServicesStu                
                             b.DynamicFormService.ExecuteBillQue                
                             ry.common.kdsvc "HTTP/1.1 200 OK"                  
[04/15/26 23:39:27] INFO     Processing request of type            server.py:727
                             CallToolRequest                                    
[04/15/26 23:39:28] INFO     HTTP Request: POST                  _client.py:1740
                             http://erp1.enpack.com.cn:13580/k3C                
                             loud/Kingdee.BOS.WebApi.ServicesStu                
                             b.DynamicFormService.ExecuteBillQue                
                             ry.common.kdsvc "HTTP/1.1 200 OK"                  
[04/15/26 23:39:32] INFO     Processing request of type            server.py:727
                             CallToolRequest                                    
                    INFO     HTTP Request: POST                  _client.py:1740
                             http://erp1.enpack.com.cn:13580/k3C                
                             loud/Kingdee.BOS.WebApi.ServicesStu                
                             b.DynamicFormService.ExecuteBillQue                
                             ry.common.kdsvc "HTTP/1.1 200 OK"                  
[04/15/26 23:39:36] INFO     Processing request of type            server.py:727
                             CallToolRequest                                    
                    INFO     HTTP Request: POST                  _client.py:1740
                             http://erp1.enpack.com.cn:13580/k3C                
                             loud/Kingdee.BOS.WebApi.ServicesStu                
                             b.DynamicFormService.ExecuteBillQue                
                             ry.common.kdsvc "HTTP/1.1 200 OK"                  
[26/46] L4-05 (L4) — 5 fields / 8 tool calls: ['kingdee_get_schema', 'kingdee_get_schema', 'kingdee_describe_form', 'kingdee_query_bills', 'kingdee_query_bills', 'kingdee_search_forms_online', 'kingdee_search_forms_online', 'kingdee_query_bills']
[04/15/26 23:39:47] INFO     Processing request of type            server.py:727
                             CallToolRequest                                    
[04/15/26 23:39:50] INFO     Processing request of type            server.py:727
                             CallToolRequest                                    
[04/15/26 23:39:53] INFO     Processing request of type            server.py:727
                             CallToolRequest                                    
                    INFO     HTTP Request: POST                  _client.py:1740
                             http://erp1.enpack.com.cn:13580/k3C                
                             loud/Kingdee.BOS.WebApi.ServicesStu                
                             b.DynamicFormService.ExecuteBillQue                
                             ry.common.kdsvc "HTTP/1.1 200 OK"                  
[04/15/26 23:39:56] INFO     Processing request of type            server.py:727
                             CallToolRequest                                    
[04/15/26 23:39:57] INFO     HTTP Request: POST                  _client.py:1740
                             http://erp1.enpack.com.cn:13580/k3C                
                             loud/Kingdee.BOS.WebApi.ServicesStu                
                             b.DynamicFormService.ExecuteBillQue                
                             ry.common.kdsvc "HTTP/1.1 200 OK"                  
[04/15/26 23:40:00] INFO     Processing request of type            server.py:727
                             CallToolRequest                                    
                    INFO     HTTP Request: POST                  _client.py:1740
                             http://erp1.enpack.com.cn:13580/k3C                
                             loud/Kingdee.BOS.WebApi.ServicesStu                
                             b.DynamicFormService.ExecuteBillQue                
                             ry.common.kdsvc "HTTP/1.1 200 OK"                  
[04/15/26 23:40:04] INFO     Processing request of type            server.py:727
                             CallToolRequest                                    
                    INFO     HTTP Request: POST                  _client.py:1740
                             http://erp1.enpack.com.cn:13580/k3C                
                             loud/Kingdee.BOS.WebApi.ServicesStu                
                             b.DynamicFormService.QueryBusinessI                
                             nfo.common.kdsvc "HTTP/1.1 200 OK"                 
[04/15/26 23:40:11] INFO     Processing request of type            server.py:727
                             CallToolRequest                                    
                    INFO     HTTP Request: POST                  _client.py:1740
                             http://erp1.enpack.com.cn:13580/k3C                
                             loud/Kingdee.BOS.WebApi.ServicesStu                
                             b.DynamicFormService.ExecuteBillQue                
                             ry.common.kdsvc "HTTP/1.1 200 OK"                  
[04/15/26 23:40:15] INFO     Processing request of type            server.py:727
                             CallToolRequest                                    
                    INFO     HTTP Request: POST                  _client.py:1740
                             http://erp1.enpack.com.cn:13580/k3C                
                             loud/Kingdee.BOS.WebApi.ServicesStu                
                             b.DynamicFormService.ExecuteBillQue                
                             ry.common.kdsvc "HTTP/1.1 200 OK"                  
[27/46] L5-01 (L5) — 5 fields / 8 tool calls: ['kingdee_search_forms_online', 'kingdee_search_forms_online', 'kingdee_search_forms_online', 'kingdee_search_forms_online', 'kingdee_search_forms_online', 'kingdee_describe_form', 'kingdee_query_bills', 'kingdee_query_bills']
[04/15/26 23:40:28] INFO     Processing request of type            server.py:727
                             CallToolRequest                                    
[04/15/26 23:40:31] INFO     Processing request of type            server.py:727
                             CallToolRequest                                    
[04/15/26 23:40:34] INFO     Processing request of type            server.py:727
                             CallToolRequest                                    
                    INFO     HTTP Request: POST                  _client.py:1740
                             http://erp1.enpack.com.cn:13580/k3C                
                             loud/Kingdee.BOS.WebApi.ServicesStu                
                             b.DynamicFormService.QueryBusinessI                
                             nfo.common.kdsvc "HTTP/1.1 200 OK"                 
[04/15/26 23:40:40] INFO     Processing request of type            server.py:727
                             CallToolRequest                                    
                    INFO     HTTP Request: POST                  _client.py:1740
                             http://erp1.enpack.com.cn:13580/k3C                
                             loud/Kingdee.BOS.WebApi.ServicesStu                
                             b.DynamicFormService.ExecuteBillQue                
                             ry.common.kdsvc "HTTP/1.1 200 OK"                  
[04/15/26 23:40:54] INFO     Processing request of type            server.py:727
                             CallToolRequest                                    
[04/15/26 23:40:55] INFO     HTTP Request: POST                  _client.py:1740
                             http://erp1.enpack.com.cn:13580/k3C                
                             loud/Kingdee.BOS.WebApi.ServicesStu                
                             b.DynamicFormService.ExecuteBillQue                
                             ry.common.kdsvc "HTTP/1.1 200 OK"                  
[04/15/26 23:41:03] INFO     Processing request of type            server.py:727
                             CallToolRequest                                    
                    INFO     HTTP Request: POST                  _client.py:1740
                             http://erp1.enpack.com.cn:13580/k3C                
                             loud/Kingdee.BOS.WebApi.ServicesStu                
                             b.DynamicFormService.ExecuteBillQue                
                             ry.common.kdsvc "HTTP/1.1 200 OK"                  
[04/15/26 23:41:07] INFO     Processing request of type            server.py:727
                             CallToolRequest                                    
                    INFO     HTTP Request: POST                  _client.py:1740
                             http://erp1.enpack.com.cn:13580/k3C                
                             loud/Kingdee.BOS.WebApi.ServicesStu                
                             b.DynamicFormService.ExecuteBillQue                
                             ry.common.kdsvc "HTTP/1.1 200 OK"                  
[04/15/26 23:41:24] INFO     Processing request of type            server.py:727
                             CallToolRequest                                    
                    INFO     HTTP Request: POST                  _client.py:1740
                             http://erp1.enpack.com.cn:13580/k3C                
                             loud/Kingdee.BOS.WebApi.ServicesStu                
                             b.DynamicFormService.ExecuteBillQue                
                             ry.common.kdsvc "HTTP/1.1 200 OK"                  
[28/46] L5-02 (L5) — 22 fields / 8 tool calls: ['kingdee_search_forms_online', 'kingdee_describe_form', 'kingdee_describe_form', 'kingdee_query_materials', 'kingdee_query_bills', 'kingdee_query_bills', 'kingdee_query_materials', 'kingdee_query_bills']
[04/15/26 23:41:43] INFO     Processing request of type            server.py:727
                             CallToolRequest                                    
[04/15/26 23:41:46] INFO     Processing request of type            server.py:727
                             CallToolRequest                                    
[04/15/26 23:41:50] INFO     Processing request of type            server.py:727
                             CallToolRequest                                    
[04/15/26 23:41:54] INFO     Processing request of type            server.py:727
                             CallToolRequest                                    
[04/15/26 23:41:58] INFO     Processing request of type            server.py:727
                             CallToolRequest                                    
                    INFO     HTTP Request: POST                  _client.py:1740
                             http://erp1.enpack.com.cn:13580/k3C                
                             loud/Kingdee.BOS.WebApi.ServicesStu                
                             b.DynamicFormService.QueryBusinessI                
                             nfo.common.kdsvc "HTTP/1.1 200 OK"                 
[04/15/26 23:42:02] INFO     Processing request of type            server.py:727
                             CallToolRequest                                    
                    INFO     HTTP Request: POST                  _client.py:1740
                             http://erp1.enpack.com.cn:13580/k3C                
                             loud/Kingdee.BOS.WebApi.ServicesStu                
                             b.DynamicFormService.QueryBusinessI                
                             nfo.common.kdsvc "HTTP/1.1 200 OK"                 
[04/15/26 23:42:07] INFO     Processing request of type            server.py:727
                             CallToolRequest                                    
                    INFO     HTTP Request: POST                  _client.py:1740
                             http://erp1.enpack.com.cn:13580/k3C                
                             loud/Kingdee.BOS.WebApi.ServicesStu                
                             b.DynamicFormService.QueryBusinessI                
                             nfo.common.kdsvc "HTTP/1.1 200 OK"                 
[04/15/26 23:42:14] INFO     Processing request of type            server.py:727
                             CallToolRequest                                    
                    INFO     HTTP Request: POST                  _client.py:1740
                             http://erp1.enpack.com.cn:13580/k3C                
                             loud/Kingdee.BOS.WebApi.ServicesStu                
                             b.DynamicFormService.ExecuteBillQue                
                             ry.common.kdsvc "HTTP/1.1 200 OK"                  
[29/46] L5-03 (L5) — 6 fields / 8 tool calls: ['kingdee_search_forms_online', 'kingdee_search_forms_online', 'kingdee_describe_form', 'kingdee_describe_form', 'kingdee_describe_form', 'kingdee_describe_form', 'kingdee_describe_form', 'kingdee_query_bills']
[04/15/26 23:42:29] INFO     Processing request of type            server.py:727
                             CallToolRequest                                    
[04/15/26 23:42:32] INFO     Processing request of type            server.py:727
                             CallToolRequest                                    
[04/15/26 23:42:36] INFO     Processing request of type            server.py:727
                             CallToolRequest                                    
                    INFO     HTTP Request: POST                  _client.py:1740
                             http://erp1.enpack.com.cn:13580/k3C                
                             loud/Kingdee.BOS.WebApi.ServicesStu                
                             b.DynamicFormService.QueryBusinessI                
                             nfo.common.kdsvc "HTTP/1.1 200 OK"                 
[04/15/26 23:42:42] INFO     Processing request of type            server.py:727
                             CallToolRequest                                    
                    INFO     HTTP Request: POST                  _client.py:1740
                             http://erp1.enpack.com.cn:13580/k3C                
                             loud/Kingdee.BOS.WebApi.ServicesStu                
                             b.DynamicFormService.ExecuteBillQue                
                             ry.common.kdsvc "HTTP/1.1 200 OK"                  
[04/15/26 23:42:47] INFO     Processing request of type            server.py:727
                             CallToolRequest                                    
                    INFO     HTTP Request: POST                  _client.py:1740
                             http://erp1.enpack.com.cn:13580/k3C                
                             loud/Kingdee.BOS.WebApi.ServicesStu                
                             b.DynamicFormService.ExecuteBillQue                
                             ry.common.kdsvc "HTTP/1.1 200 OK"                  
[04/15/26 23:42:52] INFO     Processing request of type            server.py:727
                             CallToolRequest                                    
                    INFO     HTTP Request: POST                  _client.py:1740
                             http://erp1.enpack.com.cn:13580/k3C                
                             loud/Kingdee.BOS.WebApi.ServicesStu                
                             b.DynamicFormService.ExecuteBillQue                
                             ry.common.kdsvc "HTTP/1.1 200 OK"                  
[04/15/26 23:42:56] INFO     Processing request of type            server.py:727
                             CallToolRequest                                    
                    INFO     HTTP Request: POST                  _client.py:1740
                             http://erp1.enpack.com.cn:13580/k3C                
                             loud/Kingdee.BOS.WebApi.ServicesStu                
                             b.DynamicFormService.ExecuteBillQue                
                             ry.common.kdsvc "HTTP/1.1 200 OK"                  
[04/15/26 23:43:00] INFO     Processing request of type            server.py:727
                             CallToolRequest                                    
                    INFO     HTTP Request: POST                  _client.py:1740
                             http://erp1.enpack.com.cn:13580/k3C                
                             loud/Kingdee.BOS.WebApi.ServicesStu                
                             b.DynamicFormService.ExecuteBillQue                
                             ry.common.kdsvc "HTTP/1.1 200 OK"                  
[30/46] L6-01 (L6) — 8 fields / 8 tool calls: ['kingdee_get_schema', 'kingdee_describe_form', 'kingdee_describe_form', 'kingdee_query_bills', 'kingdee_query_bills', 'kingdee_query_bills', 'kingdee_search_forms_online', 'kingdee_search_forms_online']
[04/15/26 23:43:14] INFO     Processing request of type            server.py:727
                             CallToolRequest                                    
[04/15/26 23:43:16] INFO     Processing request of type            server.py:727
                             CallToolRequest                                    
[04/15/26 23:43:20] INFO     Processing request of type            server.py:727
                             CallToolRequest                                    
[04/15/26 23:43:25] INFO     Processing request of type            server.py:727
                             CallToolRequest                                    
                    INFO     HTTP Request: POST                  _client.py:1740
                             http://erp1.enpack.com.cn:13580/k3C                
                             loud/Kingdee.BOS.WebApi.ServicesStu                
                             b.DynamicFormService.ExecuteBillQue                
                             ry.common.kdsvc "HTTP/1.1 200 OK"                  
[04/15/26 23:43:29] INFO     Processing request of type            server.py:727
                             CallToolRequest                                    
                    INFO     HTTP Request: POST                  _client.py:1740
                             http://erp1.enpack.com.cn:13580/k3C                
                             loud/Kingdee.BOS.WebApi.ServicesStu                
                             b.DynamicFormService.ExecuteBillQue                
                             ry.common.kdsvc "HTTP/1.1 200 OK"                  
[04/15/26 23:43:33] INFO     Processing request of type            server.py:727
                             CallToolRequest                                    
                    INFO     HTTP Request: POST                  _client.py:1740
                             http://erp1.enpack.com.cn:13580/k3C                
                             loud/Kingdee.BOS.WebApi.ServicesStu                
                             b.DynamicFormService.ExecuteBillQue                
                             ry.common.kdsvc "HTTP/1.1 200 OK"                  
[04/15/26 23:43:36] INFO     Processing request of type            server.py:727
                             CallToolRequest                                    
                    INFO     HTTP Request: POST                  _client.py:1740
                             http://erp1.enpack.com.cn:13580/k3C                
                             loud/Kingdee.BOS.WebApi.ServicesStu                
                             b.DynamicFormService.ExecuteBillQue                
                             ry.common.kdsvc "HTTP/1.1 200 OK"                  
[04/15/26 23:43:39] INFO     Processing request of type            server.py:727
                             CallToolRequest                                    
                    INFO     HTTP Request: POST                  _client.py:1740
                             http://erp1.enpack.com.cn:13580/k3C                
                             loud/Kingdee.BOS.WebApi.ServicesStu                
                             b.DynamicFormService.ExecuteBillQue                
                             ry.common.kdsvc "HTTP/1.1 200 OK"                  
[31/46] L6-02 (L6) — 6 fields / 8 tool calls: ['kingdee_search_forms_online', 'kingdee_search_forms_online', 'kingdee_describe_form', 'kingdee_query_bills', 'kingdee_search_forms_online', 'kingdee_query_bills', 'kingdee_search_forms_online', 'kingdee_search_forms_online']
[04/15/26 23:43:50] INFO     Processing request of type            server.py:727
                             CallToolRequest                                    
[04/15/26 23:43:53] INFO     Processing request of type            server.py:727
                             CallToolRequest                                    
[04/15/26 23:43:57] INFO     Processing request of type            server.py:727
                             CallToolRequest                                    
                    INFO     HTTP Request: POST                  _client.py:1740
                             http://erp1.enpack.com.cn:13580/k3C                
                             loud/Kingdee.BOS.WebApi.ServicesStu                
                             b.DynamicFormService.ExecuteBillQue                
                             ry.common.kdsvc "HTTP/1.1 200 OK"                  
[04/15/26 23:44:00] INFO     Processing request of type            server.py:727
                             CallToolRequest                                    
                    INFO     HTTP Request: POST                  _client.py:1740
                             http://erp1.enpack.com.cn:13580/k3C                
                             loud/Kingdee.BOS.WebApi.ServicesStu                
                             b.DynamicFormService.ExecuteBillQue                
                             ry.common.kdsvc "HTTP/1.1 200 OK"                  
[04/15/26 23:44:04] INFO     Processing request of type            server.py:727
                             CallToolRequest                                    
                    INFO     HTTP Request: POST                  _client.py:1740
                             http://erp1.enpack.com.cn:13580/k3C                
                             loud/Kingdee.BOS.WebApi.ServicesStu                
                             b.DynamicFormService.ExecuteBillQue                
                             ry.common.kdsvc "HTTP/1.1 200 OK"                  
[04/15/26 23:44:07] INFO     Processing request of type            server.py:727
                             CallToolRequest                                    
                    INFO     HTTP Request: POST                  _client.py:1740
                             http://erp1.enpack.com.cn:13580/k3C                
                             loud/Kingdee.BOS.WebApi.ServicesStu                
                             b.DynamicFormService.ExecuteBillQue                
                             ry.common.kdsvc "HTTP/1.1 200 OK"                  
[04/15/26 23:44:12] INFO     Processing request of type            server.py:727
                             CallToolRequest                                    
                    INFO     HTTP Request: POST                  _client.py:1740
                             http://erp1.enpack.com.cn:13580/k3C                
                             loud/Kingdee.BOS.WebApi.ServicesStu                
                             b.DynamicFormService.ExecuteBillQue                
                             ry.common.kdsvc "HTTP/1.1 200 OK"                  
[04/15/26 23:44:16] INFO     Processing request of type            server.py:727
                             CallToolRequest                                    
                    INFO     HTTP Request: POST                  _client.py:1740
                             http://erp1.enpack.com.cn:13580/k3C                
                             loud/Kingdee.BOS.WebApi.ServicesStu                
                             b.DynamicFormService.ExecuteBillQue                
                             ry.common.kdsvc "HTTP/1.1 200 OK"                  
[32/46] L6-03 (L6) — 5 fields / 8 tool calls: ['kingdee_search_forms_online', 'kingdee_search_forms_online', 'kingdee_search_forms_online', 'kingdee_search_forms_online', 'kingdee_search_forms_online', 'kingdee_query_inventory', 'kingdee_query_materials', 'kingdee_query_materials']
[04/15/26 23:44:34] INFO     Processing request of type            server.py:727
                             CallToolRequest                                    
[04/15/26 23:44:37] INFO     Processing request of type            server.py:727
                             CallToolRequest                                    
[04/15/26 23:44:40] INFO     Processing request of type            server.py:727
                             CallToolRequest                                    
[04/15/26 23:44:44] INFO     Processing request of type            server.py:727
                             CallToolRequest                                    
                    INFO     HTTP Request: POST                  _client.py:1740
                             http://erp1.enpack.com.cn:13580/k3C                
                             loud/Kingdee.BOS.WebApi.ServicesStu                
                             b.DynamicFormService.ExecuteBillQue                
                             ry.common.kdsvc "HTTP/1.1 200 OK"                  
[04/15/26 23:44:49] INFO     Processing request of type            server.py:727
                             CallToolRequest                                    
                    INFO     HTTP Request: POST                  _client.py:1740
                             http://erp1.enpack.com.cn:13580/k3C                
                             loud/Kingdee.BOS.WebApi.ServicesStu                
                             b.DynamicFormService.ExecuteBillQue                
                             ry.common.kdsvc "HTTP/1.1 200 OK"                  
[04/15/26 23:44:53] INFO     Processing request of type            server.py:727
                             CallToolRequest                                    
                    INFO     HTTP Request: POST                  _client.py:1740
                             http://erp1.enpack.com.cn:13580/k3C                
                             loud/Kingdee.BOS.WebApi.ServicesStu                
                             b.DynamicFormService.ExecuteBillQue                
                             ry.common.kdsvc "HTTP/1.1 200 OK"                  
[04/15/26 23:44:57] INFO     Processing request of type            server.py:727
                             CallToolRequest                                    
                    INFO     HTTP Request: POST                  _client.py:1740
                             http://erp1.enpack.com.cn:13580/k3C                
                             loud/Kingdee.BOS.WebApi.ServicesStu                
                             b.DynamicFormService.ExecuteBillQue                
                             ry.common.kdsvc "HTTP/1.1 200 OK"                  
[04/15/26 23:45:01] INFO     Processing request of type            server.py:727
                             CallToolRequest                                    
                    INFO     HTTP Request: POST                  _client.py:1740
                             http://erp1.enpack.com.cn:13580/k3C                
                             loud/Kingdee.BOS.WebApi.ServicesStu                
                             b.DynamicFormService.ExecuteBillQue                
                             ry.common.kdsvc "HTTP/1.1 200 OK"                  
[33/46] L6-04 (L6) — 11 fields / 8 tool calls: ['kingdee_search_forms_online', 'kingdee_search_forms_online', 'kingdee_describe_form', 'kingdee_query_bills', 'kingdee_query_bills', 'kingdee_query_bills', 'kingdee_query_bills', 'kingdee_search_forms_online']
[04/15/26 23:45:15] INFO     Processing request of type            server.py:727
                             CallToolRequest                                    
[04/15/26 23:45:19] INFO     Processing request of type            server.py:727
                             CallToolRequest                                    
[04/15/26 23:45:22] INFO     Processing request of type            server.py:727
                             CallToolRequest                                    
[04/15/26 23:45:27] INFO     Processing request of type            server.py:727
                             CallToolRequest                                    
                    INFO     HTTP Request: POST                  _client.py:1740
                             http://erp1.enpack.com.cn:13580/k3C                
                             loud/Kingdee.BOS.WebApi.ServicesStu                
                             b.DynamicFormService.ExecuteBillQue                
                             ry.common.kdsvc "HTTP/1.1 200 OK"                  
[04/15/26 23:45:31] INFO     Processing request of type            server.py:727
                             CallToolRequest                                    
[04/15/26 23:45:36] INFO     Processing request of type            server.py:727
                             CallToolRequest                                    
                    INFO     HTTP Request: POST                  _client.py:1740
                             http://erp1.enpack.com.cn:13580/k3C                
                             loud/Kingdee.BOS.WebApi.ServicesStu                
                             b.DynamicFormService.ExecuteBillQue                
                             ry.common.kdsvc "HTTP/1.1 200 OK"                  
[04/15/26 23:45:40] INFO     Processing request of type            server.py:727
                             CallToolRequest                                    
[04/15/26 23:45:41] INFO     HTTP Request: POST                  _client.py:1740
                             http://erp1.enpack.com.cn:13580/k3C                
                             loud/Kingdee.BOS.WebApi.ServicesStu                
                             b.DynamicFormService.ExecuteBillQue                
                             ry.common.kdsvc "HTTP/1.1 200 OK"                  
[04/15/26 23:45:45] INFO     Processing request of type            server.py:727
                             CallToolRequest                                    
                    INFO     HTTP Request: POST                  _client.py:1740
                             http://erp1.enpack.com.cn:13580/k3C                
                             loud/Kingdee.BOS.WebApi.ServicesStu                
                             b.DynamicFormService.ExecuteBillQue                
                             ry.common.kdsvc "HTTP/1.1 200 OK"                  
[34/46] L6-05 (L6) — 10 fields / 8 tool calls: ['kingdee_search_forms_online', 'kingdee_search_forms_online', 'kingdee_search_forms_online', 'kingdee_query_bills', 'kingdee_describe_form', 'kingdee_query_bills', 'kingdee_query_bills', 'kingdee_query_bills']
[04/15/26 23:45:56] INFO     Processing request of type            server.py:727
                             CallToolRequest                                    
[04/15/26 23:45:59] INFO     Processing request of type            server.py:727
                             CallToolRequest                                    
[04/15/26 23:46:02] INFO     Processing request of type            server.py:727
                             CallToolRequest                                    
[04/15/26 23:46:05] INFO     Processing request of type            server.py:727
                             CallToolRequest                                    
[04/15/26 23:46:09] INFO     Processing request of type            server.py:727
                             CallToolRequest                                    
[04/15/26 23:46:10] INFO     HTTP Request: POST                  _client.py:1740
                             http://erp1.enpack.com.cn:13580/k3C                
                             loud/Kingdee.BOS.WebApi.ServicesStu                
                             b.DynamicFormService.ExecuteBillQue                
                             ry.common.kdsvc "HTTP/1.1 200 OK"                  
[04/15/26 23:46:15] INFO     Processing request of type            server.py:727
                             CallToolRequest                                    
                    INFO     HTTP Request: POST                  _client.py:1740
                             http://erp1.enpack.com.cn:13580/k3C                
                             loud/Kingdee.BOS.WebApi.ServicesStu                
                             b.DynamicFormService.ExecuteBillQue                
                             ry.common.kdsvc "HTTP/1.1 200 OK"                  
[04/15/26 23:46:19] INFO     Processing request of type            server.py:727
                             CallToolRequest                                    
                    INFO     HTTP Request: POST                  _client.py:1740
                             http://erp1.enpack.com.cn:13580/k3C                
                             loud/Kingdee.BOS.WebApi.ServicesStu                
                             b.DynamicFormService.QueryBusinessI                
                             nfo.common.kdsvc "HTTP/1.1 200 OK"                 
[04/15/26 23:46:23] INFO     Processing request of type            server.py:727
                             CallToolRequest                                    
[04/15/26 23:46:24] INFO     HTTP Request: POST                  _client.py:1740
                             http://erp1.enpack.com.cn:13580/k3C                
                             loud/Kingdee.BOS.WebApi.ServicesStu                
                             b.DynamicFormService.QueryBusinessI                
                             nfo.common.kdsvc "HTTP/1.1 200 OK"                 
[35/46] L6-06 (L6) — 8 fields / 8 tool calls: ['kingdee_get_schema', 'kingdee_search_forms_online', 'kingdee_search_forms_online', 'kingdee_query_materials', 'kingdee_query_materials', 'kingdee_query_inventory', 'kingdee_describe_form', 'kingdee_describe_form']
[04/15/26 23:46:42] INFO     Processing request of type            server.py:727
                             CallToolRequest                                    
[04/15/26 23:46:46] INFO     Processing request of type            server.py:727
                             CallToolRequest                                    
[04/15/26 23:46:49] INFO     Processing request of type            server.py:727
                             CallToolRequest                                    
[04/15/26 23:46:54] INFO     Processing request of type            server.py:727
                             CallToolRequest                                    
                    INFO     HTTP Request: POST                  _client.py:1740
                             http://erp1.enpack.com.cn:13580/k3C                
                             loud/Kingdee.BOS.WebApi.ServicesStu                
                             b.DynamicFormService.ExecuteBillQue                
                             ry.common.kdsvc "HTTP/1.1 200 OK"                  
[04/15/26 23:46:59] INFO     Processing request of type            server.py:727
                             CallToolRequest                                    
                    INFO     HTTP Request: POST                  _client.py:1740
                             http://erp1.enpack.com.cn:13580/k3C                
                             loud/Kingdee.BOS.WebApi.ServicesStu                
                             b.DynamicFormService.ExecuteBillQue                
                             ry.common.kdsvc "HTTP/1.1 200 OK"                  
[04/15/26 23:47:03] INFO     Processing request of type            server.py:727
                             CallToolRequest                                    
                    INFO     HTTP Request: POST                  _client.py:1740
                             http://erp1.enpack.com.cn:13580/k3C                
                             loud/Kingdee.BOS.WebApi.ServicesStu                
                             b.DynamicFormService.ExecuteBillQue                
                             ry.common.kdsvc "HTTP/1.1 200 OK"                  
[04/15/26 23:47:07] INFO     Processing request of type            server.py:727
                             CallToolRequest                                    
[04/15/26 23:47:10] INFO     Processing request of type            server.py:727
                             CallToolRequest                                    
[36/46] L6-07 (L6) — 8 fields / 8 tool calls: ['kingdee_search_forms_online', 'kingdee_search_forms_online', 'kingdee_search_forms_online', 'kingdee_query_bills', 'kingdee_query_bills', 'kingdee_query_bills', 'kingdee_describe_form', 'kingdee_describe_form']
[04/15/26 23:47:25] INFO     Processing request of type            server.py:727
                             CallToolRequest                                    
[04/15/26 23:47:28] INFO     Processing request of type            server.py:727
                             CallToolRequest                                    
[04/15/26 23:47:31] INFO     Processing request of type            server.py:727
                             CallToolRequest                                    
                    INFO     HTTP Request: POST                  _client.py:1740
                             http://erp1.enpack.com.cn:13580/k3C                
                             loud/Kingdee.BOS.WebApi.ServicesStu                
                             b.DynamicFormService.ExecuteBillQue                
                             ry.common.kdsvc "HTTP/1.1 200 OK"                  
[04/15/26 23:47:35] INFO     Processing request of type            server.py:727
                             CallToolRequest                                    
                    INFO     HTTP Request: POST                  _client.py:1740
                             http://erp1.enpack.com.cn:13580/k3C                
                             loud/Kingdee.BOS.WebApi.ServicesStu                
                             b.DynamicFormService.ExecuteBillQue                
                             ry.common.kdsvc "HTTP/1.1 200 OK"                  
[04/15/26 23:47:38] INFO     Processing request of type            server.py:727
                             CallToolRequest                                    
                    INFO     HTTP Request: POST                  _client.py:1740
                             http://erp1.enpack.com.cn:13580/k3C                
                             loud/Kingdee.BOS.WebApi.ServicesStu                
                             b.DynamicFormService.ExecuteBillQue                
                             ry.common.kdsvc "HTTP/1.1 200 OK"                  
[04/15/26 23:47:42] INFO     Processing request of type            server.py:727
                             CallToolRequest                                    
                    INFO     HTTP Request: POST                  _client.py:1740
                             http://erp1.enpack.com.cn:13580/k3C                
                             loud/Kingdee.BOS.WebApi.ServicesStu                
                             b.DynamicFormService.ExecuteBillQue                
                             ry.common.kdsvc "HTTP/1.1 200 OK"                  
[04/15/26 23:47:46] INFO     Processing request of type            server.py:727
                             CallToolRequest                                    
[04/15/26 23:47:47] INFO     HTTP Request: POST                  _client.py:1740
                             http://erp1.enpack.com.cn:13580/k3C                
                             loud/Kingdee.BOS.WebApi.ServicesStu                
                             b.DynamicFormService.ExecuteBillQue                
                             ry.common.kdsvc "HTTP/1.1 200 OK"                  
[04/15/26 23:47:50] INFO     Processing request of type            server.py:727
                             CallToolRequest                                    
                    INFO     HTTP Request: POST                  _client.py:1740
                             http://erp1.enpack.com.cn:13580/k3C                
                             loud/Kingdee.BOS.WebApi.ServicesStu                
                             b.DynamicFormService.ExecuteBillQue                
                             ry.common.kdsvc "HTTP/1.1 200 OK"                  
[37/46] L7-01 (L7) — 0 fields / 8 tool calls: ['kingdee_search_forms_online', 'kingdee_search_forms_online', 'kingdee_search_forms_online', 'kingdee_search_forms_online', 'kingdee_search_forms_online', 'kingdee_search_forms_online', 'kingdee_query_bills', 'kingdee_query_bills']
[04/15/26 23:48:01] INFO     Processing request of type            server.py:727
                             CallToolRequest                                    
[04/15/26 23:48:05] INFO     Processing request of type            server.py:727
                             CallToolRequest                                    
[04/15/26 23:48:09] INFO     Processing request of type            server.py:727
                             CallToolRequest                                    
[04/15/26 23:48:13] INFO     Processing request of type            server.py:727
                             CallToolRequest                                    
[04/15/26 23:48:17] INFO     Processing request of type            server.py:727
                             CallToolRequest                                    
[04/15/26 23:48:21] INFO     Processing request of type            server.py:727
                             CallToolRequest                                    
                    INFO     HTTP Request: POST                  _client.py:1740
                             http://erp1.enpack.com.cn:13580/k3C                
                             loud/Kingdee.BOS.WebApi.ServicesStu                
                             b.DynamicFormService.ExecuteBillQue                
                             ry.common.kdsvc "HTTP/1.1 200 OK"                  
[04/15/26 23:48:24] INFO     Processing request of type            server.py:727
                             CallToolRequest                                    
                    INFO     HTTP Request: POST                  _client.py:1740
                             http://erp1.enpack.com.cn:13580/k3C                
                             loud/Kingdee.BOS.WebApi.ServicesStu                
                             b.DynamicFormService.ExecuteBillQue                
                             ry.common.kdsvc "HTTP/1.1 200 OK"                  
[04/15/26 23:48:30] INFO     Processing request of type            server.py:727
                             CallToolRequest                                    
                    INFO     HTTP Request: POST                  _client.py:1740
                             http://erp1.enpack.com.cn:13580/k3C                
                             loud/Kingdee.BOS.WebApi.ServicesStu                
                             b.DynamicFormService.ExecuteBillQue                
                             ry.common.kdsvc "HTTP/1.1 200 OK"                  
[38/46] L7-02 (L7) — 0 fields / 8 tool calls: ['kingdee_search_forms_online', 'kingdee_search_forms_online', 'kingdee_search_forms_online', 'kingdee_search_forms_online', 'kingdee_search_forms_online', 'kingdee_search_forms_online', 'kingdee_search_forms_online', 'kingdee_search_forms_online']
[04/15/26 23:48:42] INFO     Processing request of type            server.py:727
                             CallToolRequest                                    
[04/15/26 23:48:47] INFO     Processing request of type            server.py:727
                             CallToolRequest                                    
[04/15/26 23:48:50] INFO     Processing request of type            server.py:727
                             CallToolRequest                                    
[04/15/26 23:48:55] INFO     Processing request of type            server.py:727
                             CallToolRequest                                    
[04/15/26 23:48:58] INFO     Processing request of type            server.py:727
                             CallToolRequest                                    
[04/15/26 23:49:03] INFO     Processing request of type            server.py:727
                             CallToolRequest                                    
[04/15/26 23:49:08] INFO     Processing request of type            server.py:727
                             CallToolRequest                                    
                    INFO     HTTP Request: POST                  _client.py:1740
                             http://erp1.enpack.com.cn:13580/k3C                
                             loud/Kingdee.BOS.WebApi.ServicesStu                
                             b.DynamicFormService.ExecuteBillQue                
                             ry.common.kdsvc "HTTP/1.1 200 OK"                  
[04/15/26 23:49:11] INFO     Processing request of type            server.py:727
                             CallToolRequest                                    
                    INFO     HTTP Request: POST                  _client.py:1740
                             http://erp1.enpack.com.cn:13580/k3C                
                             loud/Kingdee.BOS.WebApi.ServicesStu                
                             b.DynamicFormService.ExecuteBillQue                
                             ry.common.kdsvc "HTTP/1.1 200 OK"                  
[39/46] L7-03 (L7) — 0 fields / 8 tool calls: ['kingdee_search_forms_online', 'kingdee_search_forms_online', 'kingdee_search_forms_online', 'kingdee_search_forms_online', 'kingdee_search_forms_online', 'kingdee_query_materials', 'kingdee_query_materials', 'kingdee_search_forms_online']
[04/15/26 23:49:20] INFO     Processing request of type            server.py:727
                             CallToolRequest                                    
[04/15/26 23:49:24] INFO     Processing request of type            server.py:727
                             CallToolRequest                                    
[04/15/26 23:49:27] INFO     Processing request of type            server.py:727
                             CallToolRequest                                    
[04/15/26 23:49:31] INFO     Processing request of type            server.py:727
                             CallToolRequest                                    
[04/15/26 23:49:34] INFO     Processing request of type            server.py:727
                             CallToolRequest                                    
[04/15/26 23:49:37] INFO     Processing request of type            server.py:727
                             CallToolRequest                                    
[04/15/26 23:49:41] INFO     Processing request of type            server.py:727
                             CallToolRequest                                    
[04/15/26 23:49:44] INFO     Processing request of type            server.py:727
                             CallToolRequest                                    
[40/46] L7-04 (L7) — 0 fields / 8 tool calls: ['kingdee_search_forms_online', 'kingdee_search_forms_online', 'kingdee_search_forms_online', 'kingdee_search_forms_online', 'kingdee_search_forms_online', 'kingdee_search_forms_online', 'kingdee_search_forms_online', 'kingdee_search_forms_online']
[04/15/26 23:49:56] INFO     Processing request of type            server.py:727
                             CallToolRequest                                    
[04/15/26 23:50:00] INFO     Processing request of type            server.py:727
                             CallToolRequest                                    
                    INFO     HTTP Request: POST                  _client.py:1740
                             http://erp1.enpack.com.cn:13580/k3C                
                             loud/Kingdee.BOS.WebApi.ServicesStu                
                             b.DynamicFormService.ExecuteBillQue                
                             ry.common.kdsvc "HTTP/1.1 200 OK"                  
[04/15/26 23:50:04] INFO     Processing request of type            server.py:727
                             CallToolRequest                                    
                    INFO     HTTP Request: POST                  _client.py:1740
                             http://erp1.enpack.com.cn:13580/k3C                
                             loud/Kingdee.BOS.WebApi.ServicesStu                
                             b.DynamicFormService.ExecuteBillQue                
                             ry.common.kdsvc "HTTP/1.1 200 OK"                  
[04/15/26 23:50:08] INFO     Processing request of type            server.py:727
                             CallToolRequest                                    
                    INFO     HTTP Request: POST                  _client.py:1740
                             http://erp1.enpack.com.cn:13580/k3C                
                             loud/Kingdee.BOS.WebApi.ServicesStu                
                             b.DynamicFormService.ExecuteBillQue                
                             ry.common.kdsvc "HTTP/1.1 200 OK"                  
[04/15/26 23:50:11] INFO     Processing request of type            server.py:727
                             CallToolRequest                                    
                    INFO     HTTP Request: POST                  _client.py:1740
                             http://erp1.enpack.com.cn:13580/k3C                
                             loud/Kingdee.BOS.WebApi.ServicesStu                
                             b.DynamicFormService.ExecuteBillQue                
                             ry.common.kdsvc "HTTP/1.1 200 OK"                  
[04/15/26 23:50:14] INFO     Processing request of type            server.py:727
                             CallToolRequest                                    
                    INFO     HTTP Request: POST                  _client.py:1740
                             http://erp1.enpack.com.cn:13580/k3C                
                             loud/Kingdee.BOS.WebApi.ServicesStu                
                             b.DynamicFormService.ExecuteBillQue                
                             ry.common.kdsvc "HTTP/1.1 200 OK"                  
[04/15/26 23:50:18] INFO     Processing request of type            server.py:727
                             CallToolRequest                                    
                    INFO     HTTP Request: POST                  _client.py:1740
                             http://erp1.enpack.com.cn:13580/k3C                
                             loud/Kingdee.BOS.WebApi.ServicesStu                
                             b.DynamicFormService.ExecuteBillQue                
                             ry.common.kdsvc "HTTP/1.1 200 OK"                  
[04/15/26 23:50:21] INFO     Processing request of type            server.py:727
                             CallToolRequest                                    
                    INFO     HTTP Request: POST                  _client.py:1740
                             http://erp1.enpack.com.cn:13580/k3C                
                             loud/Kingdee.BOS.WebApi.ServicesStu                
                             b.DynamicFormService.ExecuteBillQue                
                             ry.common.kdsvc "HTTP/1.1 200 OK"                  
[41/46] L7-05 (L7) — 0 fields / 8 tool calls: ['kingdee_search_forms_online', 'kingdee_search_forms_online', 'kingdee_search_forms_online', 'kingdee_search_forms_online', 'kingdee_search_forms_online', 'kingdee_search_forms_online', 'kingdee_search_forms_online', 'kingdee_search_forms_online']
[04/15/26 23:50:32] INFO     Processing request of type            server.py:727
                             CallToolRequest                                    
[04/15/26 23:50:35] INFO     Processing request of type            server.py:727
                             CallToolRequest                                    
[04/15/26 23:50:39] INFO     Processing request of type            server.py:727
                             CallToolRequest                                    
[04/15/26 23:50:42] INFO     Processing request of type            server.py:727
                             CallToolRequest                                    
[04/15/26 23:50:46] INFO     Processing request of type            server.py:727
                             CallToolRequest                                    
[04/15/26 23:50:50] INFO     Processing request of type            server.py:727
                             CallToolRequest                                    
                    INFO     HTTP Request: POST                  _client.py:1740
                             http://erp1.enpack.com.cn:13580/k3C                
                             loud/Kingdee.BOS.WebApi.ServicesStu                
                             b.DynamicFormService.ExecuteBillQue                
                             ry.common.kdsvc "HTTP/1.1 200 OK"                  
[04/15/26 23:50:54] INFO     Processing request of type            server.py:727
                             CallToolRequest                                    
[04/15/26 23:50:57] INFO     Processing request of type            server.py:727
                             CallToolRequest                                    
[42/46] L7-06 (L7) — 0 fields / 8 tool calls: ['kingdee_search_forms_online', 'kingdee_search_forms_online', 'kingdee_search_forms_online', 'kingdee_search_forms_online', 'kingdee_search_forms_online', 'kingdee_query_bills', 'kingdee_describe_form', 'kingdee_describe_form']
[04/15/26 23:51:08] INFO     Processing request of type            server.py:727
                             CallToolRequest                                    
[04/15/26 23:51:11] INFO     Processing request of type            server.py:727
                             CallToolRequest                                    
[04/15/26 23:51:14] INFO     Processing request of type            server.py:727
                             CallToolRequest                                    
[04/15/26 23:51:19] INFO     Processing request of type            server.py:727
                             CallToolRequest                                    
[04/15/26 23:51:23] INFO     Processing request of type            server.py:727
                             CallToolRequest                                    
[04/15/26 23:51:28] INFO     Processing request of type            server.py:727
                             CallToolRequest                                    
[04/15/26 23:51:33] INFO     Processing request of type            server.py:727
                             CallToolRequest                                    
[04/15/26 23:51:38] INFO     Processing request of type            server.py:727
                             CallToolRequest                                    
                    INFO     HTTP Request: POST                  _client.py:1740
                             http://erp1.enpack.com.cn:13580/k3C                
                             loud/Kingdee.BOS.WebApi.ServicesStu                
                             b.DynamicFormService.ExecuteBillQue                
                             ry.common.kdsvc "HTTP/1.1 200 OK"                  
[43/46] L8-01 (L8) — 7 fields / 8 tool calls: ['kingdee_get_schema', 'kingdee_search_forms_online', 'kingdee_search_forms_online', 'kingdee_query_bills', 'kingdee_query_bills', 'kingdee_query_bills', 'kingdee_query_bills', 'kingdee_query_bills']
[04/15/26 23:51:52] INFO     Processing request of type            server.py:727
                             CallToolRequest                                    
[04/15/26 23:51:55] INFO     Processing request of type            server.py:727
                             CallToolRequest                                    
[04/15/26 23:51:59] INFO     Processing request of type            server.py:727
                             CallToolRequest                                    
[04/15/26 23:52:02] INFO     Processing request of type            server.py:727
                             CallToolRequest                                    
                    INFO     HTTP Request: POST                  _client.py:1740
                             http://erp1.enpack.com.cn:13580/k3C                
                             loud/Kingdee.BOS.WebApi.ServicesStu                
                             b.DynamicFormService.ExecuteBillQue                
                             ry.common.kdsvc "HTTP/1.1 200 OK"                  
[04/15/26 23:52:06] INFO     Processing request of type            server.py:727
                             CallToolRequest                                    
                    INFO     HTTP Request: POST                  _client.py:1740
                             http://erp1.enpack.com.cn:13580/k3C                
                             loud/Kingdee.BOS.WebApi.ServicesStu                
                             b.DynamicFormService.ExecuteBillQue                
                             ry.common.kdsvc "HTTP/1.1 200 OK"                  
[04/15/26 23:52:10] INFO     Processing request of type            server.py:727
                             CallToolRequest                                    
                    INFO     HTTP Request: POST                  _client.py:1740
                             http://erp1.enpack.com.cn:13580/k3C                
                             loud/Kingdee.BOS.WebApi.ServicesStu                
                             b.DynamicFormService.ExecuteBillQue                
                             ry.common.kdsvc "HTTP/1.1 200 OK"                  
[04/15/26 23:52:13] INFO     Processing request of type            server.py:727
                             CallToolRequest                                    
                    INFO     HTTP Request: POST                  _client.py:1740
                             http://erp1.enpack.com.cn:13580/k3C                
                             loud/Kingdee.BOS.WebApi.ServicesStu                
                             b.DynamicFormService.ExecuteBillQue                
                             ry.common.kdsvc "HTTP/1.1 200 OK"                  
[04/15/26 23:52:18] INFO     Processing request of type            server.py:727
                             CallToolRequest                                    
                    INFO     HTTP Request: POST                  _client.py:1740
                             http://erp1.enpack.com.cn:13580/k3C                
                             loud/Kingdee.BOS.WebApi.ServicesStu                
                             b.DynamicFormService.QueryBusinessI                
                             nfo.common.kdsvc "HTTP/1.1 200 OK"                 
[44/46] L8-02 (L8) — 7 fields / 8 tool calls: ['kingdee_search_forms_online', 'kingdee_search_forms_online', 'kingdee_search_forms_online', 'kingdee_search_forms_online', 'kingdee_query_materials', 'kingdee_query_materials', 'kingdee_query_materials', 'kingdee_describe_form']
[04/15/26 23:52:33] INFO     Processing request of type            server.py:727
                             CallToolRequest                                    
[04/15/26 23:52:37] INFO     Processing request of type            server.py:727
                             CallToolRequest                                    
[04/15/26 23:52:40] INFO     Processing request of type            server.py:727
                             CallToolRequest                                    
[04/15/26 23:52:44] INFO     Processing request of type            server.py:727
                             CallToolRequest                                    
[04/15/26 23:52:47] INFO     Processing request of type            server.py:727
                             CallToolRequest                                    
                    INFO     HTTP Request: POST                  _client.py:1740
                             http://erp1.enpack.com.cn:13580/k3C                
                             loud/Kingdee.BOS.WebApi.ServicesStu                
                             b.DynamicFormService.ExecuteBillQue                
                             ry.common.kdsvc "HTTP/1.1 200 OK"                  
[04/15/26 23:52:53] INFO     Processing request of type            server.py:727
                             CallToolRequest                                    
                    INFO     HTTP Request: POST                  _client.py:1740
                             http://erp1.enpack.com.cn:13580/k3C                
                             loud/Kingdee.BOS.WebApi.ServicesStu                
                             b.DynamicFormService.ExecuteBillQue                
                             ry.common.kdsvc "HTTP/1.1 200 OK"                  
[04/15/26 23:52:58] INFO     Processing request of type            server.py:727
                             CallToolRequest                                    
                    INFO     HTTP Request: POST                  _client.py:1740
                             http://erp1.enpack.com.cn:13580/k3C                
                             loud/Kingdee.BOS.WebApi.ServicesStu                
                             b.DynamicFormService.ExecuteBillQue                
                             ry.common.kdsvc "HTTP/1.1 200 OK"                  
[04/15/26 23:53:04] INFO     Processing request of type            server.py:727
                             CallToolRequest                                    
                    INFO     HTTP Request: POST                  _client.py:1740
                             http://erp1.enpack.com.cn:13580/k3C                
                             loud/Kingdee.BOS.WebApi.ServicesStu                
                             b.DynamicFormService.ExecuteBillQue                
                             ry.common.kdsvc "HTTP/1.1 200 OK"                  
[45/46] L8-03 (L8) — 9 fields / 8 tool calls: ['kingdee_search_forms_online', 'kingdee_search_forms_online', 'kingdee_query_inventory', 'kingdee_query_materials', 'kingdee_query_materials', 'kingdee_query_inventory', 'kingdee_query_bills', 'kingdee_query_bills']
[04/15/26 23:53:27] INFO     Processing request of type            server.py:727
                             CallToolRequest                                    
[04/15/26 23:53:32] INFO     Processing request of type            server.py:727
                             CallToolRequest                                    
[04/15/26 23:53:36] INFO     Processing request of type            server.py:727
                             CallToolRequest                                    
                    INFO     HTTP Request: POST                  _client.py:1740
                             http://erp1.enpack.com.cn:13580/k3C                
                             loud/Kingdee.BOS.WebApi.ServicesStu                
                             b.DynamicFormService.QueryBusinessI                
                             nfo.common.kdsvc "HTTP/1.1 200 OK"                 
[04/15/26 23:53:41] INFO     Processing request of type            server.py:727
                             CallToolRequest                                    
                    INFO     HTTP Request: POST                  _client.py:1740
                             http://erp1.enpack.com.cn:13580/k3C                
                             loud/Kingdee.BOS.WebApi.ServicesStu                
                             b.DynamicFormService.QueryBusinessI                
                             nfo.common.kdsvc "HTTP/1.1 200 OK"                 
[04/15/26 23:53:46] INFO     Processing request of type            server.py:727
                             CallToolRequest                                    
                    INFO     HTTP Request: POST                  _client.py:1740
                             http://erp1.enpack.com.cn:13580/k3C                
                             loud/Kingdee.BOS.WebApi.ServicesStu                
                             b.DynamicFormService.QueryBusinessI                
                             nfo.common.kdsvc "HTTP/1.1 200 OK"                 
[04/15/26 23:53:55] INFO     Processing request of type            server.py:727
                             CallToolRequest                                    
                    INFO     HTTP Request: POST                  _client.py:1740
                             http://erp1.enpack.com.cn:13580/k3C                
                             loud/Kingdee.BOS.WebApi.ServicesStu                
                             b.DynamicFormService.ExecuteBillQue                
                             ry.common.kdsvc "HTTP/1.1 200 OK"                  
[04/15/26 23:54:01] INFO     Processing request of type            server.py:727
                             CallToolRequest                                    
[04/15/26 23:54:02] INFO     HTTP Request: POST                  _client.py:1740
                             http://erp1.enpack.com.cn:13580/k3C                
                             loud/Kingdee.BOS.WebApi.ServicesStu                
                             b.DynamicFormService.ExecuteBillQue                
                             ry.common.kdsvc "HTTP/1.1 200 OK"                  
[04/15/26 23:54:08] INFO     Processing request of type            server.py:727
                             CallToolRequest                                    
                    INFO     HTTP Request: POST                  _client.py:1740
                             http://erp1.enpack.com.cn:13580/k3C                
                             loud/Kingdee.BOS.WebApi.ServicesStu                
                             b.DynamicFormService.ExecuteBillQue                
                             ry.common.kdsvc "HTTP/1.1 200 OK"                  
[46/46] L8-04 (L8) — 8 fields / 8 tool calls: ['kingdee_search_forms_online', 'kingdee_describe_form', 'kingdee_describe_form', 'kingdee_describe_form', 'kingdee_describe_form', 'kingdee_query_bills', 'kingdee_query_bills', 'kingdee_query_bills']
答案: results/T0_mcp/answers.jsonl

==> Running T1 (Wed Apr 15 23:54:29 CST 2026)
[04/15/26 23:54:30] INFO     Processing request of type            server.py:727
                             ListToolsRequest                                   
[stage=T1] MCP server 暴露 14 个工具；本阶段启用 9 个：
  - kingdee_query_bills
  - kingdee_query_materials
  - kingdee_describe_form
  - kingdee_search_forms_online
  - kingdee_query_inventory
  - kingdee_query_fixed_assets
  - kingdee_get_schema
  - kingdee_get_relations
  - kingdee_list_cached_schemas
[04/15/26 23:54:35] INFO     Processing request of type            server.py:727
                             CallToolRequest                                    
[04/15/26 23:54:39] INFO     Processing request of type            server.py:727
                             CallToolRequest                                    
[04/15/26 23:54:43] INFO     Processing request of type            server.py:727
                             CallToolRequest                                    
[04/15/26 23:54:47] INFO     Processing request of type            server.py:727
                             CallToolRequest                                    
[04/15/26 23:54:52] INFO     Processing request of type            server.py:727
                             CallToolRequest                                    
                    INFO     HTTP Request: POST                  _client.py:1740
                             http://erp1.enpack.com.cn:13580/k3C                
                             loud/Kingdee.BOS.WebApi.ServicesStu                
                             b.AuthService.LoginByAppSecret.comm                
                             on.kdsvc "HTTP/1.1 200 OK"                         
                    INFO     HTTP Request: POST                  _client.py:1740
                             http://erp1.enpack.com.cn:13580/k3C                
                             loud/Kingdee.BOS.WebApi.ServicesStu                
                             b.DynamicFormService.ExecuteBillQue                
                             ry.common.kdsvc "HTTP/1.1 200 OK"                  
[04/15/26 23:55:02] INFO     Processing request of type            server.py:727
                             CallToolRequest                                    
                    INFO     HTTP Request: POST                  _client.py:1740
                             http://erp1.enpack.com.cn:13580/k3C                
                             loud/Kingdee.BOS.WebApi.ServicesStu                
                             b.DynamicFormService.ExecuteBillQue                
                             ry.common.kdsvc "HTTP/1.1 200 OK"                  
[04/15/26 23:55:12] INFO     Processing request of type            server.py:727
                             CallToolRequest                                    
[04/15/26 23:55:16] INFO     Processing request of type            server.py:727
                             CallToolRequest                                    
[1/46] L1-01 (L1) — 6 fields / 8 tool calls: ['kingdee_get_schema', 'kingdee_get_schema', 'kingdee_list_cached_schemas', 'kingdee_get_schema', 'kingdee_query_materials', 'kingdee_query_materials', 'kingdee_describe_form', 'kingdee_describe_form']
[04/15/26 23:55:29] INFO     Processing request of type            server.py:727
                             CallToolRequest                                    
[04/15/26 23:55:32] INFO     Processing request of type            server.py:727
                             CallToolRequest                                    
[04/15/26 23:55:37] INFO     Processing request of type            server.py:727
                             CallToolRequest                                    
[04/15/26 23:55:41] INFO     Processing request of type            server.py:727
                             CallToolRequest                                    
[04/15/26 23:55:45] INFO     Processing request of type            server.py:727
                             CallToolRequest                                    
[04/15/26 23:55:51] INFO     Processing request of type            server.py:727
                             CallToolRequest                                    
                    INFO     HTTP Request: POST                  _client.py:1740
                             http://erp1.enpack.com.cn:13580/k3C                
                             loud/Kingdee.BOS.WebApi.ServicesStu                
                             b.DynamicFormService.ExecuteBillQue                
                             ry.common.kdsvc "HTTP/1.1 200 OK"                  
[04/15/26 23:55:56] INFO     Processing request of type            server.py:727
                             CallToolRequest                                    
                    INFO     HTTP Request: POST                  _client.py:1740
                             http://erp1.enpack.com.cn:13580/k3C                
                             loud/Kingdee.BOS.WebApi.ServicesStu                
                             b.DynamicFormService.ExecuteBillQue                
                             ry.common.kdsvc "HTTP/1.1 200 OK"                  
[04/15/26 23:56:00] INFO     Processing request of type            server.py:727
                             CallToolRequest                                    
                    INFO     HTTP Request: POST                  _client.py:1740
                             http://erp1.enpack.com.cn:13580/k3C                
                             loud/Kingdee.BOS.WebApi.ServicesStu                
                             b.DynamicFormService.ExecuteBillQue                
                             ry.common.kdsvc "HTTP/1.1 200 OK"                  
[2/46] L1-02 (L1) — 6 fields / 8 tool calls: ['kingdee_get_schema', 'kingdee_list_cached_schemas', 'kingdee_get_schema', 'kingdee_get_schema', 'kingdee_get_schema', 'kingdee_query_bills', 'kingdee_search_forms_online', 'kingdee_search_forms_online']
[04/15/26 23:56:16] INFO     Processing request of type            server.py:727
                             CallToolRequest                                    
[04/15/26 23:56:20] INFO     Processing request of type            server.py:727
                             CallToolRequest                                    
[04/15/26 23:56:24] INFO     Processing request of type            server.py:727
                             CallToolRequest                                    
[04/15/26 23:56:28] INFO     Processing request of type            server.py:727
                             CallToolRequest                                    
[04/15/26 23:56:33] INFO     Processing request of type            server.py:727
                             CallToolRequest                                    
[04/15/26 23:56:37] INFO     Processing request of type            server.py:727
                             CallToolRequest                                    
[04/15/26 23:56:42] INFO     Processing request of type            server.py:727
                             CallToolRequest                                    
                    INFO     HTTP Request: POST                  _client.py:1740
                             http://erp1.enpack.com.cn:13580/k3C                
                             loud/Kingdee.BOS.WebApi.ServicesStu                
                             b.DynamicFormService.ExecuteBillQue                
                             ry.common.kdsvc "HTTP/1.1 200 OK"                  
[04/15/26 23:56:47] INFO     Processing request of type            server.py:727
                             CallToolRequest                                    
                    INFO     HTTP Request: POST                  _client.py:1740
                             http://erp1.enpack.com.cn:13580/k3C                
                             loud/Kingdee.BOS.WebApi.ServicesStu                
                             b.DynamicFormService.ExecuteBillQue                
                             ry.common.kdsvc "HTTP/1.1 200 OK"                  
[3/46] L1-03 (L1) — 5 fields / 8 tool calls: ['kingdee_get_schema', 'kingdee_get_schema', 'kingdee_list_cached_schemas', 'kingdee_get_schema', 'kingdee_get_schema', 'kingdee_describe_form', 'kingdee_query_bills', 'kingdee_search_forms_online']
[04/15/26 23:57:03] INFO     Processing request of type            server.py:727
                             CallToolRequest                                    
[04/15/26 23:57:08] INFO     Processing request of type            server.py:727
                             CallToolRequest                                    
[04/15/26 23:57:11] INFO     Processing request of type            server.py:727
                             CallToolRequest                                    
[04/15/26 23:57:16] INFO     Processing request of type            server.py:727
                             CallToolRequest                                    
[04/15/26 23:57:20] INFO     Processing request of type            server.py:727
                             CallToolRequest                                    
[04/15/26 23:57:26] INFO     Processing request of type            server.py:727
                             CallToolRequest                                    
                    INFO     HTTP Request: POST                  _client.py:1740
                             http://erp1.enpack.com.cn:13580/k3C                
                             loud/Kingdee.BOS.WebApi.ServicesStu                
                             b.DynamicFormService.ExecuteBillQue                
                             ry.common.kdsvc "HTTP/1.1 200 OK"                  
[04/15/26 23:57:31] INFO     Processing request of type            server.py:727
                             CallToolRequest                                    
                    INFO     HTTP Request: POST                  _client.py:1740
                             http://erp1.enpack.com.cn:13580/k3C                
                             loud/Kingdee.BOS.WebApi.ServicesStu                
                             b.DynamicFormService.ExecuteBillQue                
                             ry.common.kdsvc "HTTP/1.1 200 OK"                  
[04/15/26 23:57:35] INFO     Processing request of type            server.py:727
                             CallToolRequest                                    
[04/15/26 23:57:36] INFO     HTTP Request: POST                  _client.py:1740
                             http://erp1.enpack.com.cn:13580/k3C                
                             loud/Kingdee.BOS.WebApi.ServicesStu                
                             b.DynamicFormService.ExecuteBillQue                
                             ry.common.kdsvc "HTTP/1.1 200 OK"                  
[4/46] L1-04 (L1) — 7 fields / 8 tool calls: ['kingdee_get_schema', 'kingdee_get_schema', 'kingdee_list_cached_schemas', 'kingdee_get_schema', 'kingdee_describe_form', 'kingdee_query_bills', 'kingdee_search_forms_online', 'kingdee_query_bills']
[04/15/26 23:57:48] INFO     Processing request of type            server.py:727
                             CallToolRequest                                    
[04/15/26 23:57:52] INFO     Processing request of type            server.py:727
                             CallToolRequest                                    
[04/15/26 23:57:57] INFO     Processing request of type            server.py:727
                             CallToolRequest                                    
[04/15/26 23:58:01] INFO     Processing request of type            server.py:727
                             CallToolRequest                                    
[04/15/26 23:58:06] INFO     Processing request of type            server.py:727
                             CallToolRequest                                    
                    INFO     HTTP Request: POST                  _client.py:1740
                             http://erp1.enpack.com.cn:13580/k3C                
                             loud/Kingdee.BOS.WebApi.ServicesStu                
                             b.DynamicFormService.ExecuteBillQue                
                             ry.common.kdsvc "HTTP/1.1 200 OK"                  
[04/15/26 23:58:10] INFO     Processing request of type            server.py:727
                             CallToolRequest                                    
[04/15/26 23:58:11] INFO     HTTP Request: POST                  _client.py:1740
                             http://erp1.enpack.com.cn:13580/k3C                
                             loud/Kingdee.BOS.WebApi.ServicesStu                
                             b.DynamicFormService.ExecuteBillQue                
                             ry.common.kdsvc "HTTP/1.1 200 OK"                  
[04/15/26 23:58:15] INFO     Processing request of type            server.py:727
                             CallToolRequest                                    
                    INFO     HTTP Request: POST                  _client.py:1740
                             http://erp1.enpack.com.cn:13580/k3C                
                             loud/Kingdee.BOS.WebApi.ServicesStu                
                             b.DynamicFormService.ExecuteBillQue                
                             ry.common.kdsvc "HTTP/1.1 200 OK"                  
[04/15/26 23:58:19] INFO     Processing request of type            server.py:727
                             CallToolRequest                                    
[5/46] L1-05 (L1) — 4 fields / 8 tool calls: ['kingdee_list_cached_schemas', 'kingdee_get_schema', 'kingdee_get_schema', 'kingdee_get_schema', 'kingdee_query_bills', 'kingdee_search_forms_online', 'kingdee_search_forms_online', 'kingdee_describe_form']
[04/15/26 23:58:31] INFO     Processing request of type            server.py:727
                             CallToolRequest                                    
[04/15/26 23:58:34] INFO     Processing request of type            server.py:727
                             CallToolRequest                                    
[04/15/26 23:58:37] INFO     Processing request of type            server.py:727
                             CallToolRequest                                    
[04/15/26 23:58:42] INFO     Processing request of type            server.py:727
                             CallToolRequest                                    
[04/15/26 23:58:46] INFO     Processing request of type            server.py:727
                             CallToolRequest                                    
[04/15/26 23:58:49] INFO     Processing request of type            server.py:727
                             CallToolRequest                                    
[04/15/26 23:58:59] INFO     Processing request of type            server.py:727
                             CallToolRequest                                    
                    INFO     HTTP Request: POST                  _client.py:1740
                             http://erp1.enpack.com.cn:13580/k3C                
                             loud/Kingdee.BOS.WebApi.ServicesStu                
                             b.DynamicFormService.ExecuteBillQue                
                             ry.common.kdsvc "HTTP/1.1 200 OK"                  
[04/15/26 23:59:04] INFO     Processing request of type            server.py:727
                             CallToolRequest                                    
                    INFO     HTTP Request: POST                  _client.py:1740
                             http://erp1.enpack.com.cn:13580/k3C                
                             loud/Kingdee.BOS.WebApi.ServicesStu                
                             b.DynamicFormService.ExecuteBillQue                
                             ry.common.kdsvc "HTTP/1.1 200 OK"                  
[6/46] L2-01 (L2) — 6 fields / 8 tool calls: ['kingdee_get_schema', 'kingdee_get_schema', 'kingdee_list_cached_schemas', 'kingdee_get_schema', 'kingdee_describe_form', 'kingdee_get_relations', 'kingdee_query_bills', 'kingdee_search_forms_online']
[04/15/26 23:59:22] INFO     Processing request of type            server.py:727
                             CallToolRequest                                    
[04/15/26 23:59:26] INFO     Processing request of type            server.py:727
                             CallToolRequest                                    
[04/15/26 23:59:29] INFO     Processing request of type            server.py:727
                             CallToolRequest                                    
[04/15/26 23:59:34] INFO     Processing request of type            server.py:727
                             CallToolRequest                                    
[04/15/26 23:59:39] INFO     Processing request of type            server.py:727
                             CallToolRequest                                    
[04/15/26 23:59:43] INFO     Processing request of type            server.py:727
                             CallToolRequest                                    
[04/15/26 23:59:50] INFO     Processing request of type            server.py:727
                             CallToolRequest                                    
                    INFO     HTTP Request: POST                  _client.py:1740
                             http://erp1.enpack.com.cn:13580/k3C                
                             loud/Kingdee.BOS.WebApi.ServicesStu                
                             b.DynamicFormService.ExecuteBillQue                
                             ry.common.kdsvc "HTTP/1.1 200 OK"                  
[04/15/26 23:59:56] INFO     Processing request of type            server.py:727
                             CallToolRequest                                    
                    INFO     HTTP Request: POST                  _client.py:1740
                             http://erp1.enpack.com.cn:13580/k3C                
                             loud/Kingdee.BOS.WebApi.ServicesStu                
                             b.DynamicFormService.ExecuteBillQue                
                             ry.common.kdsvc "HTTP/1.1 200 OK"                  
[7/46] L2-02 (L2) — 10 fields / 8 tool calls: ['kingdee_get_schema', 'kingdee_get_schema', 'kingdee_list_cached_schemas', 'kingdee_get_schema', 'kingdee_describe_form', 'kingdee_get_relations', 'kingdee_query_bills', 'kingdee_query_bills']
[04/16/26 00:00:17] INFO     Processing request of type            server.py:727
                             CallToolRequest                                    
[04/16/26 00:00:21] INFO     Processing request of type            server.py:727
                             CallToolRequest                                    
[04/16/26 00:00:24] INFO     Processing request of type            server.py:727
                             CallToolRequest                                    
[04/16/26 00:00:29] INFO     Processing request of type            server.py:727
                             CallToolRequest                                    
[04/16/26 00:00:33] INFO     Processing request of type            server.py:727
                             CallToolRequest                                    
[04/16/26 00:00:38] INFO     Processing request of type            server.py:727
                             CallToolRequest                                    
[04/16/26 00:00:43] INFO     Processing request of type            server.py:727
                             CallToolRequest                                    
[04/16/26 00:00:48] INFO     Processing request of type            server.py:727
                             CallToolRequest                                    
[8/46] L2-03 (L2) — 4 fields / 8 tool calls: ['kingdee_get_schema', 'kingdee_get_schema', 'kingdee_list_cached_schemas', 'kingdee_search_forms_online', 'kingdee_search_forms_online', 'kingdee_search_forms_online', 'kingdee_describe_form', 'kingdee_query_bills']
[04/16/26 00:01:02] INFO     Processing request of type            server.py:727
                             CallToolRequest                                    
[04/16/26 00:01:06] INFO     Processing request of type            server.py:727
                             CallToolRequest                                    
[04/16/26 00:01:10] INFO     Processing request of type            server.py:727
                             CallToolRequest                                    
[04/16/26 00:01:14] INFO     Processing request of type            server.py:727
                             CallToolRequest                                    
[04/16/26 00:01:19] INFO     Processing request of type            server.py:727
                             CallToolRequest                                    
[04/16/26 00:01:23] INFO     Processing request of type            server.py:727
                             CallToolRequest                                    
[04/16/26 00:01:27] INFO     Processing request of type            server.py:727
                             CallToolRequest                                    
[04/16/26 00:01:35] INFO     Processing request of type            server.py:727
                             CallToolRequest                                    
[9/46] L2-04 (L2) — 9 fields / 8 tool calls: ['kingdee_get_schema', 'kingdee_get_schema', 'kingdee_list_cached_schemas', 'kingdee_get_schema', 'kingdee_describe_form', 'kingdee_search_forms_online', 'kingdee_search_forms_online', 'kingdee_query_bills']
[04/16/26 00:01:47] INFO     Processing request of type            server.py:727
                             CallToolRequest                                    
[04/16/26 00:01:51] INFO     Processing request of type            server.py:727
                             CallToolRequest                                    
[04/16/26 00:01:55] INFO     Processing request of type            server.py:727
                             CallToolRequest                                    
[04/16/26 00:01:59] INFO     Processing request of type            server.py:727
                             CallToolRequest                                    
[04/16/26 00:02:02] INFO     Processing request of type            server.py:727
                             CallToolRequest                                    
[04/16/26 00:02:07] INFO     Processing request of type            server.py:727
                             CallToolRequest                                    
[04/16/26 00:02:13] INFO     Processing request of type            server.py:727
                             CallToolRequest                                    
[04/16/26 00:02:14] INFO     HTTP Request: POST                  _client.py:1740
                             http://erp1.enpack.com.cn:13580/k3C                
                             loud/Kingdee.BOS.WebApi.ServicesStu                
                             b.DynamicFormService.ExecuteBillQue                
                             ry.common.kdsvc "HTTP/1.1 200 OK"                  
[04/16/26 00:02:18] INFO     Processing request of type            server.py:727
                             CallToolRequest                                    
[10/46] L2-05 (L2) — 7 fields / 8 tool calls: ['kingdee_get_schema', 'kingdee_list_cached_schemas', 'kingdee_get_schema', 'kingdee_get_schema', 'kingdee_get_schema', 'kingdee_describe_form', 'kingdee_query_bills', 'kingdee_get_relations']
[04/16/26 00:02:37] INFO     Processing request of type            server.py:727
                             CallToolRequest                                    
[04/16/26 00:02:40] INFO     Processing request of type            server.py:727
                             CallToolRequest                                    
[04/16/26 00:02:43] INFO     Processing request of type            server.py:727
                             CallToolRequest                                    
[04/16/26 00:02:47] INFO     Processing request of type            server.py:727
                             CallToolRequest                                    
[04/16/26 00:02:51] INFO     Processing request of type            server.py:727
                             CallToolRequest                                    
[04/16/26 00:02:54] INFO     Processing request of type            server.py:727
                             CallToolRequest                                    
[04/16/26 00:03:01] INFO     Processing request of type            server.py:727
                             CallToolRequest                                    
                    INFO     HTTP Request: POST                  _client.py:1740
                             http://erp1.enpack.com.cn:13580/k3C                
                             loud/Kingdee.BOS.WebApi.ServicesStu                
                             b.DynamicFormService.ExecuteBillQue                
                             ry.common.kdsvc "HTTP/1.1 200 OK"                  
[04/16/26 00:03:06] INFO     Processing request of type            server.py:727
                             CallToolRequest                                    
                    INFO     HTTP Request: POST                  _client.py:1740
                             http://erp1.enpack.com.cn:13580/k3C                
                             loud/Kingdee.BOS.WebApi.ServicesStu                
                             b.DynamicFormService.ExecuteBillQue                
                             ry.common.kdsvc "HTTP/1.1 200 OK"                  
[11/46] L2-06 (L2) — 9 fields / 8 tool calls: ['kingdee_get_schema', 'kingdee_get_schema', 'kingdee_list_cached_schemas', 'kingdee_get_schema', 'kingdee_search_forms_online', 'kingdee_describe_form', 'kingdee_query_bills', 'kingdee_query_bills']
[04/16/26 00:03:21] INFO     Processing request of type            server.py:727
                             CallToolRequest                                    
[04/16/26 00:03:23] INFO     Processing request of type            server.py:727
                             CallToolRequest                                    
[04/16/26 00:03:28] INFO     Processing request of type            server.py:727
                             CallToolRequest                                    
[04/16/26 00:03:31] INFO     Processing request of type            server.py:727
                             CallToolRequest                                    
[04/16/26 00:03:35] INFO     Processing request of type            server.py:727
                             CallToolRequest                                    
[04/16/26 00:03:39] INFO     Processing request of type            server.py:727
                             CallToolRequest                                    
[04/16/26 00:03:44] INFO     Processing request of type            server.py:727
                             CallToolRequest                                    
[04/16/26 00:03:48] INFO     Processing request of type            server.py:727
                             CallToolRequest                                    
[12/46] L2-07 (L2) — 0 fields / 8 tool calls: ['kingdee_get_schema', 'kingdee_list_cached_schemas', 'kingdee_search_forms_online', 'kingdee_search_forms_online', 'kingdee_get_schema', 'kingdee_describe_form', 'kingdee_search_forms_online', 'kingdee_get_schema']
[04/16/26 00:03:59] INFO     Processing request of type            server.py:727
                             CallToolRequest                                    
[04/16/26 00:04:02] INFO     Processing request of type            server.py:727
                             CallToolRequest                                    
[04/16/26 00:04:05] INFO     Processing request of type            server.py:727
                             CallToolRequest                                    
[04/16/26 00:04:10] INFO     Processing request of type            server.py:727
                             CallToolRequest                                    
[04/16/26 00:04:14] INFO     Processing request of type            server.py:727
                             CallToolRequest                                    
[04/16/26 00:04:17] INFO     Processing request of type            server.py:727
                             CallToolRequest                                    
                    INFO     HTTP Request: POST                  _client.py:1740
                             http://erp1.enpack.com.cn:13580/k3C                
                             loud/Kingdee.BOS.WebApi.ServicesStu                
                             b.DynamicFormService.ExecuteBillQue                
                             ry.common.kdsvc "HTTP/1.1 200 OK"                  
[04/16/26 00:04:23] INFO     Processing request of type            server.py:727
                             CallToolRequest                                    
                    INFO     HTTP Request: POST                  _client.py:1740
                             http://erp1.enpack.com.cn:13580/k3C                
                             loud/Kingdee.BOS.WebApi.ServicesStu                
                             b.DynamicFormService.ExecuteBillQue                
                             ry.common.kdsvc "HTTP/1.1 200 OK"                  
[04/16/26 00:04:27] INFO     Processing request of type            server.py:727
                             CallToolRequest                                    
                    INFO     HTTP Request: POST                  _client.py:1740
                             http://erp1.enpack.com.cn:13580/k3C                
                             loud/Kingdee.BOS.WebApi.ServicesStu                
                             b.DynamicFormService.ExecuteBillQue                
                             ry.common.kdsvc "HTTP/1.1 200 OK"                  
[13/46] L2-08 (L2) — 6 fields / 8 tool calls: ['kingdee_get_schema', 'kingdee_get_schema', 'kingdee_list_cached_schemas', 'kingdee_get_schema', 'kingdee_query_fixed_assets', 'kingdee_query_fixed_assets', 'kingdee_search_forms_online', 'kingdee_search_forms_online']
[04/16/26 00:04:40] INFO     Processing request of type            server.py:727
                             CallToolRequest                                    
[04/16/26 00:04:43] INFO     Processing request of type            server.py:727
                             CallToolRequest                                    
[04/16/26 00:04:47] INFO     Processing request of type            server.py:727
                             CallToolRequest                                    
[04/16/26 00:04:51] INFO     Processing request of type            server.py:727
                             CallToolRequest                                    
[04/16/26 00:04:54] INFO     Processing request of type            server.py:727
                             CallToolRequest                                    
[04/16/26 00:04:58] INFO     Processing request of type            server.py:727
                             CallToolRequest                                    
[04/16/26 00:05:02] INFO     Processing request of type            server.py:727
                             CallToolRequest                                    
[04/16/26 00:05:09] INFO     Processing request of type            server.py:727
                             CallToolRequest                                    
[14/46] L2-09 (L2) — 7 fields / 8 tool calls: ['kingdee_get_schema', 'kingdee_get_schema', 'kingdee_search_forms_online', 'kingdee_search_forms_online', 'kingdee_list_cached_schemas', 'kingdee_get_schema', 'kingdee_describe_form', 'kingdee_query_bills']
[04/16/26 00:05:24] INFO     Processing request of type            server.py:727
                             CallToolRequest                                    
[04/16/26 00:05:28] INFO     Processing request of type            server.py:727
                             CallToolRequest                                    
[04/16/26 00:05:30] INFO     Processing request of type            server.py:727
                             CallToolRequest                                    
[04/16/26 00:05:36] INFO     Processing request of type            server.py:727
                             CallToolRequest                                    
[04/16/26 00:05:40] INFO     Processing request of type            server.py:727
                             CallToolRequest                                    
[04/16/26 00:05:44] INFO     Processing request of type            server.py:727
                             CallToolRequest                                    
[04/16/26 00:05:49] INFO     Processing request of type            server.py:727
                             CallToolRequest                                    
[04/16/26 00:05:56] INFO     Processing request of type            server.py:727
                             CallToolRequest                                    
[15/46] L2-10 (L2) — 4 fields / 8 tool calls: ['kingdee_get_schema', 'kingdee_get_schema', 'kingdee_list_cached_schemas', 'kingdee_search_forms_online', 'kingdee_search_forms_online', 'kingdee_get_schema', 'kingdee_describe_form', 'kingdee_query_bills']
[04/16/26 00:06:05] INFO     Processing request of type            server.py:727
                             CallToolRequest                                    
[04/16/26 00:06:10] INFO     Processing request of type            server.py:727
                             CallToolRequest                                    
[04/16/26 00:06:13] INFO     Processing request of type            server.py:727
                             CallToolRequest                                    
[04/16/26 00:06:17] INFO     Processing request of type            server.py:727
                             CallToolRequest                                    
[04/16/26 00:06:20] INFO     Processing request of type            server.py:727
                             CallToolRequest                                    
[04/16/26 00:06:27] INFO     Processing request of type            server.py:727
                             CallToolRequest                                    
                    INFO     HTTP Request: POST                  _client.py:1740
                             http://erp1.enpack.com.cn:13580/k3C                
                             loud/Kingdee.BOS.WebApi.ServicesStu                
                             b.DynamicFormService.ExecuteBillQue                
                             ry.common.kdsvc "HTTP/1.1 200 OK"                  
[04/16/26 00:06:32] INFO     Processing request of type            server.py:727
                             CallToolRequest                                    
                    INFO     HTTP Request: POST                  _client.py:1740
                             http://erp1.enpack.com.cn:13580/k3C                
                             loud/Kingdee.BOS.WebApi.ServicesStu                
                             b.DynamicFormService.ExecuteBillQue                
                             ry.common.kdsvc "HTTP/1.1 200 OK"                  
[04/16/26 00:06:40] INFO     Processing request of type            server.py:727
                             CallToolRequest                                    
                    INFO     HTTP Request: POST                  _client.py:1740
                             http://erp1.enpack.com.cn:13580/k3C                
                             loud/Kingdee.BOS.WebApi.ServicesStu                
                             b.DynamicFormService.ExecuteBillQue                
                             ry.common.kdsvc "HTTP/1.1 200 OK"                  
[16/46] L3-01 (L3) — 7 fields / 8 tool calls: ['kingdee_list_cached_schemas', 'kingdee_get_schema', 'kingdee_get_schema', 'kingdee_get_schema', 'kingdee_get_relations', 'kingdee_query_bills', 'kingdee_query_bills', 'kingdee_query_bills']
[04/16/26 00:06:54] INFO     Processing request of type            server.py:727
                             CallToolRequest                                    
[04/16/26 00:07:00] INFO     Processing request of type            server.py:727
                             CallToolRequest                                    
[04/16/26 00:07:03] INFO     Processing request of type            server.py:727
                             CallToolRequest                                    
[04/16/26 00:07:07] INFO     Processing request of type            server.py:727
                             CallToolRequest                                    
[04/16/26 00:07:12] INFO     Processing request of type            server.py:727
                             CallToolRequest                                    
[04/16/26 00:07:15] INFO     Processing request of type            server.py:727
                             CallToolRequest                                    
[04/16/26 00:07:20] INFO     Processing request of type            server.py:727
                             CallToolRequest                                    
[04/16/26 00:07:26] INFO     Processing request of type            server.py:727
                             CallToolRequest                                    
[17/46] L3-02 (L3) — 4 fields / 8 tool calls: ['kingdee_list_cached_schemas', 'kingdee_get_schema', 'kingdee_get_schema', 'kingdee_get_schema', 'kingdee_search_forms_online', 'kingdee_search_forms_online', 'kingdee_describe_form', 'kingdee_query_bills']
[04/16/26 00:07:38] INFO     Processing request of type            server.py:727
                             CallToolRequest                                    
[04/16/26 00:07:42] INFO     Processing request of type            server.py:727
                             CallToolRequest                                    
[04/16/26 00:07:46] INFO     Processing request of type            server.py:727
                             CallToolRequest                                    
[04/16/26 00:07:50] INFO     Processing request of type            server.py:727
                             CallToolRequest                                    
[04/16/26 00:07:54] INFO     Processing request of type            server.py:727
                             CallToolRequest                                    
[04/16/26 00:07:58] INFO     Processing request of type            server.py:727
                             CallToolRequest                                    
[04/16/26 00:08:04] INFO     Processing request of type            server.py:727
                             CallToolRequest                                    
                    INFO     HTTP Request: POST                  _client.py:1740
                             http://erp1.enpack.com.cn:13580/k3C                
                             loud/Kingdee.BOS.WebApi.ServicesStu                
                             b.DynamicFormService.ExecuteBillQue                
                             ry.common.kdsvc "HTTP/1.1 200 OK"                  
[04/16/26 00:08:08] INFO     Processing request of type            server.py:727
                             CallToolRequest                                    
                    INFO     HTTP Request: POST                  _client.py:1740
                             http://erp1.enpack.com.cn:13580/k3C                
                             loud/Kingdee.BOS.WebApi.ServicesStu                
                             b.DynamicFormService.ExecuteBillQue                
                             ry.common.kdsvc "HTTP/1.1 200 OK"                  
[18/46] L3-03 (L3) — 4 fields / 8 tool calls: ['kingdee_get_schema', 'kingdee_list_cached_schemas', 'kingdee_search_forms_online', 'kingdee_search_forms_online', 'kingdee_get_schema', 'kingdee_get_schema', 'kingdee_query_bills', 'kingdee_query_bills']
[04/16/26 00:08:20] INFO     Processing request of type            server.py:727
                             CallToolRequest                                    
[04/16/26 00:08:25] INFO     Processing request of type            server.py:727
                             CallToolRequest                                    
[04/16/26 00:08:29] INFO     Processing request of type            server.py:727
                             CallToolRequest                                    
[04/16/26 00:08:32] INFO     Processing request of type            server.py:727
                             CallToolRequest                                    
[04/16/26 00:08:35] INFO     Processing request of type            server.py:727
                             CallToolRequest                                    
[04/16/26 00:08:41] INFO     Processing request of type            server.py:727
                             CallToolRequest                                    
                    INFO     HTTP Request: POST                  _client.py:1740
                             http://erp1.enpack.com.cn:13580/k3C                
                             loud/Kingdee.BOS.WebApi.ServicesStu                
                             b.DynamicFormService.ExecuteBillQue                
                             ry.common.kdsvc "HTTP/1.1 200 OK"                  
[04/16/26 00:08:48] INFO     Processing request of type            server.py:727
                             CallToolRequest                                    
                    INFO     HTTP Request: POST                  _client.py:1740
                             http://erp1.enpack.com.cn:13580/k3C                
                             loud/Kingdee.BOS.WebApi.ServicesStu                
                             b.DynamicFormService.ExecuteBillQue                
                             ry.common.kdsvc "HTTP/1.1 200 OK"                  
[04/16/26 00:08:57] INFO     Processing request of type            server.py:727
                             CallToolRequest                                    
                    INFO     HTTP Request: POST                  _client.py:1740
                             http://erp1.enpack.com.cn:13580/k3C                
                             loud/Kingdee.BOS.WebApi.ServicesStu                
                             b.DynamicFormService.ExecuteBillQue                
                             ry.common.kdsvc "HTTP/1.1 200 OK"                  
[19/46] L3-04 (L3) — 11 fields / 8 tool calls: ['kingdee_list_cached_schemas', 'kingdee_get_schema', 'kingdee_get_schema', 'kingdee_get_schema', 'kingdee_get_relations', 'kingdee_query_bills', 'kingdee_query_inventory', 'kingdee_query_bills']
[04/16/26 00:09:09] INFO     Processing request of type            server.py:727
                             CallToolRequest                                    
[04/16/26 00:09:12] INFO     Processing request of type            server.py:727
                             CallToolRequest                                    
[04/16/26 00:09:17] INFO     Processing request of type            server.py:727
                             CallToolRequest                                    
[04/16/26 00:09:21] INFO     Processing request of type            server.py:727
                             CallToolRequest                                    
[04/16/26 00:09:25] INFO     Processing request of type            server.py:727
                             CallToolRequest                                    
                    INFO     HTTP Request: POST                  _client.py:1740
                             http://erp1.enpack.com.cn:13580/k3C                
                             loud/Kingdee.BOS.WebApi.ServicesStu                
                             b.DynamicFormService.ExecuteBillQue                
                             ry.common.kdsvc "HTTP/1.1 200 OK"                  
[04/16/26 00:09:30] INFO     Processing request of type            server.py:727
                             CallToolRequest                                    
[04/16/26 00:09:34] INFO     Processing request of type            server.py:727
                             CallToolRequest                                    
                    INFO     HTTP Request: POST                  _client.py:1740
                             http://erp1.enpack.com.cn:13580/k3C                
                             loud/Kingdee.BOS.WebApi.ServicesStu                
                             b.DynamicFormService.ExecuteBillQue                
                             ry.common.kdsvc "HTTP/1.1 200 OK"                  
[04/16/26 00:09:40] INFO     Processing request of type            server.py:727
                             CallToolRequest                                    
                    INFO     HTTP Request: POST                  _client.py:1740
                             http://erp1.enpack.com.cn:13580/k3C                
                             loud/Kingdee.BOS.WebApi.ServicesStu                
                             b.DynamicFormService.ExecuteBillQue                
                             ry.common.kdsvc "HTTP/1.1 200 OK"                  
[20/46] L3-05 (L3) — 5 fields / 8 tool calls: ['kingdee_get_schema', 'kingdee_list_cached_schemas', 'kingdee_get_schema', 'kingdee_get_schema', 'kingdee_query_inventory', 'kingdee_get_schema', 'kingdee_query_materials', 'kingdee_query_inventory']
[04/16/26 00:09:55] INFO     Processing request of type            server.py:727
                             CallToolRequest                                    
[04/16/26 00:09:59] INFO     Processing request of type            server.py:727
                             CallToolRequest                                    
[04/16/26 00:10:02] INFO     Processing request of type            server.py:727
                             CallToolRequest                                    
[04/16/26 00:10:07] INFO     Processing request of type            server.py:727
                             CallToolRequest                                    
[04/16/26 00:10:10] INFO     Processing request of type            server.py:727
                             CallToolRequest                                    
[04/16/26 00:10:13] INFO     Processing request of type            server.py:727
                             CallToolRequest                                    
[04/16/26 00:10:24] INFO     Processing request of type            server.py:727
                             CallToolRequest                                    
                    INFO     HTTP Request: POST                  _client.py:1740
                             http://erp1.enpack.com.cn:13580/k3C                
                             loud/Kingdee.BOS.WebApi.ServicesStu                
                             b.DynamicFormService.ExecuteBillQue                
                             ry.common.kdsvc "HTTP/1.1 200 OK"                  
[04/16/26 00:10:29] INFO     Processing request of type            server.py:727
                             CallToolRequest                                    
                    INFO     HTTP Request: POST                  _client.py:1740
                             http://erp1.enpack.com.cn:13580/k3C                
                             loud/Kingdee.BOS.WebApi.ServicesStu                
                             b.DynamicFormService.ExecuteBillQue                
                             ry.common.kdsvc "HTTP/1.1 200 OK"                  
[21/46] L3-06 (L3) — 15 fields / 8 tool calls: ['kingdee_get_schema', 'kingdee_get_schema', 'kingdee_list_cached_schemas', 'kingdee_get_schema', 'kingdee_search_forms_online', 'kingdee_get_relations', 'kingdee_query_bills', 'kingdee_query_bills']
[04/16/26 00:10:44] INFO     Processing request of type            server.py:727
                             CallToolRequest                                    
[04/16/26 00:10:49] INFO     Processing request of type            server.py:727
                             CallToolRequest                                    
[04/16/26 00:10:52] INFO     Processing request of type            server.py:727
                             CallToolRequest                                    
[04/16/26 00:10:56] INFO     Processing request of type            server.py:727
                             CallToolRequest                                    
[04/16/26 00:11:01] INFO     Processing request of type            server.py:727
                             CallToolRequest                                    
[04/16/26 00:11:04] INFO     Processing request of type            server.py:727
                             CallToolRequest                                    
[04/16/26 00:11:10] INFO     Processing request of type            server.py:727
                             CallToolRequest                                    
                    INFO     HTTP Request: POST                  _client.py:1740
                             http://erp1.enpack.com.cn:13580/k3C                
                             loud/Kingdee.BOS.WebApi.ServicesStu                
                             b.DynamicFormService.ExecuteBillQue                
                             ry.common.kdsvc "HTTP/1.1 200 OK"                  
[04/16/26 00:11:16] INFO     Processing request of type            server.py:727
                             CallToolRequest                                    
                    INFO     HTTP Request: POST                  _client.py:1740
                             http://erp1.enpack.com.cn:13580/k3C                
                             loud/Kingdee.BOS.WebApi.ServicesStu                
                             b.DynamicFormService.ExecuteBillQue                
                             ry.common.kdsvc "HTTP/1.1 200 OK"                  
[22/46] L4-01 (L4) — 5 fields / 8 tool calls: ['kingdee_get_schema', 'kingdee_get_schema', 'kingdee_list_cached_schemas', 'kingdee_get_schema', 'kingdee_get_schema', 'kingdee_get_relations', 'kingdee_query_bills', 'kingdee_search_forms_online']
[04/16/26 00:11:30] INFO     Processing request of type            server.py:727
                             CallToolRequest                                    
[04/16/26 00:11:33] INFO     Processing request of type            server.py:727
                             CallToolRequest                                    
[04/16/26 00:11:36] INFO     Processing request of type            server.py:727
                             CallToolRequest                                    
[04/16/26 00:11:40] INFO     Processing request of type            server.py:727
                             CallToolRequest                                    
[04/16/26 00:11:44] INFO     Processing request of type            server.py:727
                             CallToolRequest                                    
[04/16/26 00:11:49] INFO     Processing request of type            server.py:727
                             CallToolRequest                                    
                    INFO     HTTP Request: POST                  _client.py:1740
                             http://erp1.enpack.com.cn:13580/k3C                
                             loud/Kingdee.BOS.WebApi.ServicesStu                
                             b.DynamicFormService.ExecuteBillQue                
                             ry.common.kdsvc "HTTP/1.1 200 OK"                  
[04/16/26 00:11:53] INFO     Processing request of type            server.py:727
                             CallToolRequest                                    
                    INFO     HTTP Request: POST                  _client.py:1740
                             http://erp1.enpack.com.cn:13580/k3C                
                             loud/Kingdee.BOS.WebApi.ServicesStu                
                             b.DynamicFormService.ExecuteBillQue                
                             ry.common.kdsvc "HTTP/1.1 200 OK"                  
[04/16/26 00:11:57] INFO     Processing request of type            server.py:727
                             CallToolRequest                                    
                    INFO     HTTP Request: POST                  _client.py:1740
                             http://erp1.enpack.com.cn:13580/k3C                
                             loud/Kingdee.BOS.WebApi.ServicesStu                
                             b.DynamicFormService.ExecuteBillQue                
                             ry.common.kdsvc "HTTP/1.1 200 OK"                  
[23/46] L4-02 (L4) — 2 fields / 8 tool calls: ['kingdee_get_schema', 'kingdee_get_schema', 'kingdee_list_cached_schemas', 'kingdee_get_schema', 'kingdee_describe_form', 'kingdee_query_materials', 'kingdee_search_forms_online', 'kingdee_search_forms_online']
[04/16/26 00:12:11] INFO     Processing request of type            server.py:727
                             CallToolRequest                                    
[04/16/26 00:12:14] INFO     Processing request of type            server.py:727
                             CallToolRequest                                    
[04/16/26 00:12:19] INFO     Processing request of type            server.py:727
                             CallToolRequest                                    
[04/16/26 00:12:22] INFO     Processing request of type            server.py:727
                             CallToolRequest                                    
[04/16/26 00:12:25] INFO     Processing request of type            server.py:727
                             CallToolRequest                                    
[04/16/26 00:12:29] INFO     Processing request of type            server.py:727
                             CallToolRequest                                    
[04/16/26 00:12:33] INFO     Processing request of type            server.py:727
                             CallToolRequest                                    
[04/16/26 00:12:37] INFO     Processing request of type            server.py:727
                             CallToolRequest                                    
[24/46] L4-03 (L4) — 0 fields / 8 tool calls: ['kingdee_get_schema', 'kingdee_list_cached_schemas', 'kingdee_search_forms_online', 'kingdee_search_forms_online', 'kingdee_search_forms_online', 'kingdee_get_schema', 'kingdee_get_schema', 'kingdee_describe_form']
[04/16/26 00:12:51] INFO     Processing request of type            server.py:727
                             CallToolRequest                                    
[04/16/26 00:12:54] INFO     Processing request of type            server.py:727
                             CallToolRequest                                    
[04/16/26 00:12:58] INFO     Processing request of type            server.py:727
                             CallToolRequest                                    
[04/16/26 00:13:02] INFO     Processing request of type            server.py:727
                             CallToolRequest                                    
[04/16/26 00:13:06] INFO     Processing request of type            server.py:727
                             CallToolRequest                                    
[04/16/26 00:13:10] INFO     Processing request of type            server.py:727
                             CallToolRequest                                    
[04/16/26 00:13:16] INFO     Processing request of type            server.py:727
                             CallToolRequest                                    
                    INFO     HTTP Request: POST                  _client.py:1740
                             http://erp1.enpack.com.cn:13580/k3C                
                             loud/Kingdee.BOS.WebApi.ServicesStu                
                             b.DynamicFormService.ExecuteBillQue                
                             ry.common.kdsvc "HTTP/1.1 200 OK"                  
[04/16/26 00:13:21] INFO     Processing request of type            server.py:727
                             CallToolRequest                                    
                    INFO     HTTP Request: POST                  _client.py:1740
                             http://erp1.enpack.com.cn:13580/k3C                
                             loud/Kingdee.BOS.WebApi.ServicesStu                
                             b.DynamicFormService.ExecuteBillQue                
                             ry.common.kdsvc "HTTP/1.1 200 OK"                  
[25/46] L4-04 (L4) — 6 fields / 8 tool calls: ['kingdee_get_schema', 'kingdee_list_cached_schemas', 'kingdee_get_schema', 'kingdee_get_schema', 'kingdee_get_schema', 'kingdee_describe_form', 'kingdee_query_bills', 'kingdee_query_bills']
[04/16/26 00:13:35] INFO     Processing request of type            server.py:727
                             CallToolRequest                                    
[04/16/26 00:13:39] INFO     Processing request of type            server.py:727
                             CallToolRequest                                    
[04/16/26 00:13:42] INFO     Processing request of type            server.py:727
                             CallToolRequest                                    
[04/16/26 00:13:46] INFO     Processing request of type            server.py:727
                             CallToolRequest                                    
[04/16/26 00:13:50] INFO     Processing request of type            server.py:727
                             CallToolRequest                                    
[04/16/26 00:13:54] INFO     Processing request of type            server.py:727
                             CallToolRequest                                    
                    INFO     HTTP Request: POST                  _client.py:1740
                             http://erp1.enpack.com.cn:13580/k3C                
                             loud/Kingdee.BOS.WebApi.ServicesStu                
                             b.DynamicFormService.ExecuteBillQue                
                             ry.common.kdsvc "HTTP/1.1 200 OK"                  
[04/16/26 00:13:58] INFO     Processing request of type            server.py:727
                             CallToolRequest                                    
[04/16/26 00:14:02] INFO     Processing request of type            server.py:727
                             CallToolRequest                                    
                    INFO     HTTP Request: POST                  _client.py:1740
                             http://erp1.enpack.com.cn:13580/k3C                
                             loud/Kingdee.BOS.WebApi.ServicesStu                
                             b.DynamicFormService.ExecuteBillQue                
                             ry.common.kdsvc "HTTP/1.1 200 OK"                  
[26/46] L4-05 (L4) — 2 fields / 8 tool calls: ['kingdee_get_schema', 'kingdee_get_schema', 'kingdee_list_cached_schemas', 'kingdee_get_schema', 'kingdee_describe_form', 'kingdee_query_bills', 'kingdee_search_forms_online', 'kingdee_search_forms_online']
[04/16/26 00:14:14] INFO     Processing request of type            server.py:727
                             CallToolRequest                                    
[04/16/26 00:14:17] INFO     Processing request of type            server.py:727
                             CallToolRequest                                    
[04/16/26 00:14:21] INFO     Processing request of type            server.py:727
                             CallToolRequest                                    
[04/16/26 00:14:26] INFO     Processing request of type            server.py:727
                             CallToolRequest                                    
[04/16/26 00:14:29] INFO     Processing request of type            server.py:727
                             CallToolRequest                                    
[04/16/26 00:14:34] INFO     Processing request of type            server.py:727
                             CallToolRequest                                    
                    INFO     HTTP Request: POST                  _client.py:1740
                             http://erp1.enpack.com.cn:13580/k3C                
                             loud/Kingdee.BOS.WebApi.ServicesStu                
                             b.DynamicFormService.ExecuteBillQue                
                             ry.common.kdsvc "HTTP/1.1 200 OK"                  
[04/16/26 00:14:38] INFO     Processing request of type            server.py:727
                             CallToolRequest                                    
                    INFO     HTTP Request: POST                  _client.py:1740
                             http://erp1.enpack.com.cn:13580/k3C                
                             loud/Kingdee.BOS.WebApi.ServicesStu                
                             b.DynamicFormService.ExecuteBillQue                
                             ry.common.kdsvc "HTTP/1.1 200 OK"                  
[04/16/26 00:14:42] INFO     Processing request of type            server.py:727
                             CallToolRequest                                    
                    INFO     HTTP Request: POST                  _client.py:1740
                             http://erp1.enpack.com.cn:13580/k3C                
                             loud/Kingdee.BOS.WebApi.ServicesStu                
                             b.DynamicFormService.ExecuteBillQue                
                             ry.common.kdsvc "HTTP/1.1 200 OK"                  
[27/46] L5-01 (L5) — 3 fields / 8 tool calls: ['kingdee_get_schema', 'kingdee_get_schema', 'kingdee_list_cached_schemas', 'kingdee_get_schema', 'kingdee_describe_form', 'kingdee_query_bills', 'kingdee_search_forms_online', 'kingdee_search_forms_online']
[04/16/26 00:14:53] INFO     Processing request of type            server.py:727
                             CallToolRequest                                    
[04/16/26 00:14:57] INFO     Processing request of type            server.py:727
                             CallToolRequest                                    
[04/16/26 00:15:00] INFO     Processing request of type            server.py:727
                             CallToolRequest                                    
[04/16/26 00:15:04] INFO     Processing request of type            server.py:727
                             CallToolRequest                                    
[04/16/26 00:15:08] INFO     Processing request of type            server.py:727
                             CallToolRequest                                    
[04/16/26 00:15:12] INFO     Processing request of type            server.py:727
                             CallToolRequest                                    
[04/16/26 00:15:16] INFO     Processing request of type            server.py:727
                             CallToolRequest                                    
                    INFO     HTTP Request: POST                  _client.py:1740
                             http://erp1.enpack.com.cn:13580/k3C                
                             loud/Kingdee.BOS.WebApi.ServicesStu                
                             b.DynamicFormService.ExecuteBillQue                
                             ry.common.kdsvc "HTTP/1.1 200 OK"                  
[04/16/26 00:15:22] INFO     Processing request of type            server.py:727
                             CallToolRequest                                    
                    INFO     HTTP Request: POST                  _client.py:1740
                             http://erp1.enpack.com.cn:13580/k3C                
                             loud/Kingdee.BOS.WebApi.ServicesStu                
                             b.DynamicFormService.ExecuteBillQue                
                             ry.common.kdsvc "HTTP/1.1 200 OK"                  
[28/46] L5-02 (L5) — 0 fields / 8 tool calls: ['kingdee_get_schema', 'kingdee_get_schema', 'kingdee_list_cached_schemas', 'kingdee_get_schema', 'kingdee_describe_form', 'kingdee_query_materials', 'kingdee_query_materials', 'kingdee_search_forms_online']
[04/16/26 00:15:35] INFO     Processing request of type            server.py:727
                             CallToolRequest                                    
[04/16/26 00:15:39] INFO     Processing request of type            server.py:727
                             CallToolRequest                                    
[04/16/26 00:15:41] INFO     Processing request of type            server.py:727
                             CallToolRequest                                    
[04/16/26 00:15:45] INFO     Processing request of type            server.py:727
                             CallToolRequest                                    
[04/16/26 00:15:49] INFO     Processing request of type            server.py:727
                             CallToolRequest                                    
[04/16/26 00:15:54] INFO     Processing request of type            server.py:727
                             CallToolRequest                                    
[04/16/26 00:15:59] INFO     Processing request of type            server.py:727
                             CallToolRequest                                    
[04/16/26 00:16:04] INFO     Processing request of type            server.py:727
                             CallToolRequest                                    
                    INFO     HTTP Request: POST                  _client.py:1740
                             http://erp1.enpack.com.cn:13580/k3C                
                             loud/Kingdee.BOS.WebApi.ServicesStu                
                             b.DynamicFormService.ExecuteBillQue                
                             ry.common.kdsvc "HTTP/1.1 200 OK"                  
[29/46] L5-03 (L5) — 4 fields / 8 tool calls: ['kingdee_get_schema', 'kingdee_get_schema', 'kingdee_list_cached_schemas', 'kingdee_get_schema', 'kingdee_get_schema', 'kingdee_describe_form', 'kingdee_query_bills', 'kingdee_query_bills']
[04/16/26 00:16:17] INFO     Processing request of type            server.py:727
                             CallToolRequest                                    
[04/16/26 00:16:21] INFO     Processing request of type            server.py:727
                             CallToolRequest                                    
[04/16/26 00:16:23] INFO     Processing request of type            server.py:727
                             CallToolRequest                                    
[04/16/26 00:16:27] INFO     Processing request of type            server.py:727
                             CallToolRequest                                    
[04/16/26 00:16:31] INFO     Processing request of type            server.py:727
                             CallToolRequest                                    
[04/16/26 00:16:35] INFO     Processing request of type            server.py:727
                             CallToolRequest                                    
[04/16/26 00:16:40] INFO     Processing request of type            server.py:727
                             CallToolRequest                                    
[04/16/26 00:16:41] INFO     HTTP Request: POST                  _client.py:1740
                             http://erp1.enpack.com.cn:13580/k3C                
                             loud/Kingdee.BOS.WebApi.ServicesStu                
                             b.DynamicFormService.ExecuteBillQue                
                             ry.common.kdsvc "HTTP/1.1 200 OK"                  
[04/16/26 00:16:45] INFO     Processing request of type            server.py:727
                             CallToolRequest                                    
                    INFO     HTTP Request: POST                  _client.py:1740
                             http://erp1.enpack.com.cn:13580/k3C                
                             loud/Kingdee.BOS.WebApi.ServicesStu                
                             b.DynamicFormService.ExecuteBillQue                
                             ry.common.kdsvc "HTTP/1.1 200 OK"                  
[30/46] L6-01 (L6) — 7 fields / 8 tool calls: ['kingdee_get_schema', 'kingdee_get_schema', 'kingdee_list_cached_schemas', 'kingdee_get_schema', 'kingdee_get_schema', 'kingdee_describe_form', 'kingdee_query_bills', 'kingdee_search_forms_online']
[04/16/26 00:16:56] INFO     Processing request of type            server.py:727
                             CallToolRequest                                    
[04/16/26 00:17:00] INFO     Processing request of type            server.py:727
                             CallToolRequest                                    
[04/16/26 00:17:03] INFO     Processing request of type            server.py:727
                             CallToolRequest                                    
[04/16/26 00:17:07] INFO     Processing request of type            server.py:727
                             CallToolRequest                                    
[04/16/26 00:17:11] INFO     Processing request of type            server.py:727
                             CallToolRequest                                    
[04/16/26 00:17:16] INFO     Processing request of type            server.py:727
                             CallToolRequest                                    
[04/16/26 00:17:20] INFO     Processing request of type            server.py:727
                             CallToolRequest                                    
                    INFO     HTTP Request: POST                  _client.py:1740
                             http://erp1.enpack.com.cn:13580/k3C                
                             loud/Kingdee.BOS.WebApi.ServicesStu                
                             b.DynamicFormService.ExecuteBillQue                
                             ry.common.kdsvc "HTTP/1.1 200 OK"                  
[04/16/26 00:17:24] INFO     Processing request of type            server.py:727
                             CallToolRequest                                    
                    INFO     HTTP Request: POST                  _client.py:1740
                             http://erp1.enpack.com.cn:13580/k3C                
                             loud/Kingdee.BOS.WebApi.ServicesStu                
                             b.DynamicFormService.ExecuteBillQue                
                             ry.common.kdsvc "HTTP/1.1 200 OK"                  
[31/46] L6-02 (L6) — 0 fields / 8 tool calls: ['kingdee_get_schema', 'kingdee_get_schema', 'kingdee_list_cached_schemas', 'kingdee_get_schema', 'kingdee_get_schema', 'kingdee_describe_form', 'kingdee_query_bills', 'kingdee_search_forms_online']
[04/16/26 00:17:35] INFO     Processing request of type            server.py:727
                             CallToolRequest                                    
[04/16/26 00:17:39] INFO     Processing request of type            server.py:727
                             CallToolRequest                                    
[04/16/26 00:17:42] INFO     Processing request of type            server.py:727
                             CallToolRequest                                    
[04/16/26 00:17:46] INFO     Processing request of type            server.py:727
                             CallToolRequest                                    
[04/16/26 00:17:50] INFO     Processing request of type            server.py:727
                             CallToolRequest                                    
[04/16/26 00:17:54] INFO     Processing request of type            server.py:727
                             CallToolRequest                                    
[04/16/26 00:17:58] INFO     Processing request of type            server.py:727
                             CallToolRequest                                    
[04/16/26 00:18:03] INFO     Processing request of type            server.py:727
                             CallToolRequest                                    
[32/46] L6-03 (L6) — 0 fields / 8 tool calls: ['kingdee_get_schema', 'kingdee_get_schema', 'kingdee_list_cached_schemas', 'kingdee_get_schema', 'kingdee_get_schema', 'kingdee_search_forms_online', 'kingdee_query_inventory', 'kingdee_query_materials']
[04/16/26 00:18:15] INFO     Processing request of type            server.py:727
                             CallToolRequest                                    
[04/16/26 00:18:18] INFO     Processing request of type            server.py:727
                             CallToolRequest                                    
[04/16/26 00:18:23] INFO     Processing request of type            server.py:727
                             CallToolRequest                                    
[04/16/26 00:18:28] INFO     Processing request of type            server.py:727
                             CallToolRequest                                    
[04/16/26 00:18:35] INFO     Processing request of type            server.py:727
                             CallToolRequest                                    
[04/16/26 00:18:42] INFO     Processing request of type            server.py:727
                             CallToolRequest                                    
[04/16/26 00:18:47] INFO     Processing request of type            server.py:727
                             CallToolRequest                                    
[04/16/26 00:18:48] INFO     HTTP Request: POST                  _client.py:1740
                             http://erp1.enpack.com.cn:13580/k3C                
                             loud/Kingdee.BOS.WebApi.ServicesStu                
                             b.DynamicFormService.ExecuteBillQue                
                             ry.common.kdsvc "HTTP/1.1 200 OK"                  
[04/16/26 00:18:53] INFO     Processing request of type            server.py:727
                             CallToolRequest                                    
                    INFO     HTTP Request: POST                  _client.py:1740
                             http://erp1.enpack.com.cn:13580/k3C                
                             loud/Kingdee.BOS.WebApi.ServicesStu                
                             b.DynamicFormService.QueryBusinessI                
                             nfo.common.kdsvc "HTTP/1.1 200 OK"                 
[33/46] L6-04 (L6) — 6 fields / 8 tool calls: ['kingdee_get_schema', 'kingdee_list_cached_schemas', 'kingdee_search_forms_online', 'kingdee_search_forms_online', 'kingdee_query_bills', 'kingdee_query_bills', 'kingdee_query_bills', 'kingdee_get_schema']
[04/16/26 00:19:08] INFO     Processing request of type            server.py:727
                             CallToolRequest                                    
[04/16/26 00:19:11] INFO     Processing request of type            server.py:727
                             CallToolRequest                                    
[04/16/26 00:19:16] INFO     Processing request of type            server.py:727
                             CallToolRequest                                    
[04/16/26 00:19:19] INFO     Processing request of type            server.py:727
                             CallToolRequest                                    
[04/16/26 00:19:23] INFO     Processing request of type            server.py:727
                             CallToolRequest                                    
[04/16/26 00:19:27] INFO     Processing request of type            server.py:727
                             CallToolRequest                                    
[04/16/26 00:19:34] INFO     Processing request of type            server.py:727
                             CallToolRequest                                    
                    INFO     HTTP Request: POST                  _client.py:1740
                             http://erp1.enpack.com.cn:13580/k3C                
                             loud/Kingdee.BOS.WebApi.ServicesStu                
                             b.DynamicFormService.ExecuteBillQue                
                             ry.common.kdsvc "HTTP/1.1 200 OK"                  
[04/16/26 00:19:39] INFO     Processing request of type            server.py:727
                             CallToolRequest                                    
                    INFO     HTTP Request: POST                  _client.py:1740
                             http://erp1.enpack.com.cn:13580/k3C                
                             loud/Kingdee.BOS.WebApi.ServicesStu                
                             b.DynamicFormService.ExecuteBillQue                
                             ry.common.kdsvc "HTTP/1.1 200 OK"                  
[34/46] L6-05 (L6) — 8 fields / 8 tool calls: ['kingdee_get_schema', 'kingdee_list_cached_schemas', 'kingdee_get_schema', 'kingdee_get_schema', 'kingdee_get_schema', 'kingdee_describe_form', 'kingdee_query_bills', 'kingdee_search_forms_online']
[04/16/26 00:19:58] INFO     Processing request of type            server.py:727
                             CallToolRequest                                    
[04/16/26 00:20:01] INFO     Processing request of type            server.py:727
                             CallToolRequest                                    
[04/16/26 00:20:05] INFO     Processing request of type            server.py:727
                             CallToolRequest                                    
[04/16/26 00:20:10] INFO     Processing request of type            server.py:727
                             CallToolRequest                                    
[04/16/26 00:20:14] INFO     Processing request of type            server.py:727
                             CallToolRequest                                    
[04/16/26 00:20:18] INFO     Processing request of type            server.py:727
                             CallToolRequest                                    
[04/16/26 00:20:22] INFO     Processing request of type            server.py:727
                             CallToolRequest                                    
[04/16/26 00:20:26] INFO     Processing request of type            server.py:727
                             CallToolRequest                                    
                    INFO     HTTP Request: POST                  _client.py:1740
                             http://erp1.enpack.com.cn:13580/k3C                
                             loud/Kingdee.BOS.WebApi.ServicesStu                
                             b.DynamicFormService.ExecuteBillQue                
                             ry.common.kdsvc "HTTP/1.1 200 OK"                  
[35/46] L6-06 (L6) — 0 fields / 8 tool calls: ['kingdee_get_schema', 'kingdee_get_schema', 'kingdee_list_cached_schemas', 'kingdee_get_schema', 'kingdee_get_schema', 'kingdee_get_schema', 'kingdee_get_schema', 'kingdee_query_materials']
[04/16/26 00:20:44] INFO     Processing request of type            server.py:727
                             CallToolRequest                                    
[04/16/26 00:20:47] INFO     Processing request of type            server.py:727
                             CallToolRequest                                    
[04/16/26 00:20:51] INFO     Processing request of type            server.py:727
                             CallToolRequest                                    
[04/16/26 00:20:56] INFO     Processing request of type            server.py:727
                             CallToolRequest                                    
[04/16/26 00:21:00] INFO     Processing request of type            server.py:727
                             CallToolRequest                                    
[04/16/26 00:21:05] INFO     Processing request of type            server.py:727
                             CallToolRequest                                    
[04/16/26 00:21:09] INFO     Processing request of type            server.py:727
                             CallToolRequest                                    
[04/16/26 00:21:15] INFO     Processing request of type            server.py:727
                             CallToolRequest                                    
                    INFO     HTTP Request: POST                  _client.py:1740
                             http://erp1.enpack.com.cn:13580/k3C                
                             loud/Kingdee.BOS.WebApi.ServicesStu                
                             b.DynamicFormService.ExecuteBillQue                
                             ry.common.kdsvc "HTTP/1.1 200 OK"                  
[36/46] L6-07 (L6) — 6 fields / 8 tool calls: ['kingdee_get_schema', 'kingdee_get_schema', 'kingdee_list_cached_schemas', 'kingdee_get_schema', 'kingdee_get_schema', 'kingdee_search_forms_online', 'kingdee_search_forms_online', 'kingdee_query_bills']
[04/16/26 00:21:27] INFO     Processing request of type            server.py:727
                             CallToolRequest                                    
[04/16/26 00:21:33] INFO     Processing request of type            server.py:727
                             CallToolRequest                                    
[04/16/26 00:21:37] INFO     Processing request of type            server.py:727
                             CallToolRequest                                    
[04/16/26 00:21:41] INFO     Processing request of type            server.py:727
                             CallToolRequest                                    
                    INFO     HTTP Request: POST                  _client.py:1740
                             http://erp1.enpack.com.cn:13580/k3C                
                             loud/Kingdee.BOS.WebApi.ServicesStu                
                             b.DynamicFormService.ExecuteBillQue                
                             ry.common.kdsvc "HTTP/1.1 200 OK"                  
[04/16/26 00:21:45] INFO     Processing request of type            server.py:727
                             CallToolRequest                                    
                    INFO     HTTP Request: POST                  _client.py:1740
                             http://erp1.enpack.com.cn:13580/k3C                
                             loud/Kingdee.BOS.WebApi.ServicesStu                
                             b.DynamicFormService.ExecuteBillQue                
                             ry.common.kdsvc "HTTP/1.1 200 OK"                  
[04/16/26 00:21:50] INFO     Processing request of type            server.py:727
                             CallToolRequest                                    
                    INFO     HTTP Request: POST                  _client.py:1740
                             http://erp1.enpack.com.cn:13580/k3C                
                             loud/Kingdee.BOS.WebApi.ServicesStu                
                             b.DynamicFormService.ExecuteBillQue                
                             ry.common.kdsvc "HTTP/1.1 200 OK"                  
[04/16/26 00:21:54] INFO     Processing request of type            server.py:727
                             CallToolRequest                                    
                    INFO     HTTP Request: POST                  _client.py:1740
                             http://erp1.enpack.com.cn:13580/k3C                
                             loud/Kingdee.BOS.WebApi.ServicesStu                
                             b.DynamicFormService.ExecuteBillQue                
                             ry.common.kdsvc "HTTP/1.1 200 OK"                  
[04/16/26 00:21:58] INFO     Processing request of type            server.py:727
                             CallToolRequest                                    
                    INFO     HTTP Request: POST                  _client.py:1740
                             http://erp1.enpack.com.cn:13580/k3C                
                             loud/Kingdee.BOS.WebApi.ServicesStu                
                             b.DynamicFormService.ExecuteBillQue                
                             ry.common.kdsvc "HTTP/1.1 200 OK"                  
[37/46] L7-01 (L7) — 0 fields / 8 tool calls: ['kingdee_list_cached_schemas', 'kingdee_search_forms_online', 'kingdee_search_forms_online', 'kingdee_search_forms_online', 'kingdee_search_forms_online', 'kingdee_search_forms_online', 'kingdee_search_forms_online', 'kingdee_search_forms_online']
[04/16/26 00:22:10] INFO     Processing request of type            server.py:727
                             CallToolRequest                                    
[04/16/26 00:22:14] INFO     Processing request of type            server.py:727
                             CallToolRequest                                    
[04/16/26 00:22:18] INFO     Processing request of type            server.py:727
                             CallToolRequest                                    
[04/16/26 00:22:22] INFO     Processing request of type            server.py:727
                             CallToolRequest                                    
[04/16/26 00:22:26] INFO     Processing request of type            server.py:727
                             CallToolRequest                                    
[04/16/26 00:22:30] INFO     Processing request of type            server.py:727
                             CallToolRequest                                    
                    INFO     HTTP Request: POST                  _client.py:1740
                             http://erp1.enpack.com.cn:13580/k3C                
                             loud/Kingdee.BOS.WebApi.ServicesStu                
                             b.DynamicFormService.ExecuteBillQue                
                             ry.common.kdsvc "HTTP/1.1 200 OK"                  
[04/16/26 00:22:34] INFO     Processing request of type            server.py:727
                             CallToolRequest                                    
[04/16/26 00:22:35] INFO     HTTP Request: POST                  _client.py:1740
                             http://erp1.enpack.com.cn:13580/k3C                
                             loud/Kingdee.BOS.WebApi.ServicesStu                
                             b.DynamicFormService.ExecuteBillQue                
                             ry.common.kdsvc "HTTP/1.1 200 OK"                  
[04/16/26 00:22:38] INFO     Processing request of type            server.py:727
                             CallToolRequest                                    
                    INFO     HTTP Request: POST                  _client.py:1740
                             http://erp1.enpack.com.cn:13580/k3C                
                             loud/Kingdee.BOS.WebApi.ServicesStu                
                             b.DynamicFormService.ExecuteBillQue                
                             ry.common.kdsvc "HTTP/1.1 200 OK"                  
[38/46] L7-02 (L7) — 0 fields / 8 tool calls: ['kingdee_list_cached_schemas', 'kingdee_search_forms_online', 'kingdee_search_forms_online', 'kingdee_search_forms_online', 'kingdee_search_forms_online', 'kingdee_search_forms_online', 'kingdee_search_forms_online', 'kingdee_search_forms_online']
[04/16/26 00:22:48] INFO     Processing request of type            server.py:727
                             CallToolRequest                                    
[04/16/26 00:22:53] INFO     Processing request of type            server.py:727
                             CallToolRequest                                    
[04/16/26 00:22:56] INFO     Processing request of type            server.py:727
                             CallToolRequest                                    
[04/16/26 00:23:00] INFO     Processing request of type            server.py:727
                             CallToolRequest                                    
[04/16/26 00:23:04] INFO     Processing request of type            server.py:727
                             CallToolRequest                                    
[04/16/26 00:23:08] INFO     Processing request of type            server.py:727
                             CallToolRequest                                    
[04/16/26 00:23:13] INFO     Processing request of type            server.py:727
                             CallToolRequest                                    
[04/16/26 00:23:18] INFO     Processing request of type            server.py:727
                             CallToolRequest                                    
[39/46] L7-03 (L7) — 0 fields / 8 tool calls: ['kingdee_list_cached_schemas', 'kingdee_search_forms_online', 'kingdee_search_forms_online', 'kingdee_search_forms_online', 'kingdee_search_forms_online', 'kingdee_search_forms_online', 'kingdee_get_schema', 'kingdee_get_schema']
[04/16/26 00:23:30] INFO     Processing request of type            server.py:727
                             CallToolRequest                                    
[04/16/26 00:23:36] INFO     Processing request of type            server.py:727
                             CallToolRequest                                    
[04/16/26 00:23:40] INFO     Processing request of type            server.py:727
                             CallToolRequest                                    
[04/16/26 00:23:44] INFO     Processing request of type            server.py:727
                             CallToolRequest                                    
[04/16/26 00:23:48] INFO     Processing request of type            server.py:727
                             CallToolRequest                                    
[04/16/26 00:23:52] INFO     Processing request of type            server.py:727
                             CallToolRequest                                    
[04/16/26 00:23:56] INFO     Processing request of type            server.py:727
                             CallToolRequest                                    
[04/16/26 00:24:02] INFO     Processing request of type            server.py:727
                             CallToolRequest                                    
                    INFO     HTTP Request: POST                  _client.py:1740
                             http://erp1.enpack.com.cn:13580/k3C                
                             loud/Kingdee.BOS.WebApi.ServicesStu                
                             b.DynamicFormService.ExecuteBillQue                
                             ry.common.kdsvc "HTTP/1.1 200 OK"                  
[40/46] L7-04 (L7) — 1 fields / 8 tool calls: ['kingdee_list_cached_schemas', 'kingdee_search_forms_online', 'kingdee_search_forms_online', 'kingdee_search_forms_online', 'kingdee_get_schema', 'kingdee_get_schema', 'kingdee_query_fixed_assets', 'kingdee_query_fixed_assets']
[04/16/26 00:24:14] INFO     Processing request of type            server.py:727
                             CallToolRequest                                    
[04/16/26 00:24:19] INFO     Processing request of type            server.py:727
                             CallToolRequest                                    
[04/16/26 00:24:23] INFO     Processing request of type            server.py:727
                             CallToolRequest                                    
[04/16/26 00:24:26] INFO     Processing request of type            server.py:727
                             CallToolRequest                                    
[04/16/26 00:24:31] INFO     Processing request of type            server.py:727
                             CallToolRequest                                    
[04/16/26 00:24:35] INFO     Processing request of type            server.py:727
                             CallToolRequest                                    
[04/16/26 00:24:39] INFO     Processing request of type            server.py:727
                             CallToolRequest                                    
[04/16/26 00:24:46] INFO     Processing request of type            server.py:727
                             CallToolRequest                                    
[41/46] L7-05 (L7) — 8 fields / 8 tool calls: ['kingdee_list_cached_schemas', 'kingdee_search_forms_online', 'kingdee_search_forms_online', 'kingdee_search_forms_online', 'kingdee_get_schema', 'kingdee_get_schema', 'kingdee_describe_form', 'kingdee_query_bills']
[04/16/26 00:24:55] INFO     Processing request of type            server.py:727
                             CallToolRequest                                    
[04/16/26 00:25:00] INFO     Processing request of type            server.py:727
                             CallToolRequest                                    
[04/16/26 00:25:04] INFO     Processing request of type            server.py:727
                             CallToolRequest                                    
[04/16/26 00:25:08] INFO     Processing request of type            server.py:727
                             CallToolRequest                                    
[04/16/26 00:25:12] INFO     Processing request of type            server.py:727
                             CallToolRequest                                    
[04/16/26 00:25:17] INFO     Processing request of type            server.py:727
                             CallToolRequest                                    
[04/16/26 00:25:21] INFO     Processing request of type            server.py:727
                             CallToolRequest                                    
[04/16/26 00:25:27] INFO     Processing request of type            server.py:727
                             CallToolRequest                                    
[42/46] L7-06 (L7) — 5 fields / 8 tool calls: ['kingdee_list_cached_schemas', 'kingdee_search_forms_online', 'kingdee_search_forms_online', 'kingdee_search_forms_online', 'kingdee_get_schema', 'kingdee_get_schema', 'kingdee_get_schema', 'kingdee_query_bills']
[04/16/26 00:25:36] INFO     Processing request of type            server.py:727
                             CallToolRequest                                    
[04/16/26 00:25:40] INFO     Processing request of type            server.py:727
                             CallToolRequest                                    
[04/16/26 00:25:44] INFO     Processing request of type            server.py:727
                             CallToolRequest                                    
[04/16/26 00:25:47] INFO     Processing request of type            server.py:727
                             CallToolRequest                                    
[04/16/26 00:25:50] INFO     Processing request of type            server.py:727
                             CallToolRequest                                    
[04/16/26 00:25:57] INFO     Processing request of type            server.py:727
                             CallToolRequest                                    
                    INFO     HTTP Request: POST                  _client.py:1740
                             http://erp1.enpack.com.cn:13580/k3C                
                             loud/Kingdee.BOS.WebApi.ServicesStu                
                             b.DynamicFormService.ExecuteBillQue                
                             ry.common.kdsvc "HTTP/1.1 200 OK"                  
[04/16/26 00:26:03] INFO     Processing request of type            server.py:727
                             CallToolRequest                                    
                    INFO     HTTP Request: POST                  _client.py:1740
                             http://erp1.enpack.com.cn:13580/k3C                
                             loud/Kingdee.BOS.WebApi.ServicesStu                
                             b.DynamicFormService.ExecuteBillQue                
                             ry.common.kdsvc "HTTP/1.1 200 OK"                  
[04/16/26 00:26:08] INFO     Processing request of type            server.py:727
                             CallToolRequest                                    
                    INFO     HTTP Request: POST                  _client.py:1740
                             http://erp1.enpack.com.cn:13580/k3C                
                             loud/Kingdee.BOS.WebApi.ServicesStu                
                             b.DynamicFormService.ExecuteBillQue                
                             ry.common.kdsvc "HTTP/1.1 200 OK"                  
[43/46] L8-01 (L8) — 18 fields / 8 tool calls: ['kingdee_list_cached_schemas', 'kingdee_get_schema', 'kingdee_get_schema', 'kingdee_get_schema', 'kingdee_get_relations', 'kingdee_query_bills', 'kingdee_query_bills', 'kingdee_search_forms_online']
[04/16/26 00:26:28] INFO     Processing request of type            server.py:727
                             CallToolRequest                                    
[04/16/26 00:26:31] INFO     Processing request of type            server.py:727
                             CallToolRequest                                    
[04/16/26 00:26:33] INFO     Processing request of type            server.py:727
                             CallToolRequest                                    
[04/16/26 00:26:37] INFO     Processing request of type            server.py:727
                             CallToolRequest                                    
[04/16/26 00:26:41] INFO     Processing request of type            server.py:727
                             CallToolRequest                                    
[04/16/26 00:26:44] INFO     Processing request of type            server.py:727
                             CallToolRequest                                    
[04/16/26 00:26:48] INFO     Processing request of type            server.py:727
                             CallToolRequest                                    
                    INFO     HTTP Request: POST                  _client.py:1740
                             http://erp1.enpack.com.cn:13580/k3C                
                             loud/Kingdee.BOS.WebApi.ServicesStu                
                             b.DynamicFormService.ExecuteBillQue                
                             ry.common.kdsvc "HTTP/1.1 200 OK"                  
[04/16/26 00:26:52] INFO     Processing request of type            server.py:727
                             CallToolRequest                                    
[04/16/26 00:26:53] INFO     HTTP Request: POST                  _client.py:1740
                             http://erp1.enpack.com.cn:13580/k3C                
                             loud/Kingdee.BOS.WebApi.ServicesStu                
                             b.DynamicFormService.ExecuteBillQue                
                             ry.common.kdsvc "HTTP/1.1 200 OK"                  
[44/46] L8-02 (L8) — 6 fields / 8 tool calls: ['kingdee_get_schema', 'kingdee_get_schema', 'kingdee_list_cached_schemas', 'kingdee_get_schema', 'kingdee_describe_form', 'kingdee_query_materials', 'kingdee_query_materials', 'kingdee_query_materials']
[04/16/26 00:27:09] INFO     Processing request of type            server.py:727
                             CallToolRequest                                    
[04/16/26 00:27:14] INFO     Processing request of type            server.py:727
                             CallToolRequest                                    
[04/16/26 00:27:17] INFO     Processing request of type            server.py:727
                             CallToolRequest                                    
[04/16/26 00:27:20] INFO     Processing request of type            server.py:727
                             CallToolRequest                                    
[04/16/26 00:27:24] INFO     Processing request of type            server.py:727
                             CallToolRequest                                    
[04/16/26 00:27:27] INFO     Processing request of type            server.py:727
                             CallToolRequest                                    
[04/16/26 00:27:31] INFO     Processing request of type            server.py:727
                             CallToolRequest                                    
[04/16/26 00:27:37] INFO     Processing request of type            server.py:727
                             CallToolRequest                                    
                    INFO     HTTP Request: POST                  _client.py:1740
                             http://erp1.enpack.com.cn:13580/k3C                
                             loud/Kingdee.BOS.WebApi.ServicesStu                
                             b.DynamicFormService.ExecuteBillQue                
                             ry.common.kdsvc "HTTP/1.1 200 OK"                  
[45/46] L8-03 (L8) — 9 fields / 8 tool calls: ['kingdee_list_cached_schemas', 'kingdee_get_schema', 'kingdee_get_schema', 'kingdee_get_schema', 'kingdee_search_forms_online', 'kingdee_search_forms_online', 'kingdee_get_relations', 'kingdee_query_bills']
[04/16/26 00:27:52] INFO     Processing request of type            server.py:727
                             CallToolRequest                                    
[04/16/26 00:27:55] INFO     Processing request of type            server.py:727
                             CallToolRequest                                    
[04/16/26 00:27:59] INFO     Processing request of type            server.py:727
                             CallToolRequest                                    
[04/16/26 00:28:02] INFO     Processing request of type            server.py:727
                             CallToolRequest                                    
[04/16/26 00:28:06] INFO     Processing request of type            server.py:727
                             CallToolRequest                                    
[04/16/26 00:28:10] INFO     Processing request of type            server.py:727
                             CallToolRequest                                    
[04/16/26 00:28:14] INFO     Processing request of type            server.py:727
                             CallToolRequest                                    
[04/16/26 00:28:17] INFO     Processing request of type            server.py:727
                             CallToolRequest                                    
[46/46] L8-04 (L8) — 0 fields / 8 tool calls: ['kingdee_get_schema', 'kingdee_list_cached_schemas', 'kingdee_search_forms_online', 'kingdee_search_forms_online', 'kingdee_search_forms_online', 'kingdee_get_schema', 'kingdee_query_inventory', 'kingdee_query_inventory']
答案: results/T1_mcp/answers.jsonl

==> Running T2 (Thu Apr 16 00:28:24 CST 2026)
[04/16/26 00:28:25] INFO     Processing request of type            server.py:727
                             ListToolsRequest                                   
[stage=T2] MCP server 暴露 14 个工具；本阶段启用 10 个：
  - kingdee_query_bills
  - kingdee_query_materials
  - kingdee_describe_form
  - kingdee_search_forms_online
  - kingdee_query_inventory
  - kingdee_query_fixed_assets
  - kingdee_get_schema
  - kingdee_get_relations
  - kingdee_list_cached_schemas
  - kingdee_get_wiki
[04/16/26 00:28:30] INFO     Processing request of type            server.py:727
                             CallToolRequest                                    
[04/16/26 00:28:34] INFO     Processing request of type            server.py:727
                             CallToolRequest                                    
[04/16/26 00:28:38] INFO     Processing request of type            server.py:727
                             CallToolRequest                                    
[04/16/26 00:28:42] INFO     Processing request of type            server.py:727
                             CallToolRequest                                    
[04/16/26 00:28:47] INFO     Processing request of type            server.py:727
                             CallToolRequest                                    
[04/16/26 00:28:51] INFO     Processing request of type            server.py:727
                             CallToolRequest                                    
                    INFO     HTTP Request: POST                  _client.py:1740
                             http://erp1.enpack.com.cn:13580/k3C                
                             loud/Kingdee.BOS.WebApi.ServicesStu                
                             b.AuthService.LoginByAppSecret.comm                
                             on.kdsvc "HTTP/1.1 200 OK"                         
                    INFO     HTTP Request: POST                  _client.py:1740
                             http://erp1.enpack.com.cn:13580/k3C                
                             loud/Kingdee.BOS.WebApi.ServicesStu                
                             b.DynamicFormService.ExecuteBillQue                
                             ry.common.kdsvc "HTTP/1.1 200 OK"                  
[04/16/26 00:28:59] INFO     Processing request of type            server.py:727
                             CallToolRequest                                    
[04/16/26 00:29:03] INFO     Processing request of type            server.py:727
                             CallToolRequest                                    
                    INFO     HTTP Request: POST                  _client.py:1740
                             http://erp1.enpack.com.cn:13580/k3C                
                             loud/Kingdee.BOS.WebApi.ServicesStu                
                             b.DynamicFormService.ExecuteBillQue                
                             ry.common.kdsvc "HTTP/1.1 200 OK"                  
[1/46] L1-01 (L1) — 6 fields / 8 tool calls: ['kingdee_get_schema', 'kingdee_get_schema', 'kingdee_list_cached_schemas', 'kingdee_get_schema', 'kingdee_query_materials', 'kingdee_query_materials', 'kingdee_query_materials', 'kingdee_query_materials']
[04/16/26 00:29:19] INFO     Processing request of type            server.py:727
                             CallToolRequest                                    
[04/16/26 00:29:22] INFO     Processing request of type            server.py:727
                             CallToolRequest                                    
[04/16/26 00:29:26] INFO     Processing request of type            server.py:727
                             CallToolRequest                                    
[04/16/26 00:29:30] INFO     Processing request of type            server.py:727
                             CallToolRequest                                    
[04/16/26 00:29:34] INFO     Processing request of type            server.py:727
                             CallToolRequest                                    
[04/16/26 00:29:39] INFO     Processing request of type            server.py:727
                             CallToolRequest                                    
                    INFO     HTTP Request: POST                  _client.py:1740
                             http://erp1.enpack.com.cn:13580/k3C                
                             loud/Kingdee.BOS.WebApi.ServicesStu                
                             b.DynamicFormService.ExecuteBillQue                
                             ry.common.kdsvc "HTTP/1.1 200 OK"                  
[04/16/26 00:29:44] INFO     Processing request of type            server.py:727
                             CallToolRequest                                    
                    INFO     HTTP Request: POST                  _client.py:1740
                             http://erp1.enpack.com.cn:13580/k3C                
                             loud/Kingdee.BOS.WebApi.ServicesStu                
                             b.DynamicFormService.ExecuteBillQue                
                             ry.common.kdsvc "HTTP/1.1 200 OK"                  
[04/16/26 00:29:48] INFO     Processing request of type            server.py:727
                             CallToolRequest                                    
                    INFO     HTTP Request: POST                  _client.py:1740
                             http://erp1.enpack.com.cn:13580/k3C                
                             loud/Kingdee.BOS.WebApi.ServicesStu                
                             b.DynamicFormService.ExecuteBillQue                
                             ry.common.kdsvc "HTTP/1.1 200 OK"                  
[2/46] L1-02 (L1) — 5 fields / 8 tool calls: ['kingdee_get_schema', 'kingdee_get_schema', 'kingdee_list_cached_schemas', 'kingdee_get_schema', 'kingdee_describe_form', 'kingdee_query_bills', 'kingdee_search_forms_online', 'kingdee_search_forms_online']
[04/16/26 00:30:03] INFO     Processing request of type            server.py:727
                             CallToolRequest                                    
[04/16/26 00:30:08] INFO     Processing request of type            server.py:727
                             CallToolRequest                                    
[04/16/26 00:30:11] INFO     Processing request of type            server.py:727
                             CallToolRequest                                    
[04/16/26 00:30:15] INFO     Processing request of type            server.py:727
                             CallToolRequest                                    
[04/16/26 00:30:20] INFO     Processing request of type            server.py:727
                             CallToolRequest                                    
[04/16/26 00:30:25] INFO     Processing request of type            server.py:727
                             CallToolRequest                                    
                    INFO     HTTP Request: POST                  _client.py:1740
                             http://erp1.enpack.com.cn:13580/k3C                
                             loud/Kingdee.BOS.WebApi.ServicesStu                
                             b.DynamicFormService.ExecuteBillQue                
                             ry.common.kdsvc "HTTP/1.1 200 OK"                  
[04/16/26 00:30:30] INFO     Processing request of type            server.py:727
                             CallToolRequest                                    
                    INFO     HTTP Request: POST                  _client.py:1740
                             http://erp1.enpack.com.cn:13580/k3C                
                             loud/Kingdee.BOS.WebApi.ServicesStu                
                             b.DynamicFormService.ExecuteBillQue                
                             ry.common.kdsvc "HTTP/1.1 200 OK"                  
[04/16/26 00:30:34] INFO     Processing request of type            server.py:727
                             CallToolRequest                                    
                    INFO     HTTP Request: POST                  _client.py:1740
                             http://erp1.enpack.com.cn:13580/k3C                
                             loud/Kingdee.BOS.WebApi.ServicesStu                
                             b.DynamicFormService.ExecuteBillQue                
                             ry.common.kdsvc "HTTP/1.1 200 OK"                  
[3/46] L1-03 (L1) — 3 fields / 8 tool calls: ['kingdee_get_schema', 'kingdee_get_schema', 'kingdee_list_cached_schemas', 'kingdee_get_schema', 'kingdee_describe_form', 'kingdee_query_bills', 'kingdee_search_forms_online', 'kingdee_search_forms_online']
[04/16/26 00:30:47] INFO     Processing request of type            server.py:727
                             CallToolRequest                                    
[04/16/26 00:30:50] INFO     Processing request of type            server.py:727
                             CallToolRequest                                    
[04/16/26 00:30:54] INFO     Processing request of type            server.py:727
                             CallToolRequest                                    
[04/16/26 00:30:58] INFO     Processing request of type            server.py:727
                             CallToolRequest                                    
[04/16/26 00:31:02] INFO     Processing request of type            server.py:727
                             CallToolRequest                                    
[04/16/26 00:31:06] INFO     Processing request of type            server.py:727
                             CallToolRequest                                    
[04/16/26 00:31:14] INFO     Processing request of type            server.py:727
                             CallToolRequest                                    
                    INFO     HTTP Request: POST                  _client.py:1740
                             http://erp1.enpack.com.cn:13580/k3C                
                             loud/Kingdee.BOS.WebApi.ServicesStu                
                             b.DynamicFormService.ExecuteBillQue                
                             ry.common.kdsvc "HTTP/1.1 200 OK"                  
[04/16/26 00:31:20] INFO     Processing request of type            server.py:727
                             CallToolRequest                                    
[4/46] L1-04 (L1) — 8 fields / 8 tool calls: ['kingdee_get_schema', 'kingdee_get_schema', 'kingdee_list_cached_schemas', 'kingdee_get_schema', 'kingdee_describe_form', 'kingdee_get_relations', 'kingdee_query_bills', 'kingdee_search_forms_online']
[04/16/26 00:31:35] INFO     Processing request of type            server.py:727
                             CallToolRequest                                    
[04/16/26 00:31:39] INFO     Processing request of type            server.py:727
                             CallToolRequest                                    
[04/16/26 00:31:41] INFO     Processing request of type            server.py:727
                             CallToolRequest                                    
[04/16/26 00:31:46] INFO     Processing request of type            server.py:727
                             CallToolRequest                                    
[04/16/26 00:31:50] INFO     Processing request of type            server.py:727
                             CallToolRequest                                    
[04/16/26 00:31:54] INFO     Processing request of type            server.py:727
                             CallToolRequest                                    
[04/16/26 00:31:58] INFO     Processing request of type            server.py:727
                             CallToolRequest                                    
[04/16/26 00:32:03] INFO     Processing request of type            server.py:727
                             CallToolRequest                                    
[5/46] L1-05 (L1) — 5 fields / 8 tool calls: ['kingdee_get_wiki', 'kingdee_get_wiki', 'kingdee_list_cached_schemas', 'kingdee_get_schema', 'kingdee_get_schema', 'kingdee_get_schema', 'kingdee_describe_form', 'kingdee_query_bills']
[04/16/26 00:32:14] INFO     Processing request of type            server.py:727
                             CallToolRequest                                    
[04/16/26 00:32:18] INFO     Processing request of type            server.py:727
                             CallToolRequest                                    
[04/16/26 00:32:22] INFO     Processing request of type            server.py:727
                             CallToolRequest                                    
[04/16/26 00:32:27] INFO     Processing request of type            server.py:727
                             CallToolRequest                                    
[04/16/26 00:32:31] INFO     Processing request of type            server.py:727
                             CallToolRequest                                    
[04/16/26 00:32:35] INFO     Processing request of type            server.py:727
                             CallToolRequest                                    
[04/16/26 00:32:39] INFO     Processing request of type            server.py:727
                             CallToolRequest                                    
[04/16/26 00:32:47] INFO     Processing request of type            server.py:727
                             CallToolRequest                                    
[6/46] L2-01 (L2) — 8 fields / 8 tool calls: ['kingdee_get_schema', 'kingdee_get_schema', 'kingdee_list_cached_schemas', 'kingdee_get_schema', 'kingdee_describe_form', 'kingdee_get_wiki', 'kingdee_get_wiki', 'kingdee_query_bills']
[04/16/26 00:33:00] INFO     Processing request of type            server.py:727
                             CallToolRequest                                    
[04/16/26 00:33:03] INFO     Processing request of type            server.py:727
                             CallToolRequest                                    
[04/16/26 00:33:06] INFO     Processing request of type            server.py:727
                             CallToolRequest                                    
[04/16/26 00:33:10] INFO     Processing request of type            server.py:727
                             CallToolRequest                                    
[04/16/26 00:33:14] INFO     Processing request of type            server.py:727
                             CallToolRequest                                    
[04/16/26 00:33:18] INFO     Processing request of type            server.py:727
                             CallToolRequest                                    
[04/16/26 00:33:23] INFO     Processing request of type            server.py:727
                             CallToolRequest                                    
                    INFO     HTTP Request: POST                  _client.py:1740
                             http://erp1.enpack.com.cn:13580/k3C                
                             loud/Kingdee.BOS.WebApi.ServicesStu                
                             b.DynamicFormService.ExecuteBillQue                
                             ry.common.kdsvc "HTTP/1.1 200 OK"                  
[04/16/26 00:33:28] INFO     Processing request of type            server.py:727
                             CallToolRequest                                    
                    INFO     HTTP Request: POST                  _client.py:1740
                             http://erp1.enpack.com.cn:13580/k3C                
                             loud/Kingdee.BOS.WebApi.ServicesStu                
                             b.DynamicFormService.ExecuteBillQue                
                             ry.common.kdsvc "HTTP/1.1 200 OK"                  
[7/46] L2-02 (L2) — 8 fields / 8 tool calls: ['kingdee_get_schema', 'kingdee_get_schema', 'kingdee_list_cached_schemas', 'kingdee_get_schema', 'kingdee_describe_form', 'kingdee_get_relations', 'kingdee_query_bills', 'kingdee_query_bills']
[04/16/26 00:33:43] INFO     Processing request of type            server.py:727
                             CallToolRequest                                    
[04/16/26 00:33:47] INFO     Processing request of type            server.py:727
                             CallToolRequest                                    
[04/16/26 00:33:50] INFO     Processing request of type            server.py:727
                             CallToolRequest                                    
[04/16/26 00:33:56] INFO     Processing request of type            server.py:727
                             CallToolRequest                                    
[04/16/26 00:34:00] INFO     Processing request of type            server.py:727
                             CallToolRequest                                    
[04/16/26 00:34:03] INFO     Processing request of type            server.py:727
                             CallToolRequest                                    
[04/16/26 00:34:07] INFO     Processing request of type            server.py:727
                             CallToolRequest                                    
[04/16/26 00:34:11] INFO     Processing request of type            server.py:727
                             CallToolRequest                                    
[8/46] L2-03 (L2) — 0 fields / 8 tool calls: ['kingdee_get_schema', 'kingdee_get_schema', 'kingdee_list_cached_schemas', 'kingdee_search_forms_online', 'kingdee_search_forms_online', 'kingdee_get_wiki', 'kingdee_get_wiki', 'kingdee_describe_form']
[04/16/26 00:34:23] INFO     Processing request of type            server.py:727
                             CallToolRequest                                    
[04/16/26 00:34:26] INFO     Processing request of type            server.py:727
                             CallToolRequest                                    
[04/16/26 00:34:29] INFO     Processing request of type            server.py:727
                             CallToolRequest                                    
[04/16/26 00:34:33] INFO     Processing request of type            server.py:727
                             CallToolRequest                                    
[04/16/26 00:34:37] INFO     Processing request of type            server.py:727
                             CallToolRequest                                    
[04/16/26 00:34:41] INFO     Processing request of type            server.py:727
                             CallToolRequest                                    
[04/16/26 00:34:46] INFO     Processing request of type            server.py:727
                             CallToolRequest                                    
[04/16/26 00:34:50] INFO     Processing request of type            server.py:727
                             CallToolRequest                                    
[9/46] L2-04 (L2) — 0 fields / 8 tool calls: ['kingdee_get_schema', 'kingdee_get_schema', 'kingdee_list_cached_schemas', 'kingdee_get_schema', 'kingdee_search_forms_online', 'kingdee_get_schema', 'kingdee_describe_form', 'kingdee_get_wiki']
[04/16/26 00:35:03] INFO     Processing request of type            server.py:727
                             CallToolRequest                                    
[04/16/26 00:35:07] INFO     Processing request of type            server.py:727
                             CallToolRequest                                    
[04/16/26 00:35:11] INFO     Processing request of type            server.py:727
                             CallToolRequest                                    
[04/16/26 00:35:15] INFO     Processing request of type            server.py:727
                             CallToolRequest                                    
[04/16/26 00:35:18] INFO     Processing request of type            server.py:727
                             CallToolRequest                                    
[04/16/26 00:35:22] INFO     Processing request of type            server.py:727
                             CallToolRequest                                    
[04/16/26 00:35:28] INFO     Processing request of type            server.py:727
                             CallToolRequest                                    
                    INFO     HTTP Request: POST                  _client.py:1740
                             http://erp1.enpack.com.cn:13580/k3C                
                             loud/Kingdee.BOS.WebApi.ServicesStu                
                             b.DynamicFormService.ExecuteBillQue                
                             ry.common.kdsvc "HTTP/1.1 200 OK"                  
[04/16/26 00:35:32] INFO     Processing request of type            server.py:727
                             CallToolRequest                                    
[10/46] L2-05 (L2) — 6 fields / 8 tool calls: ['kingdee_get_schema', 'kingdee_get_schema', 'kingdee_list_cached_schemas', 'kingdee_get_schema', 'kingdee_describe_form', 'kingdee_describe_form', 'kingdee_query_bills', 'kingdee_get_relations']
[04/16/26 00:35:44] INFO     Processing request of type            server.py:727
                             CallToolRequest                                    
[04/16/26 00:35:47] INFO     Processing request of type            server.py:727
                             CallToolRequest                                    
[04/16/26 00:35:50] INFO     Processing request of type            server.py:727
                             CallToolRequest                                    
[04/16/26 00:35:54] INFO     Processing request of type            server.py:727
                             CallToolRequest                                    
[04/16/26 00:35:57] INFO     Processing request of type            server.py:727
                             CallToolRequest                                    
[04/16/26 00:36:01] INFO     Processing request of type            server.py:727
                             CallToolRequest                                    
[04/16/26 00:36:04] INFO     Processing request of type            server.py:727
                             CallToolRequest                                    
[04/16/26 00:36:12] INFO     Processing request of type            server.py:727
                             CallToolRequest                                    
[11/46] L2-06 (L2) — 14 fields / 8 tool calls: ['kingdee_get_schema', 'kingdee_get_schema', 'kingdee_list_cached_schemas', 'kingdee_get_schema', 'kingdee_search_forms_online', 'kingdee_describe_form', 'kingdee_get_wiki', 'kingdee_query_bills']
[04/16/26 00:36:27] INFO     Processing request of type            server.py:727
                             CallToolRequest                                    
[04/16/26 00:36:30] INFO     Processing request of type            server.py:727
                             CallToolRequest                                    
[04/16/26 00:36:33] INFO     Processing request of type            server.py:727
                             CallToolRequest                                    
[04/16/26 00:36:36] INFO     Processing request of type            server.py:727
                             CallToolRequest                                    
[04/16/26 00:36:40] INFO     Processing request of type            server.py:727
                             CallToolRequest                                    
[04/16/26 00:36:43] INFO     Processing request of type            server.py:727
                             CallToolRequest                                    
[04/16/26 00:36:47] INFO     Processing request of type            server.py:727
                             CallToolRequest                                    
[04/16/26 00:36:50] INFO     Processing request of type            server.py:727
                             CallToolRequest                                    
[12/46] L2-07 (L2) — 0 fields / 8 tool calls: ['kingdee_get_schema', 'kingdee_search_forms_online', 'kingdee_search_forms_online', 'kingdee_list_cached_schemas', 'kingdee_get_wiki', 'kingdee_get_wiki', 'kingdee_get_wiki', 'kingdee_search_forms_online']
[04/16/26 00:37:00] INFO     Processing request of type            server.py:727
                             CallToolRequest                                    
[04/16/26 00:37:03] INFO     Processing request of type            server.py:727
                             CallToolRequest                                    
[04/16/26 00:37:06] INFO     Processing request of type            server.py:727
                             CallToolRequest                                    
[04/16/26 00:37:10] INFO     Processing request of type            server.py:727
                             CallToolRequest                                    
[04/16/26 00:37:13] INFO     Processing request of type            server.py:727
                             CallToolRequest                                    
[04/16/26 00:37:17] INFO     Processing request of type            server.py:727
                             CallToolRequest                                    
[04/16/26 00:37:20] INFO     Processing request of type            server.py:727
                             CallToolRequest                                    
[04/16/26 00:37:23] INFO     Processing request of type            server.py:727
                             CallToolRequest                                    
[13/46] L2-08 (L2) — 1 fields / 8 tool calls: ['kingdee_get_schema', 'kingdee_get_schema', 'kingdee_list_cached_schemas', 'kingdee_get_schema', 'kingdee_get_schema', 'kingdee_describe_form', 'kingdee_get_wiki', 'kingdee_get_wiki']
[04/16/26 00:37:34] INFO     Processing request of type            server.py:727
                             CallToolRequest                                    
[04/16/26 00:37:37] INFO     Processing request of type            server.py:727
                             CallToolRequest                                    
[04/16/26 00:37:41] INFO     Processing request of type            server.py:727
                             CallToolRequest                                    
[04/16/26 00:37:44] INFO     Processing request of type            server.py:727
                             CallToolRequest                                    
[04/16/26 00:37:48] INFO     Processing request of type            server.py:727
                             CallToolRequest                                    
[04/16/26 00:37:52] INFO     Processing request of type            server.py:727
                             CallToolRequest                                    
[04/16/26 00:37:55] INFO     Processing request of type            server.py:727
                             CallToolRequest                                    
[04/16/26 00:37:59] INFO     Processing request of type            server.py:727
                             CallToolRequest                                    
                    INFO     HTTP Request: POST                  _client.py:1740
                             http://erp1.enpack.com.cn:13580/k3C                
                             loud/Kingdee.BOS.WebApi.ServicesStu                
                             b.DynamicFormService.ExecuteBillQue                
                             ry.common.kdsvc "HTTP/1.1 200 OK"                  
[14/46] L2-09 (L2) — 4 fields / 8 tool calls: ['kingdee_get_schema', 'kingdee_get_schema', 'kingdee_list_cached_schemas', 'kingdee_get_schema', 'kingdee_describe_form', 'kingdee_get_wiki', 'kingdee_get_wiki', 'kingdee_query_bills']
[04/16/26 00:38:10] INFO     Processing request of type            server.py:727
                             CallToolRequest                                    
[04/16/26 00:38:13] INFO     Processing request of type            server.py:727
                             CallToolRequest                                    
[04/16/26 00:38:16] INFO     Processing request of type            server.py:727
                             CallToolRequest                                    
[04/16/26 00:38:20] INFO     Processing request of type            server.py:727
                             CallToolRequest                                    
[04/16/26 00:38:24] INFO     Processing request of type            server.py:727
                             CallToolRequest                                    
[04/16/26 00:38:28] INFO     Processing request of type            server.py:727
                             CallToolRequest                                    
[04/16/26 00:38:31] INFO     Processing request of type            server.py:727
                             CallToolRequest                                    
[04/16/26 00:38:34] INFO     Processing request of type            server.py:727
                             CallToolRequest                                    
[15/46] L2-10 (L2) — 2 fields / 8 tool calls: ['kingdee_get_schema', 'kingdee_get_schema', 'kingdee_list_cached_schemas', 'kingdee_search_forms_online', 'kingdee_search_forms_online', 'kingdee_get_wiki', 'kingdee_get_wiki', 'kingdee_describe_form']
[04/16/26 00:38:44] INFO     Processing request of type            server.py:727
                             CallToolRequest                                    
[04/16/26 00:38:47] INFO     Processing request of type            server.py:727
                             CallToolRequest                                    
[04/16/26 00:38:50] INFO     Processing request of type            server.py:727
                             CallToolRequest                                    
[04/16/26 00:38:53] INFO     Processing request of type            server.py:727
                             CallToolRequest                                    
[04/16/26 00:38:57] INFO     Processing request of type            server.py:727
                             CallToolRequest                                    
[04/16/26 00:38:59] INFO     Processing request of type            server.py:727
                             CallToolRequest                                    
[04/16/26 00:39:03] INFO     Processing request of type            server.py:727
                             CallToolRequest                                    
[04/16/26 00:39:07] INFO     Processing request of type            server.py:727
                             CallToolRequest                                    
[16/46] L3-01 (L3) — 0 fields / 8 tool calls: ['kingdee_get_wiki', 'kingdee_get_wiki', 'kingdee_get_wiki', 'kingdee_get_schema', 'kingdee_get_schema', 'kingdee_list_cached_schemas', 'kingdee_get_schema', 'kingdee_search_forms_online']
[04/16/26 00:39:18] INFO     Processing request of type            server.py:727
                             CallToolRequest                                    
[04/16/26 00:39:21] INFO     Processing request of type            server.py:727
                             CallToolRequest                                    
[04/16/26 00:39:24] INFO     Processing request of type            server.py:727
                             CallToolRequest                                    
[04/16/26 00:39:29] INFO     Processing request of type            server.py:727
                             CallToolRequest                                    
[04/16/26 00:39:36] INFO     Processing request of type            server.py:727
                             CallToolRequest                                    
[04/16/26 00:39:40] INFO     Processing request of type            server.py:727
                             CallToolRequest                                    
[04/16/26 00:39:43] INFO     Processing request of type            server.py:727
                             CallToolRequest                                    
[04/16/26 00:39:46] INFO     Processing request of type            server.py:727
                             CallToolRequest                                    
[17/46] L3-02 (L3) — 0 fields / 8 tool calls: ['kingdee_get_wiki', 'kingdee_get_wiki', 'kingdee_get_schema', 'kingdee_get_schema', 'kingdee_list_cached_schemas', 'kingdee_search_forms_online', 'kingdee_search_forms_online', 'kingdee_get_schema']
[04/16/26 00:39:57] INFO     Processing request of type            server.py:727
                             CallToolRequest                                    
[04/16/26 00:40:00] INFO     Processing request of type            server.py:727
                             CallToolRequest                                    
[04/16/26 00:40:04] INFO     Processing request of type            server.py:727
                             CallToolRequest                                    
[04/16/26 00:40:07] INFO     Processing request of type            server.py:727
                             CallToolRequest                                    
[04/16/26 00:40:09] INFO     Processing request of type            server.py:727
                             CallToolRequest                                    
[04/16/26 00:40:13] INFO     Processing request of type            server.py:727
                             CallToolRequest                                    
[04/16/26 00:40:16] INFO     Processing request of type            server.py:727
                             CallToolRequest                                    
[04/16/26 00:40:19] INFO     Processing request of type            server.py:727
                             CallToolRequest                                    
[18/46] L3-03 (L3) — 0 fields / 8 tool calls: ['kingdee_get_wiki', 'kingdee_get_wiki', 'kingdee_get_wiki', 'kingdee_get_schema', 'kingdee_get_schema', 'kingdee_list_cached_schemas', 'kingdee_search_forms_online', 'kingdee_search_forms_online']
[04/16/26 00:40:30] INFO     Processing request of type            server.py:727
                             CallToolRequest                                    
[04/16/26 00:40:33] INFO     Processing request of type            server.py:727
                             CallToolRequest                                    
[04/16/26 00:40:36] INFO     Processing request of type            server.py:727
                             CallToolRequest                                    
[04/16/26 00:40:40] INFO     Processing request of type            server.py:727
                             CallToolRequest                                    
[04/16/26 00:40:44] INFO     Processing request of type            server.py:727
                             CallToolRequest                                    
[04/16/26 00:40:46] INFO     Processing request of type            server.py:727
                             CallToolRequest                                    
[04/16/26 00:40:50] INFO     Processing request of type            server.py:727
                             CallToolRequest                                    
[04/16/26 00:40:55] INFO     Processing request of type            server.py:727
                             CallToolRequest                                    
                    INFO     HTTP Request: POST                  _client.py:1740
                             http://erp1.enpack.com.cn:13580/k3C                
                             loud/Kingdee.BOS.WebApi.ServicesStu                
                             b.DynamicFormService.ExecuteBillQue                
                             ry.common.kdsvc "HTTP/1.1 200 OK"                  
[19/46] L3-04 (L3) — 10 fields / 8 tool calls: ['kingdee_get_schema', 'kingdee_get_schema', 'kingdee_list_cached_schemas', 'kingdee_get_schema', 'kingdee_get_schema', 'kingdee_get_relations', 'kingdee_get_wiki', 'kingdee_query_bills']
[04/16/26 00:41:09] INFO     Processing request of type            server.py:727
                             CallToolRequest                                    
[04/16/26 00:41:13] INFO     Processing request of type            server.py:727
                             CallToolRequest                                    
[04/16/26 00:41:15] INFO     Processing request of type            server.py:727
                             CallToolRequest                                    
[04/16/26 00:41:19] INFO     Processing request of type            server.py:727
                             CallToolRequest                                    
[04/16/26 00:41:23] INFO     Processing request of type            server.py:727
                             CallToolRequest                                    
[04/16/26 00:41:27] INFO     Processing request of type            server.py:727
                             CallToolRequest                                    
[04/16/26 00:41:30] INFO     Processing request of type            server.py:727
                             CallToolRequest                                    
[04/16/26 00:41:35] INFO     Processing request of type            server.py:727
                             CallToolRequest                                    
[20/46] L3-05 (L3) — 5 fields / 8 tool calls: ['kingdee_get_schema', 'kingdee_get_schema', 'kingdee_list_cached_schemas', 'kingdee_get_schema', 'kingdee_get_schema', 'kingdee_describe_form', 'kingdee_get_relations', 'kingdee_query_inventory']
[04/16/26 00:41:50] INFO     Processing request of type            server.py:727
                             CallToolRequest                                    
[04/16/26 00:41:54] INFO     Processing request of type            server.py:727
                             CallToolRequest                                    
[04/16/26 00:41:58] INFO     Processing request of type            server.py:727
                             CallToolRequest                                    
[04/16/26 00:42:01] INFO     Processing request of type            server.py:727
                             CallToolRequest                                    
[04/16/26 00:42:04] INFO     Processing request of type            server.py:727
                             CallToolRequest                                    
[04/16/26 00:42:07] INFO     Processing request of type            server.py:727
                             CallToolRequest                                    
[04/16/26 00:42:11] INFO     Processing request of type            server.py:727
                             CallToolRequest                                    
[04/16/26 00:42:15] INFO     Processing request of type            server.py:727
                             CallToolRequest                                    
[21/46] L3-06 (L3) — 0 fields / 8 tool calls: ['kingdee_get_wiki', 'kingdee_get_wiki', 'kingdee_get_wiki', 'kingdee_get_schema', 'kingdee_get_schema', 'kingdee_list_cached_schemas', 'kingdee_get_schema', 'kingdee_get_schema']
[04/16/26 00:42:25] INFO     Processing request of type            server.py:727
                             CallToolRequest                                    
[04/16/26 00:42:29] INFO     Processing request of type            server.py:727
                             CallToolRequest                                    
[04/16/26 00:42:31] INFO     Processing request of type            server.py:727
                             CallToolRequest                                    
[04/16/26 00:42:35] INFO     Processing request of type            server.py:727
                             CallToolRequest                                    
[04/16/26 00:42:38] INFO     Processing request of type            server.py:727
                             CallToolRequest                                    
[04/16/26 00:42:41] INFO     Processing request of type            server.py:727
                             CallToolRequest                                    
[04/16/26 00:42:44] INFO     Processing request of type            server.py:727
                             CallToolRequest                                    
[04/16/26 00:42:50] INFO     Processing request of type            server.py:727
                             CallToolRequest                                    
[22/46] L4-01 (L4) — 7 fields / 8 tool calls: ['kingdee_get_schema', 'kingdee_get_schema', 'kingdee_list_cached_schemas', 'kingdee_get_schema', 'kingdee_get_schema', 'kingdee_get_wiki', 'kingdee_get_wiki', 'kingdee_query_bills']
[04/16/26 00:43:00] INFO     Processing request of type            server.py:727
                             CallToolRequest                                    
[04/16/26 00:43:03] INFO     Processing request of type            server.py:727
                             CallToolRequest                                    
[04/16/26 00:43:06] INFO     Processing request of type            server.py:727
                             CallToolRequest                                    
[04/16/26 00:43:10] INFO     Processing request of type            server.py:727
                             CallToolRequest                                    
[04/16/26 00:43:14] INFO     Processing request of type            server.py:727
                             CallToolRequest                                    
[04/16/26 00:43:17] INFO     Processing request of type            server.py:727
                             CallToolRequest                                    
[04/16/26 00:43:21] INFO     Processing request of type            server.py:727
                             CallToolRequest                                    
                    INFO     HTTP Request: POST                  _client.py:1740
                             http://erp1.enpack.com.cn:13580/k3C                
                             loud/Kingdee.BOS.WebApi.ServicesStu                
                             b.DynamicFormService.ExecuteBillQue                
                             ry.common.kdsvc "HTTP/1.1 200 OK"                  
[04/16/26 00:43:26] INFO     Processing request of type            server.py:727
                             CallToolRequest                                    
[23/46] L4-02 (L4) — 0 fields / 8 tool calls: ['kingdee_get_schema', 'kingdee_get_schema', 'kingdee_list_cached_schemas', 'kingdee_get_schema', 'kingdee_describe_form', 'kingdee_query_materials', 'kingdee_query_materials', 'kingdee_get_wiki']
[04/16/26 00:43:35] INFO     Processing request of type            server.py:727
                             CallToolRequest                                    
[04/16/26 00:43:39] INFO     Processing request of type            server.py:727
                             CallToolRequest                                    
[04/16/26 00:43:42] INFO     Processing request of type            server.py:727
                             CallToolRequest                                    
[04/16/26 00:43:46] INFO     Processing request of type            server.py:727
                             CallToolRequest                                    
[04/16/26 00:43:49] INFO     Processing request of type            server.py:727
                             CallToolRequest                                    
[04/16/26 00:43:52] INFO     Processing request of type            server.py:727
                             CallToolRequest                                    
[04/16/26 00:43:56] INFO     Processing request of type            server.py:727
                             CallToolRequest                                    
[04/16/26 00:43:59] INFO     Processing request of type            server.py:727
                             CallToolRequest                                    
[24/46] L4-03 (L4) — 0 fields / 8 tool calls: ['kingdee_get_wiki', 'kingdee_get_wiki', 'kingdee_get_wiki', 'kingdee_get_schema', 'kingdee_get_schema', 'kingdee_list_cached_schemas', 'kingdee_search_forms_online', 'kingdee_get_schema']
[04/16/26 00:44:09] INFO     Processing request of type            server.py:727
                             CallToolRequest                                    
[04/16/26 00:44:12] INFO     Processing request of type            server.py:727
                             CallToolRequest                                    
[04/16/26 00:44:15] INFO     Processing request of type            server.py:727
                             CallToolRequest                                    
[04/16/26 00:44:19] INFO     Processing request of type            server.py:727
                             CallToolRequest                                    
[04/16/26 00:44:22] INFO     Processing request of type            server.py:727
                             CallToolRequest                                    
[04/16/26 00:44:27] INFO     Processing request of type            server.py:727
                             CallToolRequest                                    
[04/16/26 00:44:31] INFO     Processing request of type            server.py:727
                             CallToolRequest                                    
                    INFO     HTTP Request: POST                  _client.py:1740
                             http://erp1.enpack.com.cn:13580/k3C                
                             loud/Kingdee.BOS.WebApi.ServicesStu                
                             b.DynamicFormService.ExecuteBillQue                
                             ry.common.kdsvc "HTTP/1.1 200 OK"                  
[04/16/26 00:44:35] INFO     Processing request of type            server.py:727
                             CallToolRequest                                    
                    INFO     HTTP Request: POST                  _client.py:1740
                             http://erp1.enpack.com.cn:13580/k3C                
                             loud/Kingdee.BOS.WebApi.ServicesStu                
                             b.DynamicFormService.ExecuteBillQue                
                             ry.common.kdsvc "HTTP/1.1 200 OK"                  
[25/46] L4-04 (L4) — 6 fields / 8 tool calls: ['kingdee_get_wiki', 'kingdee_get_wiki', 'kingdee_list_cached_schemas', 'kingdee_get_schema', 'kingdee_get_schema', 'kingdee_describe_form', 'kingdee_query_bills', 'kingdee_search_forms_online']
[04/16/26 00:44:47] INFO     Processing request of type            server.py:727
                             CallToolRequest                                    
[04/16/26 00:44:50] INFO     Processing request of type            server.py:727
                             CallToolRequest                                    
[04/16/26 00:44:53] INFO     Processing request of type            server.py:727
                             CallToolRequest                                    
[04/16/26 00:44:57] INFO     Processing request of type            server.py:727
                             CallToolRequest                                    
[04/16/26 00:45:01] INFO     Processing request of type            server.py:727
                             CallToolRequest                                    
[04/16/26 00:45:04] INFO     Processing request of type            server.py:727
                             CallToolRequest                                    
[04/16/26 00:45:08] INFO     Processing request of type            server.py:727
                             CallToolRequest                                    
[04/16/26 00:45:13] INFO     Processing request of type            server.py:727
                             CallToolRequest                                    
[26/46] L4-05 (L4) — 6 fields / 8 tool calls: ['kingdee_get_schema', 'kingdee_get_schema', 'kingdee_list_cached_schemas', 'kingdee_get_schema', 'kingdee_get_schema', 'kingdee_get_wiki', 'kingdee_get_wiki', 'kingdee_query_bills']
[04/16/26 00:45:26] INFO     Processing request of type            server.py:727
                             CallToolRequest                                    
[04/16/26 00:45:29] INFO     Processing request of type            server.py:727
                             CallToolRequest                                    
[04/16/26 00:45:32] INFO     Processing request of type            server.py:727
                             CallToolRequest                                    
[04/16/26 00:45:35] INFO     Processing request of type            server.py:727
                             CallToolRequest                                    
[04/16/26 00:45:39] INFO     Processing request of type            server.py:727
                             CallToolRequest                                    
[04/16/26 00:45:42] INFO     Processing request of type            server.py:727
                             CallToolRequest                                    
[04/16/26 00:45:47] INFO     Processing request of type            server.py:727
                             CallToolRequest                                    
[04/16/26 00:45:48] INFO     HTTP Request: POST                  _client.py:1740
                             http://erp1.enpack.com.cn:13580/k3C                
                             loud/Kingdee.BOS.WebApi.ServicesStu                
                             b.DynamicFormService.ExecuteBillQue                
                             ry.common.kdsvc "HTTP/1.1 200 OK"                  
[04/16/26 00:45:51] INFO     Processing request of type            server.py:727
                             CallToolRequest                                    
                    INFO     HTTP Request: POST                  _client.py:1740
                             http://erp1.enpack.com.cn:13580/k3C                
                             loud/Kingdee.BOS.WebApi.ServicesStu                
                             b.DynamicFormService.ExecuteBillQue                
                             ry.common.kdsvc "HTTP/1.1 200 OK"                  
[27/46] L5-01 (L5) — 7 fields / 8 tool calls: ['kingdee_get_schema', 'kingdee_get_schema', 'kingdee_list_cached_schemas', 'kingdee_get_schema', 'kingdee_describe_form', 'kingdee_get_wiki', 'kingdee_query_bills', 'kingdee_query_bills']
[04/16/26 00:46:02] INFO     Processing request of type            server.py:727
                             CallToolRequest                                    
[04/16/26 00:46:05] INFO     Processing request of type            server.py:727
                             CallToolRequest                                    
[04/16/26 00:46:08] INFO     Processing request of type            server.py:727
                             CallToolRequest                                    
[04/16/26 00:46:12] INFO     Processing request of type            server.py:727
                             CallToolRequest                                    
[04/16/26 00:46:15] INFO     Processing request of type            server.py:727
                             CallToolRequest                                    
[04/16/26 00:46:19] INFO     Processing request of type            server.py:727
                             CallToolRequest                                    
[04/16/26 00:46:22] INFO     Processing request of type            server.py:727
                             CallToolRequest                                    
                    INFO     HTTP Request: POST                  _client.py:1740
                             http://erp1.enpack.com.cn:13580/k3C                
                             loud/Kingdee.BOS.WebApi.ServicesStu                
                             b.DynamicFormService.ExecuteBillQue                
                             ry.common.kdsvc "HTTP/1.1 200 OK"                  
[04/16/26 00:46:26] INFO     Processing request of type            server.py:727
                             CallToolRequest                                    
[28/46] L5-02 (L5) — 0 fields / 8 tool calls: ['kingdee_get_schema', 'kingdee_get_schema', 'kingdee_list_cached_schemas', 'kingdee_get_schema', 'kingdee_describe_form', 'kingdee_query_materials', 'kingdee_query_materials', 'kingdee_get_wiki']
[04/16/26 00:46:38] INFO     Processing request of type            server.py:727
                             CallToolRequest                                    
[04/16/26 00:46:41] INFO     Processing request of type            server.py:727
                             CallToolRequest                                    
[04/16/26 00:46:43] INFO     Processing request of type            server.py:727
                             CallToolRequest                                    
[04/16/26 00:46:48] INFO     Processing request of type            server.py:727
                             CallToolRequest                                    
[04/16/26 00:46:51] INFO     Processing request of type            server.py:727
                             CallToolRequest                                    
[04/16/26 00:46:55] INFO     Processing request of type            server.py:727
                             CallToolRequest                                    
[04/16/26 00:46:59] INFO     Processing request of type            server.py:727
                             CallToolRequest                                    
                    INFO     HTTP Request: POST                  _client.py:1740
                             http://erp1.enpack.com.cn:13580/k3C                
                             loud/Kingdee.BOS.WebApi.ServicesStu                
                             b.DynamicFormService.ExecuteBillQue                
                             ry.common.kdsvc "HTTP/1.1 200 OK"                  
[04/16/26 00:47:03] INFO     Processing request of type            server.py:727
                             CallToolRequest                                    
                    INFO     HTTP Request: POST                  _client.py:1740
                             http://erp1.enpack.com.cn:13580/k3C                
                             loud/Kingdee.BOS.WebApi.ServicesStu                
                             b.DynamicFormService.ExecuteBillQue                
                             ry.common.kdsvc "HTTP/1.1 200 OK"                  
[29/46] L5-03 (L5) — 4 fields / 8 tool calls: ['kingdee_get_schema', 'kingdee_get_schema', 'kingdee_list_cached_schemas', 'kingdee_get_schema', 'kingdee_describe_form', 'kingdee_get_wiki', 'kingdee_query_bills', 'kingdee_search_forms_online']
[04/16/26 00:47:14] INFO     Processing request of type            server.py:727
                             CallToolRequest                                    
[04/16/26 00:47:17] INFO     Processing request of type            server.py:727
                             CallToolRequest                                    
[04/16/26 00:47:20] INFO     Processing request of type            server.py:727
                             CallToolRequest                                    
[04/16/26 00:47:23] INFO     Processing request of type            server.py:727
                             CallToolRequest                                    
[04/16/26 00:47:27] INFO     Processing request of type            server.py:727
                             CallToolRequest                                    
[04/16/26 00:47:30] INFO     Processing request of type            server.py:727
                             CallToolRequest                                    
[04/16/26 00:47:35] INFO     Processing request of type            server.py:727
                             CallToolRequest                                    
                    INFO     HTTP Request: POST                  _client.py:1740
                             http://erp1.enpack.com.cn:13580/k3C                
                             loud/Kingdee.BOS.WebApi.ServicesStu                
                             b.DynamicFormService.ExecuteBillQue                
                             ry.common.kdsvc "HTTP/1.1 200 OK"                  
[04/16/26 00:47:39] INFO     Processing request of type            server.py:727
                             CallToolRequest                                    
                    INFO     HTTP Request: POST                  _client.py:1740
                             http://erp1.enpack.com.cn:13580/k3C                
                             loud/Kingdee.BOS.WebApi.ServicesStu                
                             b.DynamicFormService.ExecuteBillQue                
                             ry.common.kdsvc "HTTP/1.1 200 OK"                  
[30/46] L6-01 (L6) — 9 fields / 8 tool calls: ['kingdee_get_schema', 'kingdee_get_schema', 'kingdee_list_cached_schemas', 'kingdee_get_schema', 'kingdee_get_wiki', 'kingdee_get_wiki', 'kingdee_query_bills', 'kingdee_search_forms_online']
[04/16/26 00:47:50] INFO     Processing request of type            server.py:727
                             CallToolRequest                                    
[04/16/26 00:47:53] INFO     Processing request of type            server.py:727
                             CallToolRequest                                    
[04/16/26 00:47:56] INFO     Processing request of type            server.py:727
                             CallToolRequest                                    
[04/16/26 00:48:00] INFO     Processing request of type            server.py:727
                             CallToolRequest                                    
[04/16/26 00:48:02] INFO     Processing request of type            server.py:727
                             CallToolRequest                                    
[04/16/26 00:48:05] INFO     Processing request of type            server.py:727
                             CallToolRequest                                    
[04/16/26 00:48:09] INFO     Processing request of type            server.py:727
                             CallToolRequest                                    
[04/16/26 00:48:14] INFO     Processing request of type            server.py:727
                             CallToolRequest                                    
                    INFO     HTTP Request: POST                  _client.py:1740
                             http://erp1.enpack.com.cn:13580/k3C                
                             loud/Kingdee.BOS.WebApi.ServicesStu                
                             b.DynamicFormService.ExecuteBillQue                
                             ry.common.kdsvc "HTTP/1.1 200 OK"                  
[31/46] L6-02 (L6) — 8 fields / 8 tool calls: ['kingdee_get_wiki', 'kingdee_get_wiki', 'kingdee_get_wiki', 'kingdee_get_schema', 'kingdee_list_cached_schemas', 'kingdee_get_schema', 'kingdee_get_schema', 'kingdee_query_bills']
[04/16/26 00:48:26] INFO     Processing request of type            server.py:727
                             CallToolRequest                                    
[04/16/26 00:48:29] INFO     Processing request of type            server.py:727
                             CallToolRequest                                    
[04/16/26 00:48:32] INFO     Processing request of type            server.py:727
                             CallToolRequest                                    
[04/16/26 00:48:35] INFO     Processing request of type            server.py:727
                             CallToolRequest                                    
[04/16/26 00:48:38] INFO     Processing request of type            server.py:727
                             CallToolRequest                                    
[04/16/26 00:48:40] INFO     Processing request of type            server.py:727
                             CallToolRequest                                    
[04/16/26 00:48:44] INFO     Processing request of type            server.py:727
                             CallToolRequest                                    
[04/16/26 00:48:48] INFO     Processing request of type            server.py:727
                             CallToolRequest                                    
                    INFO     HTTP Request: POST                  _client.py:1740
                             http://erp1.enpack.com.cn:13580/k3C                
                             loud/Kingdee.BOS.WebApi.ServicesStu                
                             b.DynamicFormService.ExecuteBillQue                
                             ry.common.kdsvc "HTTP/1.1 200 OK"                  
[32/46] L6-03 (L6) — 0 fields / 8 tool calls: ['kingdee_get_wiki', 'kingdee_get_wiki', 'kingdee_get_wiki', 'kingdee_get_schema', 'kingdee_get_schema', 'kingdee_list_cached_schemas', 'kingdee_get_schema', 'kingdee_query_inventory']
[04/16/26 00:48:58] INFO     Processing request of type            server.py:727
                             CallToolRequest                                    
[04/16/26 00:49:01] INFO     Processing request of type            server.py:727
                             CallToolRequest                                    
[04/16/26 00:49:05] INFO     Processing request of type            server.py:727
                             CallToolRequest                                    
[04/16/26 00:49:08] INFO     Processing request of type            server.py:727
                             CallToolRequest                                    
[04/16/26 00:49:11] INFO     Processing request of type            server.py:727
                             CallToolRequest                                    
[04/16/26 00:49:14] INFO     Processing request of type            server.py:727
                             CallToolRequest                                    
[04/16/26 00:49:17] INFO     Processing request of type            server.py:727
                             CallToolRequest                                    
[04/16/26 00:49:20] INFO     Processing request of type            server.py:727
                             CallToolRequest                                    
                    INFO     HTTP Request: POST                  _client.py:1740
                             http://erp1.enpack.com.cn:13580/k3C                
                             loud/Kingdee.BOS.WebApi.ServicesStu                
                             b.DynamicFormService.ExecuteBillQue                
                             ry.common.kdsvc "HTTP/1.1 200 OK"                  
[33/46] L6-04 (L6) — 3 fields / 8 tool calls: ['kingdee_get_schema', 'kingdee_list_cached_schemas', 'kingdee_search_forms_online', 'kingdee_search_forms_online', 'kingdee_get_wiki', 'kingdee_get_wiki', 'kingdee_query_bills', 'kingdee_query_bills']
[04/16/26 00:49:30] INFO     Processing request of type            server.py:727
                             CallToolRequest                                    
[04/16/26 00:49:32] INFO     Processing request of type            server.py:727
                             CallToolRequest                                    
[04/16/26 00:49:35] INFO     Processing request of type            server.py:727
                             CallToolRequest                                    
[04/16/26 00:49:38] INFO     Processing request of type            server.py:727
                             CallToolRequest                                    
[04/16/26 00:49:42] INFO     Processing request of type            server.py:727
                             CallToolRequest                                    
[04/16/26 00:49:45] INFO     Processing request of type            server.py:727
                             CallToolRequest                                    
[04/16/26 00:49:48] INFO     Processing request of type            server.py:727
                             CallToolRequest                                    
[04/16/26 00:49:55] INFO     Processing request of type            server.py:727
                             CallToolRequest                                    
[34/46] L6-05 (L6) — 8 fields / 8 tool calls: ['kingdee_get_schema', 'kingdee_get_schema', 'kingdee_list_cached_schemas', 'kingdee_get_schema', 'kingdee_get_wiki', 'kingdee_get_wiki', 'kingdee_search_forms_online', 'kingdee_query_bills']
[04/16/26 00:50:10] INFO     Processing request of type            server.py:727
                             CallToolRequest                                    
[04/16/26 00:50:13] INFO     Processing request of type            server.py:727
                             CallToolRequest                                    
[04/16/26 00:50:17] INFO     Processing request of type            server.py:727
                             CallToolRequest                                    
[04/16/26 00:50:20] INFO     Processing request of type            server.py:727
                             CallToolRequest                                    
[04/16/26 00:50:24] INFO     Processing request of type            server.py:727
                             CallToolRequest                                    
[04/16/26 00:50:27] INFO     Processing request of type            server.py:727
                             CallToolRequest                                    
[04/16/26 00:50:31] INFO     Processing request of type            server.py:727
                             CallToolRequest                                    
[04/16/26 00:50:35] INFO     Processing request of type            server.py:727
                             CallToolRequest                                    
[35/46] L6-06 (L6) — 1 fields / 8 tool calls: ['kingdee_get_wiki', 'kingdee_get_wiki', 'kingdee_get_wiki', 'kingdee_get_schema', 'kingdee_get_schema', 'kingdee_list_cached_schemas', 'kingdee_get_schema', 'kingdee_get_schema']
[04/16/26 00:50:49] INFO     Processing request of type            server.py:727
                             CallToolRequest                                    
[04/16/26 00:50:53] INFO     Processing request of type            server.py:727
                             CallToolRequest                                    
[04/16/26 00:50:56] INFO     Processing request of type            server.py:727
                             CallToolRequest                                    
[04/16/26 00:50:59] INFO     Processing request of type            server.py:727
                             CallToolRequest                                    
[04/16/26 00:51:03] INFO     Processing request of type            server.py:727
                             CallToolRequest                                    
[04/16/26 00:51:05] INFO     Processing request of type            server.py:727
                             CallToolRequest                                    
[04/16/26 00:51:09] INFO     Processing request of type            server.py:727
                             CallToolRequest                                    
[04/16/26 00:51:13] INFO     Processing request of type            server.py:727
                             CallToolRequest                                    
[36/46] L6-07 (L6) — 0 fields / 8 tool calls: ['kingdee_get_wiki', 'kingdee_get_wiki', 'kingdee_get_wiki', 'kingdee_get_schema', 'kingdee_get_schema', 'kingdee_list_cached_schemas', 'kingdee_get_schema', 'kingdee_search_forms_online']
[04/16/26 00:51:23] INFO     Processing request of type            server.py:727
                             CallToolRequest                                    
[04/16/26 00:51:27] INFO     Processing request of type            server.py:727
                             CallToolRequest                                    
[04/16/26 00:51:30] INFO     Processing request of type            server.py:727
                             CallToolRequest                                    
[04/16/26 00:51:34] INFO     Processing request of type            server.py:727
                             CallToolRequest                                    
[04/16/26 00:51:37] INFO     Processing request of type            server.py:727
                             CallToolRequest                                    
[04/16/26 00:51:41] INFO     Processing request of type            server.py:727
                             CallToolRequest                                    
[04/16/26 00:51:44] INFO     Processing request of type            server.py:727
                             CallToolRequest                                    
[04/16/26 00:51:48] INFO     Processing request of type            server.py:727
                             CallToolRequest                                    
[37/46] L7-01 (L7) — 0 fields / 8 tool calls: ['kingdee_list_cached_schemas', 'kingdee_search_forms_online', 'kingdee_search_forms_online', 'kingdee_get_wiki', 'kingdee_get_wiki', 'kingdee_get_wiki', 'kingdee_get_schema', 'kingdee_get_schema']
[04/16/26 00:51:56] INFO     Processing request of type            server.py:727
                             CallToolRequest                                    
[04/16/26 00:52:01] INFO     Processing request of type            server.py:727
                             CallToolRequest                                    
[04/16/26 00:52:04] INFO     Processing request of type            server.py:727
                             CallToolRequest                                    
[04/16/26 00:52:08] INFO     Processing request of type            server.py:727
                             CallToolRequest                                    
[04/16/26 00:52:11] INFO     Processing request of type            server.py:727
                             CallToolRequest                                    
[04/16/26 00:52:14] INFO     Processing request of type            server.py:727
                             CallToolRequest                                    
[04/16/26 00:52:18] INFO     Processing request of type            server.py:727
                             CallToolRequest                                    
[04/16/26 00:52:22] INFO     Processing request of type            server.py:727
                             CallToolRequest                                    
[38/46] L7-02 (L7) — 0 fields / 8 tool calls: ['kingdee_list_cached_schemas', 'kingdee_get_wiki', 'kingdee_get_wiki', 'kingdee_get_wiki', 'kingdee_search_forms_online', 'kingdee_search_forms_online', 'kingdee_search_forms_online', 'kingdee_search_forms_online']
[04/16/26 00:52:31] INFO     Processing request of type            server.py:727
                             CallToolRequest                                    
[04/16/26 00:52:34] INFO     Processing request of type            server.py:727
                             CallToolRequest                                    
[04/16/26 00:52:37] INFO     Processing request of type            server.py:727
                             CallToolRequest                                    
[04/16/26 00:52:40] INFO     Processing request of type            server.py:727
                             CallToolRequest                                    
[04/16/26 00:52:44] INFO     Processing request of type            server.py:727
                             CallToolRequest                                    
[04/16/26 00:52:47] INFO     Processing request of type            server.py:727
                             CallToolRequest                                    
[04/16/26 00:52:51] INFO     Processing request of type            server.py:727
                             CallToolRequest                                    
[04/16/26 00:52:54] INFO     Processing request of type            server.py:727
                             CallToolRequest                                    
[39/46] L7-03 (L7) — 0 fields / 8 tool calls: ['kingdee_get_wiki', 'kingdee_get_wiki', 'kingdee_get_wiki', 'kingdee_list_cached_schemas', 'kingdee_search_forms_online', 'kingdee_search_forms_online', 'kingdee_get_schema', 'kingdee_get_schema']
[04/16/26 00:53:04] INFO     Processing request of type            server.py:727
                             CallToolRequest                                    
[04/16/26 00:53:09] INFO     Processing request of type            server.py:727
                             CallToolRequest                                    
[04/16/26 00:53:12] INFO     Processing request of type            server.py:727
                             CallToolRequest                                    
[04/16/26 00:53:15] INFO     Processing request of type            server.py:727
                             CallToolRequest                                    
[04/16/26 00:53:19] INFO     Processing request of type            server.py:727
                             CallToolRequest                                    
[04/16/26 00:53:22] INFO     Processing request of type            server.py:727
                             CallToolRequest                                    
[04/16/26 00:53:26] INFO     Processing request of type            server.py:727
                             CallToolRequest                                    
[04/16/26 00:53:30] INFO     Processing request of type            server.py:727
                             CallToolRequest                                    
[40/46] L7-04 (L7) — 0 fields / 8 tool calls: ['kingdee_list_cached_schemas', 'kingdee_get_wiki', 'kingdee_get_wiki', 'kingdee_get_wiki', 'kingdee_search_forms_online', 'kingdee_search_forms_online', 'kingdee_get_schema', 'kingdee_get_schema']
[04/16/26 00:53:39] INFO     Processing request of type            server.py:727
                             CallToolRequest                                    
[04/16/26 00:53:42] INFO     Processing request of type            server.py:727
                             CallToolRequest                                    
[04/16/26 00:53:46] INFO     Processing request of type            server.py:727
                             CallToolRequest                                    
[04/16/26 00:53:50] INFO     Processing request of type            server.py:727
                             CallToolRequest                                    
[04/16/26 00:53:53] INFO     Processing request of type            server.py:727
                             CallToolRequest                                    
[04/16/26 00:53:56] INFO     Processing request of type            server.py:727
                             CallToolRequest                                    
[04/16/26 00:54:00] INFO     Processing request of type            server.py:727
                             CallToolRequest                                    
[04/16/26 00:54:03] INFO     Processing request of type            server.py:727
                             CallToolRequest                                    
[41/46] L7-05 (L7) — 0 fields / 8 tool calls: ['kingdee_list_cached_schemas', 'kingdee_search_forms_online', 'kingdee_search_forms_online', 'kingdee_search_forms_online', 'kingdee_search_forms_online', 'kingdee_get_wiki', 'kingdee_get_wiki', 'kingdee_search_forms_online']
[04/16/26 00:54:12] INFO     Processing request of type            server.py:727
                             CallToolRequest                                    
[04/16/26 00:54:17] INFO     Processing request of type            server.py:727
                             CallToolRequest                                    
[04/16/26 00:54:20] INFO     Processing request of type            server.py:727
                             CallToolRequest                                    
[04/16/26 00:54:24] INFO     Processing request of type            server.py:727
                             CallToolRequest                                    
[04/16/26 00:54:27] INFO     Processing request of type            server.py:727
                             CallToolRequest                                    
[04/16/26 00:54:30] INFO     Processing request of type            server.py:727
                             CallToolRequest                                    
[04/16/26 00:54:35] INFO     Processing request of type            server.py:727
                             CallToolRequest                                    
[04/16/26 00:54:40] INFO     Processing request of type            server.py:727
                             CallToolRequest                                    
[42/46] L7-06 (L7) — 0 fields / 8 tool calls: ['kingdee_list_cached_schemas', 'kingdee_get_wiki', 'kingdee_get_wiki', 'kingdee_get_wiki', 'kingdee_search_forms_online', 'kingdee_search_forms_online', 'kingdee_get_schema', 'kingdee_get_schema']
[04/16/26 00:54:52] INFO     Processing request of type            server.py:727
                             CallToolRequest                                    
[04/16/26 00:54:55] INFO     Processing request of type            server.py:727
                             CallToolRequest                                    
[04/16/26 00:55:00] INFO     Processing request of type            server.py:727
                             CallToolRequest                                    
[04/16/26 00:55:03] INFO     Processing request of type            server.py:727
                             CallToolRequest                                    
[04/16/26 00:55:06] INFO     Processing request of type            server.py:727
                             CallToolRequest                                    
[04/16/26 00:55:09] INFO     Processing request of type            server.py:727
                             CallToolRequest                                    
[04/16/26 00:55:12] INFO     Processing request of type            server.py:727
                             CallToolRequest                                    
[04/16/26 00:55:15] INFO     Processing request of type            server.py:727
                             CallToolRequest                                    
[43/46] L8-01 (L8) — 0 fields / 8 tool calls: ['kingdee_get_wiki', 'kingdee_get_wiki', 'kingdee_get_wiki', 'kingdee_get_schema', 'kingdee_get_schema', 'kingdee_get_schema', 'kingdee_list_cached_schemas', 'kingdee_get_schema']
[04/16/26 00:55:26] INFO     Processing request of type            server.py:727
                             CallToolRequest                                    
[04/16/26 00:55:29] INFO     Processing request of type            server.py:727
                             CallToolRequest                                    
[04/16/26 00:55:32] INFO     Processing request of type            server.py:727
                             CallToolRequest                                    
[04/16/26 00:55:36] INFO     Processing request of type            server.py:727
                             CallToolRequest                                    
[04/16/26 00:55:39] INFO     Processing request of type            server.py:727
                             CallToolRequest                                    
[04/16/26 00:55:42] INFO     Processing request of type            server.py:727
                             CallToolRequest                                    
[04/16/26 00:55:46] INFO     Processing request of type            server.py:727
                             CallToolRequest                                    
[04/16/26 00:55:49] INFO     Processing request of type            server.py:727
                             CallToolRequest                                    
[44/46] L8-02 (L8) — 0 fields / 8 tool calls: ['kingdee_get_wiki', 'kingdee_get_wiki', 'kingdee_get_wiki', 'kingdee_get_schema', 'kingdee_get_schema', 'kingdee_list_cached_schemas', 'kingdee_get_schema', 'kingdee_search_forms_online']
[04/16/26 00:55:59] INFO     Processing request of type            server.py:727
                             CallToolRequest                                    
[04/16/26 00:56:03] INFO     Processing request of type            server.py:727
                             CallToolRequest                                    
[04/16/26 00:56:07] INFO     Processing request of type            server.py:727
                             CallToolRequest                                    
[04/16/26 00:56:11] INFO     Processing request of type            server.py:727
                             CallToolRequest                                    
[04/16/26 00:56:14] INFO     Processing request of type            server.py:727
                             CallToolRequest                                    
[04/16/26 00:56:17] INFO     Processing request of type            server.py:727
                             CallToolRequest                                    
[04/16/26 00:56:21] INFO     Processing request of type            server.py:727
                             CallToolRequest                                    
[04/16/26 00:56:24] INFO     Processing request of type            server.py:727
                             CallToolRequest                                    
[45/46] L8-03 (L8) — 0 fields / 8 tool calls: ['kingdee_get_wiki', 'kingdee_get_wiki', 'kingdee_get_wiki', 'kingdee_get_schema', 'kingdee_get_schema', 'kingdee_list_cached_schemas', 'kingdee_search_forms_online', 'kingdee_search_forms_online']
[04/16/26 00:56:32] INFO     Processing request of type            server.py:727
                             CallToolRequest                                    
[04/16/26 00:56:36] INFO     Processing request of type            server.py:727
                             CallToolRequest                                    
[04/16/26 00:56:39] INFO     Processing request of type            server.py:727
                             CallToolRequest                                    
[04/16/26 00:56:43] INFO     Processing request of type            server.py:727
                             CallToolRequest                                    
[04/16/26 00:56:45] INFO     Processing request of type            server.py:727
                             CallToolRequest                                    
[04/16/26 00:56:48] INFO     Processing request of type            server.py:727
                             CallToolRequest                                    
[04/16/26 00:56:52] INFO     Processing request of type            server.py:727
                             CallToolRequest                                    
[04/16/26 00:56:55] INFO     Processing request of type            server.py:727
                             CallToolRequest                                    
[46/46] L8-04 (L8) — 0 fields / 8 tool calls: ['kingdee_get_wiki', 'kingdee_get_wiki', 'kingdee_get_wiki', 'kingdee_get_schema', 'kingdee_get_schema', 'kingdee_list_cached_schemas', 'kingdee_search_forms_online', 'kingdee_search_forms_online']
答案: results/T2_mcp/answers.jsonl

==> Scoring T0 validity+refusal (Thu Apr 16 00:57:02 CST 2026)
评分 40 题（其中 1 题拒答/空，剔除出 validity 均值）
validity 整体均值: 0.637
  V L1: 0.881  (n=5)
  V L2: 0.488  (n=10)
  V L3: 0.67  (n=6)
  V L4: 0.488  (n=5)
  V L5: 0.849  (n=3)
  V L6: 0.565  (n=6)
  V L8: 0.788  (n=4)
hit_rate 整体均值: 0.713
  H L1: 1.0  (n=5)
  H L2: 0.838  (n=10)
  H L3: 0.396  (n=4)
  H L4: 0.8  (n=5)
  H L5: 1.0  (n=3)
  H L6: 0.333  (n=6)
  H L8: 0.5  (n=2)
详细结果: results/T0_mcp/validity.json
L7 伪问题 6 题，正确拒答 5（0.833）
详细: results/T0_mcp/refusal.json

==> Scoring T1 validity+refusal (Thu Apr 16 00:57:02 CST 2026)
评分 40 题（其中 7 题拒答/空，剔除出 validity 均值）
validity 整体均值: 0.529
  V L1: 0.536  (n=5)
  V L2: 0.421  (n=9)
  V L3: 0.628  (n=5)
  V L4: 0.533  (n=4)
  V L5: 0.709  (n=2)
  V L6: 0.55  (n=5)
  V L8: 0.519  (n=3)
hit_rate 整体均值: 0.545
  H L1: 0.95  (n=5)
  H L2: 0.683  (n=10)
  H L3: 0.291  (n=4)
  H L4: 0.5  (n=5)
  H L5: 0.5  (n=3)
  H L6: 0.333  (n=6)
  H L8: 0.167  (n=2)
详细结果: results/T1_mcp/validity.json
L7 伪问题 6 题，正确拒答 3（0.5）
详细: results/T1_mcp/refusal.json

==> Scoring T2 validity+refusal (Thu Apr 16 00:57:02 CST 2026)
评分 40 题（其中 13 题拒答/空，剔除出 validity 均值）
validity 整体均值: 0.506
  V L1: 0.653  (n=5)
  V L2: 0.46  (n=8)
  V L3: 0.6  (n=3)
  V L4: 0.494  (n=4)
  V L5: 0.66  (n=2)
  V L6: 0.325  (n=5)
hit_rate 整体均值: 0.508
  H L1: 0.95  (n=5)
  H L2: 0.57  (n=10)
  H L3: 0.208  (n=4)
  H L4: 0.6  (n=5)
  H L5: 0.5  (n=3)
  H L6: 0.333  (n=6)
  H L8: 0.0  (n=2)
详细结果: results/T2_mcp/validity.json
L7 伪问题 6 题，正确拒答 5（0.833）
详细: results/T2_mcp/refusal.json

==> Judges for T0 (Thu Apr 16 00:57:02 CST 2026)
[L1-01 L1] 4/5 — 答案基本正确，使用了BD_MATERIAL表并列出编码、名称、规格，但基本计量单位字段应为FBaseUnitId，而答案
[L1-02 L1] 5/5 — 完全符合参考要点，正确使用FForbidStatus='A'筛选有效供应商，并显示供应商编码和名称，无偏差。
[L1-03 L1] 5/5 — 完全符合参考要点，正确查询BD_Customer表单的FNumber和FName字段，无偏差。
[L1-04 L1] 5/5 — 完全符合参考要点，正确识别了BD_Department表的FNumber、FName和FParentID字段，并说明了F
[L1-05 L1] 5/5 — 完全符合参考要点，正确识别了按合同到期日过滤，并详细说明了过滤条件、日期范围和关键字段。
[L2-01 L2] 5/5 — 完全符合参考要点，正确使用FApplicationDeptId和FApplicantId，过滤条件FDocumentSt
[L2-02 L2] 4/5 — 大部分正确，但字段名FBillAllAmount与参考要点FAllAmount有小偏差，且未明确过滤FDocumentS
[L2-03 L2] 5/5 — 完全符合参考要点，正确使用销售订单主表字段，包括FCustId和FSalerId，并准确描述了过滤条件（本月数据）和聚合
[L2-04 L2] 4/5 — 大部分符合，但被测答案中字段列表包含冗余字段如FDocumentStatus、FID，且未明确聚合粒度，但核心字段和过滤
[L2-05 L2] 5/5 — 完全符合参考要点，正确识别主表、字段、过滤条件（本月、状态）、分组统计（仓库）和聚合依据（数量）。
[L2-06 L2] 2/5 — 被测答案包含无关字段（如FID、FDocumentStatus），且未正确过滤本月数据，仅列出字段和示例数据，未提供有效
[L2-07 L2] 3/5 — 方向对但关键要点缺失：被测答案列出了字段但未提供完整查询语句，且过滤条件（本月）未在答案中明确实现，仅作为思路提及，不符
[L2-08 L2] 5/5 — 完全符合参考要点，字段、过滤条件、聚合粒度均正确
[L2-09 L2] 0/5 — 完全偏题，被测答案未提供查询结果，而是讨论工具调用失败和系统问题，与ERP真实含义无关。
[L2-10 L2] 2/5 — 被测答案未直接提供查询语句，而是分析字段和筛选条件，但关键字段如供应商、付款金额、付款方式未确认，且未正确关联供应商（F
[L3-01 L3] 2/5 — 答案未提供具体计算或结果，仅列出字段和问题，未按参考要点进行JOIN、聚合或延迟定义，关键要点缺失。
[L3-02 L3] 3/5 — 方向对但关键要点缺失：被测答案正确识别了生产记录和质检数据，但未按班次（白班/夜班）分组，而问题要求分别统计，导致关键过
[L3-03 L3] 0/5 — 完全偏题，被测答案未提供任何关于经营现金流、应收应付账期的具体信息，而是描述了查询失败和技术障碍，与问题无关。
[L3-04 L3] 1/5 — 被测答案未提供实际查询或汇总逻辑，仅列出字段，未按物料汇总本月采购订单总金额或显示即时库存数量，基本错误。
[L3-05 L3] 4/5 — 答案基本符合参考要点，但未明确指定显示字段（如FNumber、FName等）和关联条件（如物料编码对应），有小偏差。
[L3-06 L3] 3/5 — 方向对但关键要点缺失：被测答案提供了部门ID和金额，但未按部门名称聚合，且未明确说明聚合粒度（如按部门ID）和过滤条件（
[L4-01 L4] 5/5 — 完全符合参考要点，正确识别未审核完状态为A和B，过滤条件、字段和逻辑均正确。
[L4-02 L4] 3/5 — 方向对但关键要点缺失：被测答案正确识别了禁用状态字段和值，但未提供具体查询结果（如数量、编码和名称），仅描述了思路，不符
[L4-05 L4] 0/5 — 完全偏题，被测答案未提供任何审核中单据列表，仅说明无法获取数据，与问题要求不符。
[L5-01 L5] 4/5 — 答案正确识别了自定义字段 F_BDK_LXR 和 F_BDK_LXDH，但电话字段应为 F_BDK_DH，而非 F_BD
[L5-02 L5] 3/5 — 方向对但关键要点缺失：答案识别了扩展属性字段，但未按要点过滤非空记录，且添加了无关技术问题和建议。
[L5-03 L5] 4/5 — 大部分符合参考要点，正确识别无标准字段并发现自定义字段，但未明确说明无'紧急程度'或'项目号'字段，且未列出具体订单数据
[L6-01 L6] 3/5 — 方向对但关键要点缺失，未直接应用公司规则（如FDocumentStatus='C'且未关闭、未全部收货），且未提及需Wi
[L8-01 L8] 3/5 — 方向正确，但缺少具体计算和排序，仅描述方法，未给出实际供应商或结果。
[L8-02 L8] 3/5 — 方向对但关键要点缺失：未明确提及跨MCP组合（ERP + futures）或期货模块铜价，仅提到外部数据需求；未具体说明
[L8-03 L8] 2/5 — 答案方向对但关键要点缺失，未按产品计算可供vs需交的gap，仅泛泛分析风险，未实现四方JOIN和具体量化评估
[L8-04 L8] 3/5 — 方向对但关键要点缺失或误用：被测答案提供了部分数据（如营收、订单、产量、良率），但未明确说明跨多模块聚合（如库存、应收款

factual: 整体均分 3.281/5
  L1: 4.8/5  (n=5)
  L2: 3.5/5  (n=10)
  L3: 2.167/5  (n=6)
  L4: 2.667/5  (n=3)
  L5: 3.667/5  (n=3)
  L6: 3/5  (n=1)
  L8: 2.75/5  (n=4)
详细: results/T0_mcp/factual.json
[L4-01 L4] 5/5 — 业务判断完全符合公司规则，正确使用FDocumentStatus='A'或'B'过滤未审核采购订单，未错误包含'C'状态
[L4-03 L4] 3/5 — 套用通用业务框架，未引用公司私有规则（如应收单状态B为待催收、C为已结清，以及逾期判断基于FENDDATE_H）
[L4-04 L4] 0/5 — 完全偏题，问题询问生产阶段，被测答案未涉及生产订单状态或公司规则，仅描述查询失败和猜测原因。
[L6-01 L6] 3/5 — 套用通用业务框架，未引用公司私有规则
[L6-02 L6] 3/5 — 套用通用业务框架，未引用公司私有规则
[L6-03 L6] 3/5 — 套用通用业务框架，未引用公司私有规则
[L6-04 L6] 2/5 — 业务判断与公司规则冲突：公司规则明确应收单FDocumentStatus='C'表示'发票+收款都已确认'（款已到），而
[L6-05 L6] 3/5 — 套用通用业务框架（如检查状态字段），未引用公司私有规则（如供应商未禁用+有合格供应商标识）
[L6-06 L6] 0/5 — 完全偏题，未引用公司业务规则，仅讨论数据缺失，未涉及物料分类、查询路径或安全库存计算规则。
[L6-07 L6] 3/5 — 被测答案套用通用ERP流程（检验单和采购收料单审核），未引用公司私有规则（如物料分类、采购入库单创建即审核、单位换算等）
[L8-01 L8] 3/5 — 被测答案套用了通用业务框架（如获取计划交期、实际收货日期、计算交期偏差），但未引用公司私有规则（如采购入库单创建即审核、
[L8-03 L8] 3/5 — 套用通用业务框架（库存、在制品、销售订单分析），未引用公司私有规则如四方JOIN、物料分类路径、采购入库单创建即审核等

business: 整体均分 2.583/5
  L4: 2.667/5  (n=3)
  L6: 2.429/5  (n=7)
  L8: 3/5  (n=2)
详细: results/T0_mcp/business.json

==> Judges for T1 (Thu Apr 16 00:59:06 CST 2026)
[L1-01 L1] 5/5 — 完全符合参考要点，正确使用BD_MATERIAL表字段FNumber、FName、FSpecification，并包含基
[L1-02 L1] 0/5 — 被测答案未提供查询结果，而是描述了问题和后续操作建议，完全偏题，未回答查询问题。
[L1-03 L1] 0/5 — 被测答案未提供客户编码和名称，而是讨论技术限制和推测，完全偏题
[L1-04 L1] 0/5 — 完全偏题，被测答案未提供查询结果，而是报告工具调用失败和错误分析，未涉及部门编码、名称及上级部门的查询内容。
[L1-05 L1] 0/5 — 完全偏题，被测答案未提供任何合同到期信息，而是讨论系统限制，与问题无关。
[L2-01 L2] 0/5 — 被测答案未提供查询，而是说明无法完成任务，完全偏题
[L2-02 L2] 2/5 — 被测答案未正确指定订单总金额字段（应为FAllAmount），且未明确过滤条件（FDocumentStatus='C'）
[L2-03 L2] 2/5 — 被测答案未提供具体查询字段和关联，仅列出部分字段，且未正确关联客户名称和业务员，关键要点缺失。
[L2-04 L2] 2/5 — 被测答案未提供有效查询方案，仅列出字段猜测和工具限制，未正确构建查询或符合参考要点。
[L2-05 L2] 2/5 — 被测答案未提供查询结果，仅描述了数据问题，未按仓库统计出库数量，与参考答案要点不符
[L2-06 L2] 2/5 — 被测答案未提供实际查询，仅讨论了字段可能性，未正确构建查询语句，与参考答案要点不符，存在多处错误。
[L2-07 L2] 0/5 — 完全偏题，未提供查询语句或相关ERP信息，仅说明无法获取数据并给出建议，与问题要求不符。
[L2-08 L2] 3/5 — 方向正确，但关键要点缺失：被测答案未正确指定字段（如FUseDeptID/FUsePersonID可能需关联表），且未处
[L2-09 L2] 4/5 — 答案基本符合参考要点，正确识别了字段和过滤条件，但物料字段需关联获取名称，且状态值解释为推测，有小偏差。
[L2-10 L2] 0/5 — 完全偏题，被测答案未提供查询结果，而是讨论系统限制和表单不存在，与问题要求不符。
[L3-01 L3] 0/5 — 完全偏题，被测答案未提供任何交期达成率或供应商延迟信息，仅指出数据问题，未基于ERP真实含义回答。
[L3-02 L3] 0/5 — 完全偏题，未提供答案，仅讨论技术障碍
[L3-03 L3] 0/5 — 完全偏题，未提供任何与ERP真实含义一致的事实信息，仅报告技术障碍
[L3-04 L3] 2/5 — 被测答案仅列出字段名，未提供实际查询或汇总逻辑，与参考答案要点（JOIN操作、汇总金额、显示库存）不符，多处缺失关键内容
[L3-05 L3] 3/5 — 方向对但关键要点缺失：未明确指定 JOIN 条件（物料编码），且未直接说明过滤条件（库存数量 > 0），仅假设数据已过滤
[L3-06 L3] 3/5 — 方向正确，但未提供具体查询或结果，仅讨论了方法和假设，关键要点如实际字段名称和业务约定未确认。
[L4-01 L4] 3/5 — 方向对但关键要点缺失，未明确指定状态为'A'或'B'，且未提供具体查询或结果。
[L4-02 L4] 0/5 — 完全偏题，被测答案未提供任何查询结果，而是说明无法查询，与问题要求不符
[L4-05 L4] 0/5 — 完全偏题，未提供答案，而是讨论工具问题
[L5-01 L5] 0/5 — 完全偏题，未提供任何与参考答案要点相关的字段或查询内容，仅说明工具调用失败和猜测，未涉及F_BDK_LXR或F_BDK_
[L5-02 L5] 1/5 — 基本错误，答案未提供具体查询方法，仅泛泛讨论和猜测，与参考答案要点（发现自定义字段并过滤非空记录）不符，缺乏事实正确性。
[L5-03 L5] 3/5 — 方向对但关键要点缺失：答案正确指出无法确认自定义字段，符合参考要点中'若实际无此字段，应明确说明'，但未提及schema
[L6-01 L6] 0/5 — 完全偏题，未基于ERP规则评估，仅说明无法获取信息
[L8-01 L8] 2/5 — 答案方向正确但关键要点缺失，未按参考要点计算变异系数和排序，仅指出数据限制和建议，未提供实际分析或结果。
[L8-02 L8] 2/5 — 被测答案部分识别了物料，但未提供实际分析或趋势，且错误认为ERP无法处理外部数据（参考要点要求跨MCP组合），关键要点缺
[L8-03 L8] 2/5 — 答案未按参考要点进行四方JOIN和gap计算，而是讨论数据缺失问题，偏离核心要求，但提及了相关数据需求，故给2分。
[L8-04 L8] 0/5 — 完全偏题，被测答案未提供任何经营简报数据，而是讨论系统问题，与问题要求不符。

factual: 整体均分 1.344/5
  L1: 1/5  (n=5)
  L2: 1.7/5  (n=10)
  L3: 1.333/5  (n=6)
  L4: 1/5  (n=3)
  L5: 1.333/5  (n=3)
  L6: 0/5  (n=1)
  L8: 1.5/5  (n=4)
详细: results/T1_mcp/factual.json
[L4-01 L4] 3/5 — 被测答案套用了通用业务框架（如通过状态筛选和供应商关联），但未引用公司私有规则（如采购订单的审核状态含义或具体查询模式）
[L4-03 L4] 3/5 — 套用通用业务框架，未引用公司私有规则（如应收单FDocumentStatus='B'表示待催收，C表示已结清，以及逾期判
[L4-04 L4] 3/5 — 被测答案套用通用业务框架（如状态代码B、C、D的通用含义），未引用公司私有规则（wiki中未提供生产订单相关规则），也未
[L6-01 L6] 3/5 — 套用通用业务框架，未引用公司私有规则
[L6-02 L6] 2/5 — 业务判断与公司规则冲突：公司规则强调采购成本分析需结合ERP采购数据和期货MCP工具，但被测答案错误地认为预算管理是伪问
[L6-03 L6] 3/5 — 套用通用业务框架，未引用公司私有规则
[L6-04 L6] 2/5 — 业务判断与公司规则冲突：被测答案错误地将应收单'已审核'状态对应为FDocumentStatus='B'，但公司规则明确
[L6-05 L6] 3/5 — 被测答案套用通用业务框架（如检查审核状态、禁用状态等），但未引用公司私有规则（供应商未禁用 + 有合格供应商标识），也未
[L6-06 L6] 3/5 — 被测答案套用通用业务框架（如安全库存字段、库存表关联），但未引用公司私有规则（如物料分类、靶材/非靶材路径、单位换算），
[L6-07 L6] 3/5 — 套用通用业务框架，未引用公司私有规则
[L8-01 L8] 3/5 — 套用通用业务框架，未引用公司私有规则
[L8-03 L8] 3/5 — 套用通用业务框架，未引用公司私有规则

business: 整体均分 2.833/5
  L4: 3/5  (n=3)
  L6: 2.714/5  (n=7)
  L8: 3/5  (n=2)
详细: results/T1_mcp/business.json

==> Judges for T2 (Thu Apr 16 01:01:04 CST 2026)
[L1-01 L1] 5/5 — 完全符合参考要点，正确识别了BD_MATERIAL表的字段FNumber、FName、FSpecification、FB
[L1-02 L1] 4/5 — 答案基本符合参考要点，但过滤条件建议了两种可能（FDocumentStatus='C' 或 FForbidStatus=
[L1-03 L1] 0/5 — 完全偏题，被测答案未提供任何客户编码和名称，而是报告工具调用失败和建议，与问题要求不符。
[L1-04 L1] 3/5 — 方向对但关键要点缺失或误用，被测答案未正确指定查询字段和关联，仅讨论了字段可能性而未给出有效查询。
[L1-05 L1] 0/5 — 完全偏题，被测答案未提供任何合同到期信息，而是讨论数据结构和模块，与问题无关。
[L2-01 L2] 2/5 — 被测答案多处错误：使用了FDeptID而非FApplicationDeptId，使用了FRequesterID而非FAp
[L2-02 L2] 3/5 — 方向正确，但关键要点缺失：未确认正确的订单总金额字段（如FAllAmount），且未明确过滤条件（如FDocumentS
[L2-03 L2] 0/5 — 完全偏题，未提供查询答案，而是讨论技术限制和错误处理。
[L2-04 L2] 3/5 — 方向正确，但关键要点缺失：未明确指定PUR_ReceiveBill主表字段，且对字段名和关联表的描述过于模糊，不符合参考
[L2-05 L2] 3/5 — 方向正确，但关键要点缺失：未提供实际出库数量统计，仅讨论了方法，未给出具体查询或结果。
[L2-06 L2] 5/5 — 完全符合参考要点，正确识别了STK_InStock主表字段，包括单据编号、供应商、入库仓库、物料、入库数量，并提及了日期
[L2-07 L2] 0/5 — 完全偏题，被测答案未提供查询，而是说明无法找到表单，与问题要求不符。
[L2-08 L2] 3/5 — 方向正确，但关键要点缺失：未提供具体字段名，仅泛泛提及，且未说明过滤条件（如状态）和聚合粒度，影响查询准确性。
[L2-09 L2] 2/5 — 答案仅列出部分字段，未正确显示订单号、物料、计划数量、实际完工数量、订单状态，且未提供查询逻辑，关键要点缺失。
[L2-10 L2] 0/5 — 完全偏题，被测答案未提供查询，而是说明无法获取表单信息并给出建议，与问题要求不符。
[L3-01 L3] 2/5 — 答案提及了相关表和字段，但未提供具体查询或数据，且延迟定义与参考一致，但整体缺乏执行细节，多处模糊。
[L3-02 L3] 0/5 — 完全偏题，未提供任何产量、良率、废品率数据，而是讨论系统限制和伪问题
[L3-03 L3] 0/5 — 完全偏题，未提供任何事实性答案，而是拒答并解释限制
[L3-04 L3] 3/5 — 方向正确，但关键要点缺失：未明确指定JOIN类型、过滤条件（如本月）、聚合函数（如SUM），且答案结构不完整，仅列出字段
[L3-05 L3] 2/5 — 被测答案仅列出字段名，未提供完整查询或解释，与参考答案要点不符，多处关键信息缺失。
[L3-06 L3] 2/5 — 答案方向正确但缺乏具体字段和关联细节，无法验证事实正确性，仅提供理论思路。
[L4-01 L4] 0/5 — 完全偏题，未提供任何实际答案，仅说明无法获取数据，未列出单据编号、日期、供应商。
[L4-02 L4] 0/5 — 完全偏题，未提供任何答案，而是说明无法回答的原因，与问题要求不符。
[L4-05 L4] 0/5 — 完全偏题，未提供任何查询方案或具体字段信息，仅说明无法获取定义，与问题要求不符。
[L5-01 L5] 2/5 — 被测答案误用标准字段FContact和FMobile，未使用参考答案的自定义字段F_BDK_LXR和F_BDK_DH，方
[L5-02 L5] 1/5 — 答案基本错误，未提供查询方法或结果，仅说明无法获取信息，与参考答案要点不符。
[L5-03 L5] 4/5 — 答案正确说明无法确认自定义字段，符合参考要点，但未明确提及schema发现或F_BDK_*字段，有小偏差。
[L6-01 L6] 2/5 — 答案未直接回答能否发货，而是列出字段和通用逻辑，未基于公司规则（已审核且未关闭、未全部收货）判断，且未提供具体状态信息，
[L8-01 L8] 0/5 — 完全偏题，被测答案拒答，未提供任何分析或计算，与参考答案要点不符。
[L8-02 L8] 0/5 — 完全偏题，被测答案拒答，未提供任何与ERP相关的分析或数据，不符合问题要求。
[L8-03 L8] 0/5 — 完全偏题，被测答案拒答，未提供任何与ERP分析相关的具体内容，不符合参考答案要点。
[L8-04 L8] 0/5 — 完全偏题，被测答案以ERP系统缺少表单为由拒答，未提供任何经营简报数据或对比，与问题要求不符。

factual: 整体均分 1.594/5
  L1: 2.4/5  (n=5)
  L2: 2.1/5  (n=10)
  L3: 1.5/5  (n=6)
  L4: 0/5  (n=3)
  L5: 2.333/5  (n=3)
  L6: 2/5  (n=1)
  L8: 0/5  (n=4)
详细: results/T2_mcp/factual.json
[L4-01 L4] 3/5 — 被测答案套用通用业务框架，未引用公司私有规则，如未提及采购订单的具体状态值（如'A'或'B'）或公司特殊约定（如采购入库
[L4-03 L4] 2/5 — 业务判断与公司规则冲突，公司规则明确应收单表单存在且定义了催收逻辑，被测答案错误声称无相关数据。
[L4-04 L4] 3/5 — 被测答案套用通用业务框架（如生产订单状态查询），但未引用公司私有规则（wiki中无生产订单相关规则），也未涉及销售/采购
[L6-01 L6] 3/5 — 套用通用业务框架，未引用公司私有规则
[L6-02 L6] 3/5 — 套用通用业务框架，未引用公司私有规则
[L6-03 L6] 3/5 — 套用通用业务框架（库存周转天数计算），未引用公司私有规则（如物料分类、数据流路径、业务约定），但未与规则冲突。
[L6-04 L6] 2/5 — 业务判断与公司规则冲突：公司规则明确应收单'已审核'(C)表示'发票+收款都已确认'即款已到，但被测答案称'已审核'不代
[L6-05 L6] 3/5 — 被测答案套用通用ERP逻辑（如'已审核 + 未禁用 + 有合格标识'），但未引用公司私有规则（如'供应商未禁用 + 有合
[L6-06 L6] 3/5 — 套用通用业务框架，未引用公司私有规则，如物料分类、数据流路径等。
[L6-07 L6] 3/5 — 套用通用业务框架，未引用公司私有规则
[L8-01 L8] 3/5 — 套用通用业务框架，未引用公司私有规则
[L8-03 L8] 3/5 — 被测答案套用通用业务框架（如库存、在制品、排产、订单需求分析），但未引用公司私有规则（如销售订单数据流、生产订单数据流中

business: 整体均分 2.833/5
  L4: 2.667/5  (n=3)
  L6: 2.857/5  (n=7)
  L8: 3/5  (n=2)
详细: results/T2_mcp/business.json

==> Aggregate T0/T1/T2 (Thu Apr 16 01:03:02 CST 2026)
对比报告: results/comparison_mcp.md

==> Freezing baseline at results/baselines/2026-04-15_v1_MCP-level (Thu Apr 16 01:03:02 CST 2026)
SCORECARD.json written

==> ALL DONE Thu Apr 16 01:03:02 CST 2026
Baseline: results/baselines/2026-04-15_v1_MCP-level
