==> P26 MCP-level full run Thu Apr 16 02:52:08 CST 2026

==> Running T0 (Thu Apr 16 02:52:08 CST 2026)
[04/16/26 02:52:09] INFO     Processing request of type            server.py:727
                             ListToolsRequest                                   
[stage=T0] MCP server 暴露 14 个工具；本阶段启用 6 个：
  - kingdee_query_bills
  - kingdee_query_materials
  - kingdee_describe_form
  - kingdee_search_forms_online
  - kingdee_query_inventory
  - kingdee_query_fixed_assets
[04/16/26 02:52:13] INFO     Processing request of type            server.py:727
                             CallToolRequest                                    
                    INFO     HTTP Request: POST                  _client.py:1740
                             http://erp1.enpack.com.cn:13580/k3C                
                             loud/Kingdee.BOS.WebApi.ServicesStu                
                             b.AuthService.LoginByAppSecret.comm                
                             on.kdsvc "HTTP/1.1 200 OK"                         
[04/16/26 02:52:15] INFO     HTTP Request: POST                  _client.py:1740
                             http://erp1.enpack.com.cn:13580/k3C                
                             loud/Kingdee.BOS.WebApi.ServicesStu                
                             b.DynamicFormService.ExecuteBillQue                
                             ry.common.kdsvc "HTTP/1.1 200 OK"                  
[1/46] L1-01 (L1) — 4 fields / 1 tool calls: ['kingdee_query_materials']
[04/16/26 02:52:28] INFO     Processing request of type            server.py:727
                             CallToolRequest                                    
                    INFO     HTTP Request: POST                  _client.py:1740
                             http://erp1.enpack.com.cn:13580/k3C                
                             loud/Kingdee.BOS.WebApi.ServicesStu                
                             b.DynamicFormService.ExecuteBillQue                
                             ry.common.kdsvc "HTTP/1.1 200 OK"                  
[04/16/26 02:52:30] INFO     Processing request of type            server.py:727
                             CallToolRequest                                    
                    INFO     HTTP Request: POST                  _client.py:1740
                             http://erp1.enpack.com.cn:13580/k3C                
                             loud/Kingdee.BOS.WebApi.ServicesStu                
                             b.DynamicFormService.ExecuteBillQue                
                             ry.common.kdsvc "HTTP/1.1 200 OK"                  
[04/16/26 02:52:33] INFO     Processing request of type            server.py:727
                             CallToolRequest                                    
[04/16/26 02:52:34] INFO     HTTP Request: POST                  _client.py:1740
                             http://erp1.enpack.com.cn:13580/k3C                
                             loud/Kingdee.BOS.WebApi.ServicesStu                
                             b.DynamicFormService.ExecuteBillQue                
                             ry.common.kdsvc "HTTP/1.1 200 OK"                  
[04/16/26 02:52:37] INFO     Processing request of type            server.py:727
                             CallToolRequest                                    
[04/16/26 02:52:38] INFO     HTTP Request: POST                  _client.py:1740
                             http://erp1.enpack.com.cn:13580/k3C                
                             loud/Kingdee.BOS.WebApi.ServicesStu                
                             b.DynamicFormService.ExecuteBillQue                
                             ry.common.kdsvc "HTTP/1.1 200 OK"                  
[04/16/26 02:52:41] INFO     Processing request of type            server.py:727
                             CallToolRequest                                    
                    INFO     HTTP Request: POST                  _client.py:1740
                             http://erp1.enpack.com.cn:13580/k3C                
                             loud/Kingdee.BOS.WebApi.ServicesStu                
                             b.DynamicFormService.ExecuteBillQue                
                             ry.common.kdsvc "HTTP/1.1 200 OK"                  
[04/16/26 02:52:45] INFO     Processing request of type            server.py:727
                             CallToolRequest                                    
                    INFO     HTTP Request: POST                  _client.py:1740
                             http://erp1.enpack.com.cn:13580/k3C                
                             loud/Kingdee.BOS.WebApi.ServicesStu                
                             b.DynamicFormService.ExecuteBillQue                
                             ry.common.kdsvc "HTTP/1.1 200 OK"                  
[04/16/26 02:52:48] INFO     Processing request of type            server.py:727
                             CallToolRequest                                    
                    INFO     HTTP Request: POST                  _client.py:1740
                             http://erp1.enpack.com.cn:13580/k3C                
                             loud/Kingdee.BOS.WebApi.ServicesStu                
                             b.DynamicFormService.ExecuteBillQue                
                             ry.common.kdsvc "HTTP/1.1 200 OK"                  
[04/16/26 02:52:52] INFO     Processing request of type            server.py:727
                             CallToolRequest                                    
                    INFO     HTTP Request: POST                  _client.py:1740
                             http://erp1.enpack.com.cn:13580/k3C                
                             loud/Kingdee.BOS.WebApi.ServicesStu                
                             b.DynamicFormService.ExecuteBillQue                
                             ry.common.kdsvc "HTTP/1.1 200 OK"                  
[04/16/26 02:52:55] INFO     Processing request of type            server.py:727
                             CallToolRequest                                    
                    INFO     HTTP Request: POST                  _client.py:1740
                             http://erp1.enpack.com.cn:13580/k3C                
                             loud/Kingdee.BOS.WebApi.ServicesStu                
                             b.DynamicFormService.ExecuteBillQue                
                             ry.common.kdsvc "HTTP/1.1 200 OK"                  
[04/16/26 02:52:58] INFO     Processing request of type            server.py:727
                             CallToolRequest                                    
                    INFO     HTTP Request: POST                  _client.py:1740
                             http://erp1.enpack.com.cn:13580/k3C                
                             loud/Kingdee.BOS.WebApi.ServicesStu                
                             b.DynamicFormService.QueryBusinessI                
                             nfo.common.kdsvc "HTTP/1.1 200 OK"                 
[04/16/26 02:53:03] INFO     Processing request of type            server.py:727
                             CallToolRequest                                    
                    INFO     HTTP Request: POST                  _client.py:1740
                             http://erp1.enpack.com.cn:13580/k3C                
                             loud/Kingdee.BOS.WebApi.ServicesStu                
                             b.DynamicFormService.ExecuteBillQue                
                             ry.common.kdsvc "HTTP/1.1 200 OK"                  
[04/16/26 02:53:08] INFO     Processing request of type            server.py:727
                             CallToolRequest                                    
                    INFO     HTTP Request: POST                  _client.py:1740
                             http://erp1.enpack.com.cn:13580/k3C                
                             loud/Kingdee.BOS.WebApi.ServicesStu                
                             b.DynamicFormService.ExecuteBillQue                
                             ry.common.kdsvc "HTTP/1.1 200 OK"                  
[2/46] L1-02 (L1) — 6 fields / 12 tool calls: ['kingdee_search_forms_online', 'kingdee_search_forms_online', 'kingdee_search_forms_online', 'kingdee_query_bills', 'kingdee_query_bills', 'kingdee_search_forms_online', 'kingdee_search_forms_online', 'kingdee_query_bills', 'kingdee_search_forms_online', 'kingdee_describe_form', 'kingdee_query_bills', 'kingdee_query_bills']
[04/16/26 02:53:17] INFO     Processing request of type            server.py:727
                             CallToolRequest                                    
[04/16/26 02:53:20] INFO     Processing request of type            server.py:727
                             CallToolRequest                                    
                    INFO     HTTP Request: POST                  _client.py:1740
                             http://erp1.enpack.com.cn:13580/k3C                
                             loud/Kingdee.BOS.WebApi.ServicesStu                
                             b.DynamicFormService.ExecuteBillQue                
                             ry.common.kdsvc "HTTP/1.1 200 OK"                  
[04/16/26 02:53:24] INFO     Processing request of type            server.py:727
                             CallToolRequest                                    
                    INFO     HTTP Request: POST                  _client.py:1740
                             http://erp1.enpack.com.cn:13580/k3C                
                             loud/Kingdee.BOS.WebApi.ServicesStu                
                             b.DynamicFormService.ExecuteBillQue                
                             ry.common.kdsvc "HTTP/1.1 200 OK"                  
[04/16/26 02:53:27] INFO     Processing request of type            server.py:727
                             CallToolRequest                                    
[04/16/26 02:53:28] INFO     HTTP Request: POST                  _client.py:1740
                             http://erp1.enpack.com.cn:13580/k3C                
                             loud/Kingdee.BOS.WebApi.ServicesStu                
                             b.DynamicFormService.ExecuteBillQue                
                             ry.common.kdsvc "HTTP/1.1 200 OK"                  
[04/16/26 02:53:31] INFO     Processing request of type            server.py:727
                             CallToolRequest                                    
                    INFO     HTTP Request: POST                  _client.py:1740
                             http://erp1.enpack.com.cn:13580/k3C                
                             loud/Kingdee.BOS.WebApi.ServicesStu                
                             b.DynamicFormService.ExecuteBillQue                
                             ry.common.kdsvc "HTTP/1.1 200 OK"                  
[04/16/26 02:53:35] INFO     Processing request of type            server.py:727
                             CallToolRequest                                    
                    INFO     HTTP Request: POST                  _client.py:1740
                             http://erp1.enpack.com.cn:13580/k3C                
                             loud/Kingdee.BOS.WebApi.ServicesStu                
                             b.DynamicFormService.ExecuteBillQue                
                             ry.common.kdsvc "HTTP/1.1 200 OK"                  
[04/16/26 02:53:38] INFO     Processing request of type            server.py:727
                             CallToolRequest                                    
                    INFO     HTTP Request: POST                  _client.py:1740
                             http://erp1.enpack.com.cn:13580/k3C                
                             loud/Kingdee.BOS.WebApi.ServicesStu                
                             b.DynamicFormService.QueryBusinessI                
                             nfo.common.kdsvc "HTTP/1.1 200 OK"                 
[04/16/26 02:53:43] INFO     Processing request of type            server.py:727
                             CallToolRequest                                    
                    INFO     HTTP Request: POST                  _client.py:1740
                             http://erp1.enpack.com.cn:13580/k3C                
                             loud/Kingdee.BOS.WebApi.ServicesStu                
                             b.DynamicFormService.ExecuteBillQue                
                             ry.common.kdsvc "HTTP/1.1 200 OK"                  
[04/16/26 02:53:47] INFO     Processing request of type            server.py:727
                             CallToolRequest                                    
                    INFO     HTTP Request: POST                  _client.py:1740
                             http://erp1.enpack.com.cn:13580/k3C                
                             loud/Kingdee.BOS.WebApi.ServicesStu                
                             b.DynamicFormService.ExecuteBillQue                
                             ry.common.kdsvc "HTTP/1.1 200 OK"                  
[04/16/26 02:53:52] INFO     Processing request of type            server.py:727
                             CallToolRequest                                    
                    INFO     HTTP Request: POST                  _client.py:1740
                             http://erp1.enpack.com.cn:13580/k3C                
                             loud/Kingdee.BOS.WebApi.ServicesStu                
                             b.DynamicFormService.ExecuteBillQue                
                             ry.common.kdsvc "HTTP/1.1 200 OK"                  
[04/16/26 02:53:56] INFO     Processing request of type            server.py:727
                             CallToolRequest                                    
                    INFO     HTTP Request: POST                  _client.py:1740
                             http://erp1.enpack.com.cn:13580/k3C                
                             loud/Kingdee.BOS.WebApi.ServicesStu                
                             b.DynamicFormService.ExecuteBillQue                
                             ry.common.kdsvc "HTTP/1.1 200 OK"                  
[04/16/26 02:54:00] INFO     Processing request of type            server.py:727
                             CallToolRequest                                    
                    INFO     HTTP Request: POST                  _client.py:1740
                             http://erp1.enpack.com.cn:13580/k3C                
                             loud/Kingdee.BOS.WebApi.ServicesStu                
                             b.DynamicFormService.ExecuteBillQue                
                             ry.common.kdsvc "HTTP/1.1 200 OK"                  
[3/46] L1-03 (L1) — 4 fields / 12 tool calls: ['kingdee_search_forms_online', 'kingdee_search_forms_online', 'kingdee_search_forms_online', 'kingdee_query_bills', 'kingdee_query_bills', 'kingdee_query_bills', 'kingdee_describe_form', 'kingdee_query_bills', 'kingdee_query_bills', 'kingdee_search_forms_online', 'kingdee_query_materials', 'kingdee_search_forms_online']
[04/16/26 02:54:11] INFO     Processing request of type            server.py:727
                             CallToolRequest                                    
[04/16/26 02:54:14] INFO     Processing request of type            server.py:727
                             CallToolRequest                                    
                    INFO     HTTP Request: POST                  _client.py:1740
                             http://erp1.enpack.com.cn:13580/k3C                
                             loud/Kingdee.BOS.WebApi.ServicesStu                
                             b.DynamicFormService.ExecuteBillQue                
                             ry.common.kdsvc "HTTP/1.1 200 OK"                  
[04/16/26 02:54:17] INFO     Processing request of type            server.py:727
                             CallToolRequest                                    
                    INFO     HTTP Request: POST                  _client.py:1740
                             http://erp1.enpack.com.cn:13580/k3C                
                             loud/Kingdee.BOS.WebApi.ServicesStu                
                             b.DynamicFormService.ExecuteBillQue                
                             ry.common.kdsvc "HTTP/1.1 200 OK"                  
[04/16/26 02:54:21] INFO     Processing request of type            server.py:727
                             CallToolRequest                                    
                    INFO     HTTP Request: POST                  _client.py:1740
                             http://erp1.enpack.com.cn:13580/k3C                
                             loud/Kingdee.BOS.WebApi.ServicesStu                
                             b.DynamicFormService.ExecuteBillQue                
                             ry.common.kdsvc "HTTP/1.1 200 OK"                  
[04/16/26 02:54:25] INFO     Processing request of type            server.py:727
                             CallToolRequest                                    
[04/16/26 02:54:26] INFO     HTTP Request: POST                  _client.py:1740
                             http://erp1.enpack.com.cn:13580/k3C                
                             loud/Kingdee.BOS.WebApi.ServicesStu                
                             b.DynamicFormService.ExecuteBillQue                
                             ry.common.kdsvc "HTTP/1.1 200 OK"                  
[04/16/26 02:54:29] INFO     Processing request of type            server.py:727
                             CallToolRequest                                    
                    INFO     HTTP Request: POST                  _client.py:1740
                             http://erp1.enpack.com.cn:13580/k3C                
                             loud/Kingdee.BOS.WebApi.ServicesStu                
                             b.DynamicFormService.ExecuteBillQue                
                             ry.common.kdsvc "HTTP/1.1 200 OK"                  
[04/16/26 02:54:33] INFO     Processing request of type            server.py:727
                             CallToolRequest                                    
                    INFO     HTTP Request: POST                  _client.py:1740
                             http://erp1.enpack.com.cn:13580/k3C                
                             loud/Kingdee.BOS.WebApi.ServicesStu                
                             b.DynamicFormService.ExecuteBillQue                
                             ry.common.kdsvc "HTTP/1.1 200 OK"                  
[04/16/26 02:54:36] INFO     Processing request of type            server.py:727
                             CallToolRequest                                    
                    INFO     HTTP Request: POST                  _client.py:1740
                             http://erp1.enpack.com.cn:13580/k3C                
                             loud/Kingdee.BOS.WebApi.ServicesStu                
                             b.DynamicFormService.QueryBusinessI                
                             nfo.common.kdsvc "HTTP/1.1 200 OK"                 
[04/16/26 02:54:42] INFO     Processing request of type            server.py:727
                             CallToolRequest                                    
                    INFO     HTTP Request: POST                  _client.py:1740
                             http://erp1.enpack.com.cn:13580/k3C                
                             loud/Kingdee.BOS.WebApi.ServicesStu                
                             b.DynamicFormService.ExecuteBillQue                
                             ry.common.kdsvc "HTTP/1.1 200 OK"                  
[04/16/26 02:54:46] INFO     Processing request of type            server.py:727
                             CallToolRequest                                    
                    INFO     HTTP Request: POST                  _client.py:1740
                             http://erp1.enpack.com.cn:13580/k3C                
                             loud/Kingdee.BOS.WebApi.ServicesStu                
                             b.DynamicFormService.ExecuteBillQue                
                             ry.common.kdsvc "HTTP/1.1 200 OK"                  
[04/16/26 02:54:50] INFO     Processing request of type            server.py:727
                             CallToolRequest                                    
                    INFO     HTTP Request: POST                  _client.py:1740
                             http://erp1.enpack.com.cn:13580/k3C                
                             loud/Kingdee.BOS.WebApi.ServicesStu                
                             b.DynamicFormService.ExecuteBillQue                
                             ry.common.kdsvc "HTTP/1.1 200 OK"                  
[04/16/26 02:54:53] INFO     Processing request of type            server.py:727
                             CallToolRequest                                    
                    INFO     HTTP Request: POST                  _client.py:1740
                             http://erp1.enpack.com.cn:13580/k3C                
                             loud/Kingdee.BOS.WebApi.ServicesStu                
                             b.DynamicFormService.ExecuteBillQue                
                             ry.common.kdsvc "HTTP/1.1 200 OK"                  
[4/46] L1-04 (L1) — 8 fields / 12 tool calls: ['kingdee_search_forms_online', 'kingdee_search_forms_online', 'kingdee_search_forms_online', 'kingdee_query_bills', 'kingdee_query_bills', 'kingdee_query_bills', 'kingdee_query_bills', 'kingdee_describe_form', 'kingdee_query_bills', 'kingdee_query_bills', 'kingdee_query_bills', 'kingdee_query_materials']
[04/16/26 02:55:03] INFO     Processing request of type            server.py:727
                             CallToolRequest                                    
[04/16/26 02:55:06] INFO     Processing request of type            server.py:727
                             CallToolRequest                                    
[04/16/26 02:55:09] INFO     Processing request of type            server.py:727
                             CallToolRequest                                    
[04/16/26 02:55:11] INFO     Processing request of type            server.py:727
                             CallToolRequest                                    
                    INFO     HTTP Request: POST                  _client.py:1740
                             http://erp1.enpack.com.cn:13580/k3C                
                             loud/Kingdee.BOS.WebApi.ServicesStu                
                             b.DynamicFormService.ExecuteBillQue                
                             ry.common.kdsvc "HTTP/1.1 200 OK"                  
[04/16/26 02:55:14] INFO     Processing request of type            server.py:727
                             CallToolRequest                                    
                    INFO     HTTP Request: POST                  _client.py:1740
                             http://erp1.enpack.com.cn:13580/k3C                
                             loud/Kingdee.BOS.WebApi.ServicesStu                
                             b.DynamicFormService.ExecuteBillQue                
                             ry.common.kdsvc "HTTP/1.1 200 OK"                  
[04/16/26 02:55:18] INFO     Processing request of type            server.py:727
                             CallToolRequest                                    
                    INFO     HTTP Request: POST                  _client.py:1740
                             http://erp1.enpack.com.cn:13580/k3C                
                             loud/Kingdee.BOS.WebApi.ServicesStu                
                             b.DynamicFormService.ExecuteBillQue                
                             ry.common.kdsvc "HTTP/1.1 200 OK"                  
[04/16/26 02:55:23] INFO     Processing request of type            server.py:727
                             CallToolRequest                                    
                    INFO     HTTP Request: POST                  _client.py:1740
                             http://erp1.enpack.com.cn:13580/k3C                
                             loud/Kingdee.BOS.WebApi.ServicesStu                
                             b.DynamicFormService.ExecuteBillQue                
                             ry.common.kdsvc "HTTP/1.1 200 OK"                  
[04/16/26 02:55:27] INFO     Processing request of type            server.py:727
                             CallToolRequest                                    
                    INFO     HTTP Request: POST                  _client.py:1740
                             http://erp1.enpack.com.cn:13580/k3C                
                             loud/Kingdee.BOS.WebApi.ServicesStu                
                             b.DynamicFormService.ExecuteBillQue                
                             ry.common.kdsvc "HTTP/1.1 200 OK"                  
[04/16/26 02:55:31] INFO     Processing request of type            server.py:727
                             CallToolRequest                                    
[04/16/26 02:55:32] INFO     HTTP Request: POST                  _client.py:1740
                             http://erp1.enpack.com.cn:13580/k3C                
                             loud/Kingdee.BOS.WebApi.ServicesStu                
                             b.DynamicFormService.ExecuteBillQue                
                             ry.common.kdsvc "HTTP/1.1 200 OK"                  
[04/16/26 02:55:36] INFO     Processing request of type            server.py:727
                             CallToolRequest                                    
[04/16/26 02:55:37] INFO     HTTP Request: POST                  _client.py:1740
                             http://erp1.enpack.com.cn:13580/k3C                
                             loud/Kingdee.BOS.WebApi.ServicesStu                
                             b.DynamicFormService.ExecuteBillQue                
                             ry.common.kdsvc "HTTP/1.1 200 OK"                  
[04/16/26 02:55:40] INFO     Processing request of type            server.py:727
                             CallToolRequest                                    
                    INFO     HTTP Request: POST                  _client.py:1740
                             http://erp1.enpack.com.cn:13580/k3C                
                             loud/Kingdee.BOS.WebApi.ServicesStu                
                             b.DynamicFormService.ExecuteBillQue                
                             ry.common.kdsvc "HTTP/1.1 200 OK"                  
[04/16/26 02:55:44] INFO     Processing request of type            server.py:727
                             CallToolRequest                                    
                    INFO     HTTP Request: POST                  _client.py:1740
                             http://erp1.enpack.com.cn:13580/k3C                
                             loud/Kingdee.BOS.WebApi.ServicesStu                
                             b.DynamicFormService.ExecuteBillQue                
                             ry.common.kdsvc "HTTP/1.1 200 OK"                  
[5/46] L1-05 (L1) — 6 fields / 12 tool calls: ['kingdee_search_forms_online', 'kingdee_search_forms_online', 'kingdee_search_forms_online', 'kingdee_search_forms_online', 'kingdee_search_forms_online', 'kingdee_search_forms_online', 'kingdee_query_bills', 'kingdee_search_forms_online', 'kingdee_query_bills', 'kingdee_query_bills', 'kingdee_query_bills', 'kingdee_query_bills']
[04/16/26 02:55:57] INFO     Processing request of type            server.py:727
                             CallToolRequest                                    
                    INFO     HTTP Request: POST                  _client.py:1740
                             http://erp1.enpack.com.cn:13580/k3C                
                             loud/Kingdee.BOS.WebApi.ServicesStu                
                             b.DynamicFormService.ExecuteBillQue                
                             ry.common.kdsvc "HTTP/1.1 200 OK"                  
[04/16/26 02:56:00] INFO     Processing request of type            server.py:727
                             CallToolRequest                                    
                    INFO     HTTP Request: POST                  _client.py:1740
                             http://erp1.enpack.com.cn:13580/k3C                
                             loud/Kingdee.BOS.WebApi.ServicesStu                
                             b.DynamicFormService.ExecuteBillQue                
                             ry.common.kdsvc "HTTP/1.1 200 OK"                  
[04/16/26 02:56:07] INFO     Processing request of type            server.py:727
                             CallToolRequest                                    
                    INFO     HTTP Request: POST                  _client.py:1740
                             http://erp1.enpack.com.cn:13580/k3C                
                             loud/Kingdee.BOS.WebApi.ServicesStu                
                             b.DynamicFormService.ExecuteBillQue                
                             ry.common.kdsvc "HTTP/1.1 200 OK"                  
[04/16/26 02:56:11] INFO     Processing request of type            server.py:727
                             CallToolRequest                                    
                    INFO     HTTP Request: POST                  _client.py:1740
                             http://erp1.enpack.com.cn:13580/k3C                
                             loud/Kingdee.BOS.WebApi.ServicesStu                
                             b.DynamicFormService.ExecuteBillQue                
                             ry.common.kdsvc "HTTP/1.1 200 OK"                  
[04/16/26 02:56:15] INFO     Processing request of type            server.py:727
                             CallToolRequest                                    
                    INFO     HTTP Request: POST                  _client.py:1740
                             http://erp1.enpack.com.cn:13580/k3C                
                             loud/Kingdee.BOS.WebApi.ServicesStu                
                             b.DynamicFormService.ExecuteBillQue                
                             ry.common.kdsvc "HTTP/1.1 200 OK"                  
[04/16/26 02:56:20] INFO     Processing request of type            server.py:727
                             CallToolRequest                                    
                    INFO     HTTP Request: POST                  _client.py:1740
                             http://erp1.enpack.com.cn:13580/k3C                
                             loud/Kingdee.BOS.WebApi.ServicesStu                
                             b.DynamicFormService.ExecuteBillQue                
                             ry.common.kdsvc "HTTP/1.1 200 OK"                  
[04/16/26 02:56:24] INFO     Processing request of type            server.py:727
                             CallToolRequest                                    
                    INFO     HTTP Request: POST                  _client.py:1740
                             http://erp1.enpack.com.cn:13580/k3C                
                             loud/Kingdee.BOS.WebApi.ServicesStu                
                             b.DynamicFormService.ExecuteBillQue                
                             ry.common.kdsvc "HTTP/1.1 200 OK"                  
[04/16/26 02:56:27] INFO     Processing request of type            server.py:727
                             CallToolRequest                                    
                    INFO     HTTP Request: POST                  _client.py:1740
                             http://erp1.enpack.com.cn:13580/k3C                
                             loud/Kingdee.BOS.WebApi.ServicesStu                
                             b.DynamicFormService.ExecuteBillQue                
                             ry.common.kdsvc "HTTP/1.1 200 OK"                  
[04/16/26 02:56:32] INFO     Processing request of type            server.py:727
                             CallToolRequest                                    
                    INFO     HTTP Request: POST                  _client.py:1740
                             http://erp1.enpack.com.cn:13580/k3C                
                             loud/Kingdee.BOS.WebApi.ServicesStu                
                             b.DynamicFormService.ExecuteBillQue                
                             ry.common.kdsvc "HTTP/1.1 200 OK"                  
[04/16/26 02:56:36] INFO     Processing request of type            server.py:727
                             CallToolRequest                                    
                    INFO     HTTP Request: POST                  _client.py:1740
                             http://erp1.enpack.com.cn:13580/k3C                
                             loud/Kingdee.BOS.WebApi.ServicesStu                
                             b.DynamicFormService.ExecuteBillQue                
                             ry.common.kdsvc "HTTP/1.1 200 OK"                  
[04/16/26 02:56:40] INFO     Processing request of type            server.py:727
                             CallToolRequest                                    
                    INFO     HTTP Request: POST                  _client.py:1740
                             http://erp1.enpack.com.cn:13580/k3C                
                             loud/Kingdee.BOS.WebApi.ServicesStu                
                             b.DynamicFormService.QueryBusinessI                
                             nfo.common.kdsvc "HTTP/1.1 200 OK"                 
[04/16/26 02:56:48] INFO     Processing request of type            server.py:727
                             CallToolRequest                                    
                    INFO     HTTP Request: POST                  _client.py:1740
                             http://erp1.enpack.com.cn:13580/k3C                
                             loud/Kingdee.BOS.WebApi.ServicesStu                
                             b.DynamicFormService.ExecuteBillQue                
                             ry.common.kdsvc "HTTP/1.1 200 OK"                  
[6/46] L2-01 (L2) — 20 fields / 12 tool calls: ['kingdee_search_forms_online', 'kingdee_search_forms_online', 'kingdee_query_bills', 'kingdee_query_bills', 'kingdee_query_bills', 'kingdee_query_bills', 'kingdee_query_bills', 'kingdee_query_bills', 'kingdee_query_bills', 'kingdee_query_bills', 'kingdee_describe_form', 'kingdee_query_bills']
[04/16/26 02:56:58] INFO     Processing request of type            server.py:727
                             CallToolRequest                                    
[04/16/26 02:57:01] INFO     Processing request of type            server.py:727
                             CallToolRequest                                    
[04/16/26 02:57:04] INFO     Processing request of type            server.py:727
                             CallToolRequest                                    
[04/16/26 02:57:09] INFO     Processing request of type            server.py:727
                             CallToolRequest                                    
                    INFO     HTTP Request: POST                  _client.py:1740
                             http://erp1.enpack.com.cn:13580/k3C                
                             loud/Kingdee.BOS.WebApi.ServicesStu                
                             b.DynamicFormService.ExecuteBillQue                
                             ry.common.kdsvc "HTTP/1.1 200 OK"                  
[04/16/26 02:57:13] INFO     Processing request of type            server.py:727
                             CallToolRequest                                    
                    INFO     HTTP Request: POST                  _client.py:1740
                             http://erp1.enpack.com.cn:13580/k3C                
                             loud/Kingdee.BOS.WebApi.ServicesStu                
                             b.DynamicFormService.ExecuteBillQue                
                             ry.common.kdsvc "HTTP/1.1 200 OK"                  
[04/16/26 02:57:18] INFO     Processing request of type            server.py:727
                             CallToolRequest                                    
                    INFO     HTTP Request: POST                  _client.py:1740
                             http://erp1.enpack.com.cn:13580/k3C                
                             loud/Kingdee.BOS.WebApi.ServicesStu                
                             b.DynamicFormService.ExecuteBillQue                
                             ry.common.kdsvc "HTTP/1.1 200 OK"                  
[04/16/26 02:57:22] INFO     Processing request of type            server.py:727
                             CallToolRequest                                    
                    INFO     HTTP Request: POST                  _client.py:1740
                             http://erp1.enpack.com.cn:13580/k3C                
                             loud/Kingdee.BOS.WebApi.ServicesStu                
                             b.DynamicFormService.ExecuteBillQue                
                             ry.common.kdsvc "HTTP/1.1 200 OK"                  
[04/16/26 02:57:26] INFO     Processing request of type            server.py:727
                             CallToolRequest                                    
                    INFO     HTTP Request: POST                  _client.py:1740
                             http://erp1.enpack.com.cn:13580/k3C                
                             loud/Kingdee.BOS.WebApi.ServicesStu                
                             b.DynamicFormService.ExecuteBillQue                
                             ry.common.kdsvc "HTTP/1.1 200 OK"                  
[04/16/26 02:57:31] INFO     Processing request of type            server.py:727
                             CallToolRequest                                    
                    INFO     HTTP Request: POST                  _client.py:1740
                             http://erp1.enpack.com.cn:13580/k3C                
                             loud/Kingdee.BOS.WebApi.ServicesStu                
                             b.DynamicFormService.ExecuteBillQue                
                             ry.common.kdsvc "HTTP/1.1 200 OK"                  
[04/16/26 02:57:33] INFO     Processing request of type            server.py:727
                             CallToolRequest                                    
[04/16/26 02:57:34] INFO     HTTP Request: POST                  _client.py:1740
                             http://erp1.enpack.com.cn:13580/k3C                
                             loud/Kingdee.BOS.WebApi.ServicesStu                
                             b.DynamicFormService.QueryBusinessI                
                             nfo.common.kdsvc "HTTP/1.1 200 OK"                 
[04/16/26 02:57:42] INFO     Processing request of type            server.py:727
                             CallToolRequest                                    
                    INFO     HTTP Request: POST                  _client.py:1740
                             http://erp1.enpack.com.cn:13580/k3C                
                             loud/Kingdee.BOS.WebApi.ServicesStu                
                             b.DynamicFormService.ExecuteBillQue                
                             ry.common.kdsvc "HTTP/1.1 200 OK"                  
[04/16/26 02:57:47] INFO     Processing request of type            server.py:727
                             CallToolRequest                                    
                    INFO     HTTP Request: POST                  _client.py:1740
                             http://erp1.enpack.com.cn:13580/k3C                
                             loud/Kingdee.BOS.WebApi.ServicesStu                
                             b.DynamicFormService.ExecuteBillQue                
                             ry.common.kdsvc "HTTP/1.1 200 OK"                  
[7/46] L2-02 (L2) — 12 fields / 12 tool calls: ['kingdee_search_forms_online', 'kingdee_search_forms_online', 'kingdee_search_forms_online', 'kingdee_query_bills', 'kingdee_query_bills', 'kingdee_query_bills', 'kingdee_query_bills', 'kingdee_query_bills', 'kingdee_query_bills', 'kingdee_describe_form', 'kingdee_query_bills', 'kingdee_query_bills']
[04/16/26 02:57:58] INFO     Processing request of type            server.py:727
                             CallToolRequest                                    
                    INFO     HTTP Request: POST                  _client.py:1740
                             http://erp1.enpack.com.cn:13580/k3C                
                             loud/Kingdee.BOS.WebApi.ServicesStu                
                             b.DynamicFormService.ExecuteBillQue                
                             ry.common.kdsvc "HTTP/1.1 200 OK"                  
[04/16/26 02:58:01] INFO     Processing request of type            server.py:727
                             CallToolRequest                                    
                    INFO     HTTP Request: POST                  _client.py:1740
                             http://erp1.enpack.com.cn:13580/k3C                
                             loud/Kingdee.BOS.WebApi.ServicesStu                
                             b.DynamicFormService.ExecuteBillQue                
                             ry.common.kdsvc "HTTP/1.1 200 OK"                  
[04/16/26 02:58:06] INFO     Processing request of type            server.py:727
                             CallToolRequest                                    
[04/16/26 02:58:07] INFO     HTTP Request: POST                  _client.py:1740
                             http://erp1.enpack.com.cn:13580/k3C                
                             loud/Kingdee.BOS.WebApi.ServicesStu                
                             b.DynamicFormService.ExecuteBillQue                
                             ry.common.kdsvc "HTTP/1.1 200 OK"                  
[04/16/26 02:58:12] INFO     Processing request of type            server.py:727
                             CallToolRequest                                    
                    INFO     HTTP Request: POST                  _client.py:1740
                             http://erp1.enpack.com.cn:13580/k3C                
                             loud/Kingdee.BOS.WebApi.ServicesStu                
                             b.DynamicFormService.ExecuteBillQue                
                             ry.common.kdsvc "HTTP/1.1 200 OK"                  
[04/16/26 02:58:18] INFO     Processing request of type            server.py:727
                             CallToolRequest                                    
                    INFO     HTTP Request: POST                  _client.py:1740
                             http://erp1.enpack.com.cn:13580/k3C                
                             loud/Kingdee.BOS.WebApi.ServicesStu                
                             b.DynamicFormService.ExecuteBillQue                
                             ry.common.kdsvc "HTTP/1.1 200 OK"                  
[04/16/26 02:58:23] INFO     Processing request of type            server.py:727
                             CallToolRequest                                    
                    INFO     HTTP Request: POST                  _client.py:1740
                             http://erp1.enpack.com.cn:13580/k3C                
                             loud/Kingdee.BOS.WebApi.ServicesStu                
                             b.DynamicFormService.ExecuteBillQue                
                             ry.common.kdsvc "HTTP/1.1 200 OK"                  
[04/16/26 02:58:28] INFO     Processing request of type            server.py:727
                             CallToolRequest                                    
                    INFO     HTTP Request: POST                  _client.py:1740
                             http://erp1.enpack.com.cn:13580/k3C                
                             loud/Kingdee.BOS.WebApi.ServicesStu                
                             b.DynamicFormService.ExecuteBillQue                
                             ry.common.kdsvc "HTTP/1.1 200 OK"                  
[04/16/26 02:58:33] INFO     Processing request of type            server.py:727
                             CallToolRequest                                    
                    INFO     HTTP Request: POST                  _client.py:1740
                             http://erp1.enpack.com.cn:13580/k3C                
                             loud/Kingdee.BOS.WebApi.ServicesStu                
                             b.DynamicFormService.ExecuteBillQue                
                             ry.common.kdsvc "HTTP/1.1 200 OK"                  
[04/16/26 02:58:38] INFO     Processing request of type            server.py:727
                             CallToolRequest                                    
                    INFO     HTTP Request: POST                  _client.py:1740
                             http://erp1.enpack.com.cn:13580/k3C                
                             loud/Kingdee.BOS.WebApi.ServicesStu                
                             b.DynamicFormService.ExecuteBillQue                
                             ry.common.kdsvc "HTTP/1.1 200 OK"                  
[04/16/26 02:58:43] INFO     Processing request of type            server.py:727
                             CallToolRequest                                    
                    INFO     HTTP Request: POST                  _client.py:1740
                             http://erp1.enpack.com.cn:13580/k3C                
                             loud/Kingdee.BOS.WebApi.ServicesStu                
                             b.DynamicFormService.ExecuteBillQue                
                             ry.common.kdsvc "HTTP/1.1 200 OK"                  
[04/16/26 02:58:49] INFO     Processing request of type            server.py:727
                             CallToolRequest                                    
                    INFO     HTTP Request: POST                  _client.py:1740
                             http://erp1.enpack.com.cn:13580/k3C                
                             loud/Kingdee.BOS.WebApi.ServicesStu                
                             b.DynamicFormService.ExecuteBillQue                
                             ry.common.kdsvc "HTTP/1.1 200 OK"                  
[8/46] L2-03 (L2) — 16 fields / 11 tool calls: ['kingdee_search_forms_online', 'kingdee_search_forms_online', 'kingdee_query_bills', 'kingdee_query_bills', 'kingdee_query_bills', 'kingdee_query_bills', 'kingdee_query_bills', 'kingdee_query_bills', 'kingdee_query_bills', 'kingdee_query_bills', 'kingdee_query_bills']
[04/16/26 02:59:04] INFO     Processing request of type            server.py:727
                             CallToolRequest                                    
[04/16/26 02:59:05] INFO     HTTP Request: POST                  _client.py:1740
                             http://erp1.enpack.com.cn:13580/k3C                
                             loud/Kingdee.BOS.WebApi.ServicesStu                
                             b.DynamicFormService.ExecuteBillQue                
                             ry.common.kdsvc "HTTP/1.1 200 OK"                  
[04/16/26 02:59:07] INFO     Processing request of type            server.py:727
                             CallToolRequest                                    
[04/16/26 02:59:08] INFO     HTTP Request: POST                  _client.py:1740
                             http://erp1.enpack.com.cn:13580/k3C                
                             loud/Kingdee.BOS.WebApi.ServicesStu                
                             b.DynamicFormService.ExecuteBillQue                
                             ry.common.kdsvc "HTTP/1.1 200 OK"                  
[04/16/26 02:59:12] INFO     Processing request of type            server.py:727
                             CallToolRequest                                    
[04/16/26 02:59:13] INFO     HTTP Request: POST                  _client.py:1740
                             http://erp1.enpack.com.cn:13580/k3C                
                             loud/Kingdee.BOS.WebApi.ServicesStu                
                             b.DynamicFormService.ExecuteBillQue                
                             ry.common.kdsvc "HTTP/1.1 200 OK"                  
[04/16/26 02:59:19] INFO     Processing request of type            server.py:727
                             CallToolRequest                                    
                    INFO     HTTP Request: POST                  _client.py:1740
                             http://erp1.enpack.com.cn:13580/k3C                
                             loud/Kingdee.BOS.WebApi.ServicesStu                
                             b.DynamicFormService.ExecuteBillQue                
                             ry.common.kdsvc "HTTP/1.1 200 OK"                  
[04/16/26 02:59:25] INFO     Processing request of type            server.py:727
                             CallToolRequest                                    
[04/16/26 02:59:26] INFO     HTTP Request: POST                  _client.py:1740
                             http://erp1.enpack.com.cn:13580/k3C                
                             loud/Kingdee.BOS.WebApi.ServicesStu                
                             b.DynamicFormService.ExecuteBillQue                
                             ry.common.kdsvc "HTTP/1.1 200 OK"                  
[04/16/26 02:59:31] INFO     Processing request of type            server.py:727
                             CallToolRequest                                    
                    INFO     HTTP Request: POST                  _client.py:1740
                             http://erp1.enpack.com.cn:13580/k3C                
                             loud/Kingdee.BOS.WebApi.ServicesStu                
                             b.DynamicFormService.ExecuteBillQue                
                             ry.common.kdsvc "HTTP/1.1 200 OK"                  
[04/16/26 02:59:36] INFO     Processing request of type            server.py:727
                             CallToolRequest                                    
                    INFO     HTTP Request: POST                  _client.py:1740
                             http://erp1.enpack.com.cn:13580/k3C                
                             loud/Kingdee.BOS.WebApi.ServicesStu                
                             b.DynamicFormService.ExecuteBillQue                
                             ry.common.kdsvc "HTTP/1.1 200 OK"                  
[04/16/26 02:59:40] INFO     Processing request of type            server.py:727
                             CallToolRequest                                    
                    INFO     HTTP Request: POST                  _client.py:1740
                             http://erp1.enpack.com.cn:13580/k3C                
                             loud/Kingdee.BOS.WebApi.ServicesStu                
                             b.DynamicFormService.ExecuteBillQue                
                             ry.common.kdsvc "HTTP/1.1 200 OK"                  
[04/16/26 02:59:46] INFO     Processing request of type            server.py:727
                             CallToolRequest                                    
                    INFO     HTTP Request: POST                  _client.py:1740
                             http://erp1.enpack.com.cn:13580/k3C                
                             loud/Kingdee.BOS.WebApi.ServicesStu                
                             b.DynamicFormService.ExecuteBillQue                
                             ry.common.kdsvc "HTTP/1.1 200 OK"                  
[04/16/26 02:59:50] INFO     Processing request of type            server.py:727
                             CallToolRequest                                    
                    INFO     HTTP Request: POST                  _client.py:1740
                             http://erp1.enpack.com.cn:13580/k3C                
                             loud/Kingdee.BOS.WebApi.ServicesStu                
                             b.DynamicFormService.ExecuteBillQue                
                             ry.common.kdsvc "HTTP/1.1 200 OK"                  
[04/16/26 02:59:56] INFO     Processing request of type            server.py:727
                             CallToolRequest                                    
                    INFO     HTTP Request: POST                  _client.py:1740
                             http://erp1.enpack.com.cn:13580/k3C                
                             loud/Kingdee.BOS.WebApi.ServicesStu                
                             b.DynamicFormService.ExecuteBillQue                
                             ry.common.kdsvc "HTTP/1.1 200 OK"                  
[04/16/26 03:00:04] INFO     Processing request of type            server.py:727
                             CallToolRequest                                    
[04/16/26 03:00:05] INFO     HTTP Request: POST                  _client.py:1740
                             http://erp1.enpack.com.cn:13580/k3C                
                             loud/Kingdee.BOS.WebApi.ServicesStu                
                             b.DynamicFormService.ExecuteBillQue                
                             ry.common.kdsvc "HTTP/1.1 200 OK"                  
[9/46] L2-04 (L2) — 23 fields / 12 tool calls: ['kingdee_search_forms_online', 'kingdee_search_forms_online', 'kingdee_query_bills', 'kingdee_query_bills', 'kingdee_query_bills', 'kingdee_query_bills', 'kingdee_query_bills', 'kingdee_search_forms_online', 'kingdee_query_bills', 'kingdee_query_materials', 'kingdee_query_bills', 'kingdee_query_bills']
[04/16/26 03:00:16] INFO     Processing request of type            server.py:727
                             CallToolRequest                                    
                    INFO     HTTP Request: POST                  _client.py:1740
                             http://erp1.enpack.com.cn:13580/k3C                
                             loud/Kingdee.BOS.WebApi.ServicesStu                
                             b.DynamicFormService.ExecuteBillQue                
                             ry.common.kdsvc "HTTP/1.1 200 OK"                  
[04/16/26 03:00:20] INFO     Processing request of type            server.py:727
                             CallToolRequest                                    
                    INFO     HTTP Request: POST                  _client.py:1740
                             http://erp1.enpack.com.cn:13580/k3C                
                             loud/Kingdee.BOS.WebApi.ServicesStu                
                             b.DynamicFormService.ExecuteBillQue                
                             ry.common.kdsvc "HTTP/1.1 200 OK"                  
[04/16/26 03:00:24] INFO     Processing request of type            server.py:727
                             CallToolRequest                                    
                    INFO     HTTP Request: POST                  _client.py:1740
                             http://erp1.enpack.com.cn:13580/k3C                
                             loud/Kingdee.BOS.WebApi.ServicesStu                
                             b.DynamicFormService.ExecuteBillQue                
                             ry.common.kdsvc "HTTP/1.1 200 OK"                  
[04/16/26 03:00:28] INFO     Processing request of type            server.py:727
                             CallToolRequest                                    
                    INFO     HTTP Request: POST                  _client.py:1740
                             http://erp1.enpack.com.cn:13580/k3C                
                             loud/Kingdee.BOS.WebApi.ServicesStu                
                             b.DynamicFormService.ExecuteBillQue                
                             ry.common.kdsvc "HTTP/1.1 200 OK"                  
[04/16/26 03:00:33] INFO     Processing request of type            server.py:727
                             CallToolRequest                                    
                    INFO     HTTP Request: POST                  _client.py:1740
                             http://erp1.enpack.com.cn:13580/k3C                
                             loud/Kingdee.BOS.WebApi.ServicesStu                
                             b.DynamicFormService.ExecuteBillQue                
                             ry.common.kdsvc "HTTP/1.1 200 OK"                  
[04/16/26 03:00:37] INFO     Processing request of type            server.py:727
                             CallToolRequest                                    
                    INFO     HTTP Request: POST                  _client.py:1740
                             http://erp1.enpack.com.cn:13580/k3C                
                             loud/Kingdee.BOS.WebApi.ServicesStu                
                             b.DynamicFormService.QueryBusinessI                
                             nfo.common.kdsvc "HTTP/1.1 200 OK"                 
[04/16/26 03:00:46] INFO     Processing request of type            server.py:727
                             CallToolRequest                                    
                    INFO     HTTP Request: POST                  _client.py:1740
                             http://erp1.enpack.com.cn:13580/k3C                
                             loud/Kingdee.BOS.WebApi.ServicesStu                
                             b.DynamicFormService.ExecuteBillQue                
                             ry.common.kdsvc "HTTP/1.1 200 OK"                  
[04/16/26 03:00:52] INFO     Processing request of type            server.py:727
                             CallToolRequest                                    
                    INFO     HTTP Request: POST                  _client.py:1740
                             http://erp1.enpack.com.cn:13580/k3C                
                             loud/Kingdee.BOS.WebApi.ServicesStu                
                             b.DynamicFormService.ExecuteBillQue                
                             ry.common.kdsvc "HTTP/1.1 200 OK"                  
[04/16/26 03:01:03] INFO     Processing request of type            server.py:727
                             CallToolRequest                                    
                    INFO     HTTP Request: POST                  _client.py:1740
                             http://erp1.enpack.com.cn:13580/k3C                
                             loud/Kingdee.BOS.WebApi.ServicesStu                
                             b.DynamicFormService.ExecuteBillQue                
                             ry.common.kdsvc "HTTP/1.1 200 OK"                  
[10/46] L2-05 (L2) — 8 fields / 9 tool calls: ['kingdee_search_forms_online', 'kingdee_search_forms_online', 'kingdee_search_forms_online', 'kingdee_search_forms_online', 'kingdee_query_bills', 'kingdee_describe_form', 'kingdee_query_bills', 'kingdee_query_bills', 'kingdee_query_bills']
[04/16/26 03:01:19] INFO     Processing request of type            server.py:727
                             CallToolRequest                                    
                    INFO     HTTP Request: POST                  _client.py:1740
                             http://erp1.enpack.com.cn:13580/k3C                
                             loud/Kingdee.BOS.WebApi.ServicesStu                
                             b.DynamicFormService.ExecuteBillQue                
                             ry.common.kdsvc "HTTP/1.1 200 OK"                  
[04/16/26 03:01:22] INFO     Processing request of type            server.py:727
                             CallToolRequest                                    
                    INFO     HTTP Request: POST                  _client.py:1740
                             http://erp1.enpack.com.cn:13580/k3C                
                             loud/Kingdee.BOS.WebApi.ServicesStu                
                             b.DynamicFormService.ExecuteBillQue                
                             ry.common.kdsvc "HTTP/1.1 200 OK"                  
[04/16/26 03:01:25] INFO     Processing request of type            server.py:727
                             CallToolRequest                                    
                    INFO     HTTP Request: POST                  _client.py:1740
                             http://erp1.enpack.com.cn:13580/k3C                
                             loud/Kingdee.BOS.WebApi.ServicesStu                
                             b.DynamicFormService.ExecuteBillQue                
                             ry.common.kdsvc "HTTP/1.1 200 OK"                  
[04/16/26 03:01:29] INFO     Processing request of type            server.py:727
                             CallToolRequest                                    
                    INFO     HTTP Request: POST                  _client.py:1740
                             http://erp1.enpack.com.cn:13580/k3C                
                             loud/Kingdee.BOS.WebApi.ServicesStu                
                             b.DynamicFormService.ExecuteBillQue                
                             ry.common.kdsvc "HTTP/1.1 200 OK"                  
[04/16/26 03:01:34] INFO     Processing request of type            server.py:727
                             CallToolRequest                                    
                    INFO     HTTP Request: POST                  _client.py:1740
                             http://erp1.enpack.com.cn:13580/k3C                
                             loud/Kingdee.BOS.WebApi.ServicesStu                
                             b.DynamicFormService.QueryBusinessI                
                             nfo.common.kdsvc "HTTP/1.1 200 OK"                 
[04/16/26 03:01:42] INFO     Processing request of type            server.py:727
                             CallToolRequest                                    
                    INFO     HTTP Request: POST                  _client.py:1740
                             http://erp1.enpack.com.cn:13580/k3C                
                             loud/Kingdee.BOS.WebApi.ServicesStu                
                             b.DynamicFormService.ExecuteBillQue                
                             ry.common.kdsvc "HTTP/1.1 200 OK"                  
[04/16/26 03:01:47] INFO     Processing request of type            server.py:727
                             CallToolRequest                                    
                    INFO     HTTP Request: POST                  _client.py:1740
                             http://erp1.enpack.com.cn:13580/k3C                
                             loud/Kingdee.BOS.WebApi.ServicesStu                
                             b.DynamicFormService.ExecuteBillQue                
                             ry.common.kdsvc "HTTP/1.1 200 OK"                  
[04/16/26 03:01:51] INFO     Processing request of type            server.py:727
                             CallToolRequest                                    
                    INFO     HTTP Request: POST                  _client.py:1740
                             http://erp1.enpack.com.cn:13580/k3C                
                             loud/Kingdee.BOS.WebApi.ServicesStu                
                             b.DynamicFormService.ExecuteBillQue                
                             ry.common.kdsvc "HTTP/1.1 200 OK"                  
[04/16/26 03:01:54] INFO     Processing request of type            server.py:727
                             CallToolRequest                                    
                    INFO     HTTP Request: POST                  _client.py:1740
                             http://erp1.enpack.com.cn:13580/k3C                
                             loud/Kingdee.BOS.WebApi.ServicesStu                
                             b.DynamicFormService.ExecuteBillQue                
                             ry.common.kdsvc "HTTP/1.1 200 OK"                  
[04/16/26 03:01:58] INFO     Processing request of type            server.py:727
                             CallToolRequest                                    
                    INFO     HTTP Request: POST                  _client.py:1740
                             http://erp1.enpack.com.cn:13580/k3C                
                             loud/Kingdee.BOS.WebApi.ServicesStu                
                             b.DynamicFormService.ExecuteBillQue                
                             ry.common.kdsvc "HTTP/1.1 200 OK"                  
[04/16/26 03:02:04] INFO     Processing request of type            server.py:727
                             CallToolRequest                                    
                    INFO     HTTP Request: POST                  _client.py:1740
                             http://erp1.enpack.com.cn:13580/k3C                
                             loud/Kingdee.BOS.WebApi.ServicesStu                
                             b.DynamicFormService.ExecuteBillQue                
                             ry.common.kdsvc "HTTP/1.1 200 OK"                  
[04/16/26 03:02:09] INFO     Processing request of type            server.py:727
                             CallToolRequest                                    
[04/16/26 03:02:10] INFO     HTTP Request: POST                  _client.py:1740
                             http://erp1.enpack.com.cn:13580/k3C                
                             loud/Kingdee.BOS.WebApi.ServicesStu                
                             b.DynamicFormService.ExecuteBillQue                
                             ry.common.kdsvc "HTTP/1.1 200 OK"                  
[11/46] L2-06 (L2) — 13 fields / 12 tool calls: ['kingdee_search_forms_online', 'kingdee_search_forms_online', 'kingdee_search_forms_online', 'kingdee_query_bills', 'kingdee_describe_form', 'kingdee_query_bills', 'kingdee_query_bills', 'kingdee_query_bills', 'kingdee_query_materials', 'kingdee_query_bills', 'kingdee_query_bills', 'kingdee_query_bills']
[04/16/26 03:02:20] INFO     Processing request of type            server.py:727
                             CallToolRequest                                    
                    INFO     HTTP Request: POST                  _client.py:1740
                             http://erp1.enpack.com.cn:13580/k3C                
                             loud/Kingdee.BOS.WebApi.ServicesStu                
                             b.DynamicFormService.ExecuteBillQue                
                             ry.common.kdsvc "HTTP/1.1 200 OK"                  
[04/16/26 03:02:23] INFO     Processing request of type            server.py:727
                             CallToolRequest                                    
                    INFO     HTTP Request: POST                  _client.py:1740
                             http://erp1.enpack.com.cn:13580/k3C                
                             loud/Kingdee.BOS.WebApi.ServicesStu                
                             b.DynamicFormService.ExecuteBillQue                
                             ry.common.kdsvc "HTTP/1.1 200 OK"                  
[04/16/26 03:02:25] INFO     Processing request of type            server.py:727
                             CallToolRequest                                    
                    INFO     HTTP Request: POST                  _client.py:1740
                             http://erp1.enpack.com.cn:13580/k3C                
                             loud/Kingdee.BOS.WebApi.ServicesStu                
                             b.DynamicFormService.ExecuteBillQue                
                             ry.common.kdsvc "HTTP/1.1 200 OK"                  
[04/16/26 03:02:30] INFO     Processing request of type            server.py:727
                             CallToolRequest                                    
[04/16/26 03:02:31] INFO     HTTP Request: POST                  _client.py:1740
                             http://erp1.enpack.com.cn:13580/k3C                
                             loud/Kingdee.BOS.WebApi.ServicesStu                
                             b.DynamicFormService.ExecuteBillQue                
                             ry.common.kdsvc "HTTP/1.1 200 OK"                  
[04/16/26 03:02:36] INFO     Processing request of type            server.py:727
                             CallToolRequest                                    
                    INFO     HTTP Request: POST                  _client.py:1740
                             http://erp1.enpack.com.cn:13580/k3C                
                             loud/Kingdee.BOS.WebApi.ServicesStu                
                             b.DynamicFormService.ExecuteBillQue                
                             ry.common.kdsvc "HTTP/1.1 200 OK"                  
[04/16/26 03:02:41] INFO     Processing request of type            server.py:727
                             CallToolRequest                                    
                    INFO     HTTP Request: POST                  _client.py:1740
                             http://erp1.enpack.com.cn:13580/k3C                
                             loud/Kingdee.BOS.WebApi.ServicesStu                
                             b.DynamicFormService.ExecuteBillQue                
                             ry.common.kdsvc "HTTP/1.1 200 OK"                  
[04/16/26 03:02:43] INFO     Processing request of type            server.py:727
                             CallToolRequest                                    
                    INFO     HTTP Request: POST                  _client.py:1740
                             http://erp1.enpack.com.cn:13580/k3C                
                             loud/Kingdee.BOS.WebApi.ServicesStu                
                             b.DynamicFormService.QueryBusinessI                
                             nfo.common.kdsvc "HTTP/1.1 200 OK"                 
[04/16/26 03:02:51] INFO     Processing request of type            server.py:727
                             CallToolRequest                                    
                    INFO     HTTP Request: POST                  _client.py:1740
                             http://erp1.enpack.com.cn:13580/k3C                
                             loud/Kingdee.BOS.WebApi.ServicesStu                
                             b.DynamicFormService.ExecuteBillQue                
                             ry.common.kdsvc "HTTP/1.1 200 OK"                  
[04/16/26 03:02:59] INFO     Processing request of type            server.py:727
                             CallToolRequest                                    
                    INFO     HTTP Request: POST                  _client.py:1740
                             http://erp1.enpack.com.cn:13580/k3C                
                             loud/Kingdee.BOS.WebApi.ServicesStu                
                             b.DynamicFormService.ExecuteBillQue                
                             ry.common.kdsvc "HTTP/1.1 200 OK"                  
[04/16/26 03:03:05] INFO     Processing request of type            server.py:727
                             CallToolRequest                                    
                    INFO     HTTP Request: POST                  _client.py:1740
                             http://erp1.enpack.com.cn:13580/k3C                
                             loud/Kingdee.BOS.WebApi.ServicesStu                
                             b.DynamicFormService.ExecuteBillQue                
                             ry.common.kdsvc "HTTP/1.1 200 OK"                  
[12/46] L2-07 (L2) — 12 fields / 10 tool calls: ['kingdee_search_forms_online', 'kingdee_search_forms_online', 'kingdee_search_forms_online', 'kingdee_query_bills', 'kingdee_query_bills', 'kingdee_query_bills', 'kingdee_describe_form', 'kingdee_query_bills', 'kingdee_query_bills', 'kingdee_query_bills']
[04/16/26 03:03:20] INFO     Processing request of type            server.py:727
                             CallToolRequest                                    
                    INFO     HTTP Request: POST                  _client.py:1740
                             http://erp1.enpack.com.cn:13580/k3C                
                             loud/Kingdee.BOS.WebApi.ServicesStu                
                             b.DynamicFormService.ExecuteBillQue                
                             ry.common.kdsvc "HTTP/1.1 200 OK"                  
[04/16/26 03:03:23] INFO     Processing request of type            server.py:727
                             CallToolRequest                                    
                    INFO     HTTP Request: POST                  _client.py:1740
                             http://erp1.enpack.com.cn:13580/k3C                
                             loud/Kingdee.BOS.WebApi.ServicesStu                
                             b.DynamicFormService.ExecuteBillQue                
                             ry.common.kdsvc "HTTP/1.1 200 OK"                  
[04/16/26 03:03:26] INFO     Processing request of type            server.py:727
                             CallToolRequest                                    
                    INFO     HTTP Request: POST                  _client.py:1740
                             http://erp1.enpack.com.cn:13580/k3C                
                             loud/Kingdee.BOS.WebApi.ServicesStu                
                             b.DynamicFormService.ExecuteBillQue                
                             ry.common.kdsvc "HTTP/1.1 200 OK"                  
[04/16/26 03:03:29] INFO     Processing request of type            server.py:727
                             CallToolRequest                                    
                    INFO     HTTP Request: POST                  _client.py:1740
                             http://erp1.enpack.com.cn:13580/k3C                
                             loud/Kingdee.BOS.WebApi.ServicesStu                
                             b.DynamicFormService.ExecuteBillQue                
                             ry.common.kdsvc "HTTP/1.1 200 OK"                  
[04/16/26 03:03:33] INFO     Processing request of type            server.py:727
                             CallToolRequest                                    
                    INFO     HTTP Request: POST                  _client.py:1740
                             http://erp1.enpack.com.cn:13580/k3C                
                             loud/Kingdee.BOS.WebApi.ServicesStu                
                             b.DynamicFormService.ExecuteBillQue                
                             ry.common.kdsvc "HTTP/1.1 200 OK"                  
[04/16/26 03:03:36] INFO     Processing request of type            server.py:727
                             CallToolRequest                                    
                    INFO     HTTP Request: POST                  _client.py:1740
                             http://erp1.enpack.com.cn:13580/k3C                
                             loud/Kingdee.BOS.WebApi.ServicesStu                
                             b.DynamicFormService.QueryBusinessI                
                             nfo.common.kdsvc "HTTP/1.1 200 OK"                 
[04/16/26 03:03:43] INFO     Processing request of type            server.py:727
                             CallToolRequest                                    
                    INFO     HTTP Request: POST                  _client.py:1740
                             http://erp1.enpack.com.cn:13580/k3C                
                             loud/Kingdee.BOS.WebApi.ServicesStu                
                             b.DynamicFormService.ExecuteBillQue                
                             ry.common.kdsvc "HTTP/1.1 200 OK"                  
[04/16/26 03:03:48] INFO     Processing request of type            server.py:727
                             CallToolRequest                                    
                    INFO     HTTP Request: POST                  _client.py:1740
                             http://erp1.enpack.com.cn:13580/k3C                
                             loud/Kingdee.BOS.WebApi.ServicesStu                
                             b.DynamicFormService.ExecuteBillQue                
                             ry.common.kdsvc "HTTP/1.1 200 OK"                  
[04/16/26 03:03:52] INFO     Processing request of type            server.py:727
                             CallToolRequest                                    
                    INFO     HTTP Request: POST                  _client.py:1740
                             http://erp1.enpack.com.cn:13580/k3C                
                             loud/Kingdee.BOS.WebApi.ServicesStu                
                             b.DynamicFormService.ExecuteBillQue                
                             ry.common.kdsvc "HTTP/1.1 200 OK"                  
[04/16/26 03:03:55] INFO     Processing request of type            server.py:727
                             CallToolRequest                                    
                    INFO     HTTP Request: POST                  _client.py:1740
                             http://erp1.enpack.com.cn:13580/k3C                
                             loud/Kingdee.BOS.WebApi.ServicesStu                
                             b.DynamicFormService.ExecuteBillQue                
                             ry.common.kdsvc "HTTP/1.1 200 OK"                  
[04/16/26 03:03:59] INFO     Processing request of type            server.py:727
                             CallToolRequest                                    
                    INFO     HTTP Request: POST                  _client.py:1740
                             http://erp1.enpack.com.cn:13580/k3C                
                             loud/Kingdee.BOS.WebApi.ServicesStu                
                             b.DynamicFormService.ExecuteBillQue                
                             ry.common.kdsvc "HTTP/1.1 200 OK"                  
[13/46] L2-08 (L2) — 12 fields / 11 tool calls: ['kingdee_query_fixed_assets', 'kingdee_search_forms_online', 'kingdee_search_forms_online', 'kingdee_search_forms_online', 'kingdee_query_bills', 'kingdee_describe_form', 'kingdee_query_bills', 'kingdee_query_bills', 'kingdee_query_bills', 'kingdee_query_bills', 'kingdee_query_fixed_assets']
[04/16/26 03:04:14] INFO     Processing request of type            server.py:727
                             CallToolRequest                                    
                    INFO     HTTP Request: POST                  _client.py:1740
                             http://erp1.enpack.com.cn:13580/k3C                
                             loud/Kingdee.BOS.WebApi.ServicesStu                
                             b.DynamicFormService.ExecuteBillQue                
                             ry.common.kdsvc "HTTP/1.1 200 OK"                  
[04/16/26 03:04:17] INFO     Processing request of type            server.py:727
                             CallToolRequest                                    
                    INFO     HTTP Request: POST                  _client.py:1740
                             http://erp1.enpack.com.cn:13580/k3C                
                             loud/Kingdee.BOS.WebApi.ServicesStu                
                             b.DynamicFormService.ExecuteBillQue                
                             ry.common.kdsvc "HTTP/1.1 200 OK"                  
[04/16/26 03:04:22] INFO     Processing request of type            server.py:727
                             CallToolRequest                                    
                    INFO     HTTP Request: POST                  _client.py:1740
                             http://erp1.enpack.com.cn:13580/k3C                
                             loud/Kingdee.BOS.WebApi.ServicesStu                
                             b.DynamicFormService.ExecuteBillQue                
                             ry.common.kdsvc "HTTP/1.1 200 OK"                  
[04/16/26 03:04:27] INFO     Processing request of type            server.py:727
                             CallToolRequest                                    
                    INFO     HTTP Request: POST                  _client.py:1740
                             http://erp1.enpack.com.cn:13580/k3C                
                             loud/Kingdee.BOS.WebApi.ServicesStu                
                             b.DynamicFormService.QueryBusinessI                
                             nfo.common.kdsvc "HTTP/1.1 200 OK"                 
[04/16/26 03:04:34] INFO     Processing request of type            server.py:727
                             CallToolRequest                                    
                    INFO     HTTP Request: POST                  _client.py:1740
                             http://erp1.enpack.com.cn:13580/k3C                
                             loud/Kingdee.BOS.WebApi.ServicesStu                
                             b.DynamicFormService.ExecuteBillQue                
                             ry.common.kdsvc "HTTP/1.1 200 OK"                  
[04/16/26 03:04:37] INFO     Processing request of type            server.py:727
                             CallToolRequest                                    
                    INFO     HTTP Request: POST                  _client.py:1740
                             http://erp1.enpack.com.cn:13580/k3C                
                             loud/Kingdee.BOS.WebApi.ServicesStu                
                             b.DynamicFormService.ExecuteBillQue                
                             ry.common.kdsvc "HTTP/1.1 200 OK"                  
[04/16/26 03:04:42] INFO     Processing request of type            server.py:727
                             CallToolRequest                                    
                    INFO     HTTP Request: POST                  _client.py:1740
                             http://erp1.enpack.com.cn:13580/k3C                
                             loud/Kingdee.BOS.WebApi.ServicesStu                
                             b.DynamicFormService.ExecuteBillQue                
                             ry.common.kdsvc "HTTP/1.1 200 OK"                  
[04/16/26 03:04:46] INFO     Processing request of type            server.py:727
                             CallToolRequest                                    
                    INFO     HTTP Request: POST                  _client.py:1740
                             http://erp1.enpack.com.cn:13580/k3C                
                             loud/Kingdee.BOS.WebApi.ServicesStu                
                             b.DynamicFormService.ExecuteBillQue                
                             ry.common.kdsvc "HTTP/1.1 200 OK"                  
[04/16/26 03:04:49] INFO     Processing request of type            server.py:727
                             CallToolRequest                                    
                    INFO     HTTP Request: POST                  _client.py:1740
                             http://erp1.enpack.com.cn:13580/k3C                
                             loud/Kingdee.BOS.WebApi.ServicesStu                
                             b.DynamicFormService.ExecuteBillQue                
                             ry.common.kdsvc "HTTP/1.1 200 OK"                  
[14/46] L2-09 (L2) — 7 fields / 9 tool calls: ['kingdee_search_forms_online', 'kingdee_search_forms_online', 'kingdee_query_bills', 'kingdee_describe_form', 'kingdee_query_bills', 'kingdee_query_materials', 'kingdee_query_bills', 'kingdee_query_materials', 'kingdee_query_materials']
[04/16/26 03:05:01] INFO     Processing request of type            server.py:727
                             CallToolRequest                                    
                    INFO     HTTP Request: POST                  _client.py:1740
                             http://erp1.enpack.com.cn:13580/k3C                
                             loud/Kingdee.BOS.WebApi.ServicesStu                
                             b.DynamicFormService.ExecuteBillQue                
                             ry.common.kdsvc "HTTP/1.1 200 OK"                  
[04/16/26 03:05:06] INFO     Processing request of type            server.py:727
                             CallToolRequest                                    
                    INFO     HTTP Request: POST                  _client.py:1740
                             http://erp1.enpack.com.cn:13580/k3C                
                             loud/Kingdee.BOS.WebApi.ServicesStu                
                             b.DynamicFormService.ExecuteBillQue                
                             ry.common.kdsvc "HTTP/1.1 200 OK"                  
[04/16/26 03:05:10] INFO     Processing request of type            server.py:727
                             CallToolRequest                                    
                    INFO     HTTP Request: POST                  _client.py:1740
                             http://erp1.enpack.com.cn:13580/k3C                
                             loud/Kingdee.BOS.WebApi.ServicesStu                
                             b.DynamicFormService.QueryBusinessI                
                             nfo.common.kdsvc "HTTP/1.1 200 OK"                 
[04/16/26 03:05:17] INFO     Processing request of type            server.py:727
                             CallToolRequest                                    
[04/16/26 03:05:18] INFO     HTTP Request: POST                  _client.py:1740
                             http://erp1.enpack.com.cn:13580/k3C                
                             loud/Kingdee.BOS.WebApi.ServicesStu                
                             b.DynamicFormService.ExecuteBillQue                
                             ry.common.kdsvc "HTTP/1.1 200 OK"                  
[04/16/26 03:05:24] INFO     Processing request of type            server.py:727
                             CallToolRequest                                    
                    INFO     HTTP Request: POST                  _client.py:1740
                             http://erp1.enpack.com.cn:13580/k3C                
                             loud/Kingdee.BOS.WebApi.ServicesStu                
                             b.DynamicFormService.ExecuteBillQue                
                             ry.common.kdsvc "HTTP/1.1 200 OK"                  
[15/46] L2-10 (L2) — 12 fields / 5 tool calls: ['kingdee_search_forms_online', 'kingdee_query_bills', 'kingdee_describe_form', 'kingdee_query_bills', 'kingdee_query_bills']
[04/16/26 03:05:38] INFO     Processing request of type            server.py:727
                             CallToolRequest                                    
[04/16/26 03:05:41] INFO     Processing request of type            server.py:727
                             CallToolRequest                                    
[04/16/26 03:05:43] INFO     Processing request of type            server.py:727
                             CallToolRequest                                    
                    INFO     HTTP Request: POST                  _client.py:1740
                             http://erp1.enpack.com.cn:13580/k3C                
                             loud/Kingdee.BOS.WebApi.ServicesStu                
                             b.DynamicFormService.ExecuteBillQue                
                             ry.common.kdsvc "HTTP/1.1 200 OK"                  
[04/16/26 03:05:47] INFO     Processing request of type            server.py:727
                             CallToolRequest                                    
                    INFO     HTTP Request: POST                  _client.py:1740
                             http://erp1.enpack.com.cn:13580/k3C                
                             loud/Kingdee.BOS.WebApi.ServicesStu                
                             b.DynamicFormService.ExecuteBillQue                
                             ry.common.kdsvc "HTTP/1.1 200 OK"                  
[04/16/26 03:05:52] INFO     Processing request of type            server.py:727
                             CallToolRequest                                    
                    INFO     HTTP Request: POST                  _client.py:1740
                             http://erp1.enpack.com.cn:13580/k3C                
                             loud/Kingdee.BOS.WebApi.ServicesStu                
                             b.DynamicFormService.ExecuteBillQue                
                             ry.common.kdsvc "HTTP/1.1 200 OK"                  
[04/16/26 03:05:57] INFO     Processing request of type            server.py:727
                             CallToolRequest                                    
                    INFO     HTTP Request: POST                  _client.py:1740
                             http://erp1.enpack.com.cn:13580/k3C                
                             loud/Kingdee.BOS.WebApi.ServicesStu                
                             b.DynamicFormService.ExecuteBillQue                
                             ry.common.kdsvc "HTTP/1.1 200 OK"                  
[04/16/26 03:06:01] INFO     Processing request of type            server.py:727
                             CallToolRequest                                    
                    INFO     HTTP Request: POST                  _client.py:1740
                             http://erp1.enpack.com.cn:13580/k3C                
                             loud/Kingdee.BOS.WebApi.ServicesStu                
                             b.DynamicFormService.ExecuteBillQue                
                             ry.common.kdsvc "HTTP/1.1 200 OK"                  
[04/16/26 03:06:05] INFO     Processing request of type            server.py:727
                             CallToolRequest                                    
                    INFO     HTTP Request: POST                  _client.py:1740
                             http://erp1.enpack.com.cn:13580/k3C                
                             loud/Kingdee.BOS.WebApi.ServicesStu                
                             b.DynamicFormService.ExecuteBillQue                
                             ry.common.kdsvc "HTTP/1.1 200 OK"                  
[04/16/26 03:06:09] INFO     Processing request of type            server.py:727
                             CallToolRequest                                    
                    INFO     HTTP Request: POST                  _client.py:1740
                             http://erp1.enpack.com.cn:13580/k3C                
                             loud/Kingdee.BOS.WebApi.ServicesStu                
                             b.DynamicFormService.ExecuteBillQue                
                             ry.common.kdsvc "HTTP/1.1 200 OK"                  
[04/16/26 03:06:16] INFO     Processing request of type            server.py:727
                             CallToolRequest                                    
                    INFO     HTTP Request: POST                  _client.py:1740
                             http://erp1.enpack.com.cn:13580/k3C                
                             loud/Kingdee.BOS.WebApi.ServicesStu                
                             b.DynamicFormService.ExecuteBillQue                
                             ry.common.kdsvc "HTTP/1.1 200 OK"                  
[04/16/26 03:06:22] INFO     Processing request of type            server.py:727
                             CallToolRequest                                    
                    INFO     HTTP Request: POST                  _client.py:1740
                             http://erp1.enpack.com.cn:13580/k3C                
                             loud/Kingdee.BOS.WebApi.ServicesStu                
                             b.DynamicFormService.ExecuteBillQue                
                             ry.common.kdsvc "HTTP/1.1 200 OK"                  
[04/16/26 03:06:27] INFO     Processing request of type            server.py:727
                             CallToolRequest                                    
                    INFO     HTTP Request: POST                  _client.py:1740
                             http://erp1.enpack.com.cn:13580/k3C                
                             loud/Kingdee.BOS.WebApi.ServicesStu                
                             b.DynamicFormService.ExecuteBillQue                
                             ry.common.kdsvc "HTTP/1.1 200 OK"                  
[16/46] L3-01 (L3) — 31 fields / 12 tool calls: ['kingdee_search_forms_online', 'kingdee_search_forms_online', 'kingdee_search_forms_online', 'kingdee_search_forms_online', 'kingdee_query_bills', 'kingdee_query_bills', 'kingdee_query_bills', 'kingdee_query_bills', 'kingdee_query_bills', 'kingdee_query_bills', 'kingdee_query_bills', 'kingdee_query_bills']
[04/16/26 03:06:48] INFO     Processing request of type            server.py:727
                             CallToolRequest                                    
                    INFO     HTTP Request: POST                  _client.py:1740
                             http://erp1.enpack.com.cn:13580/k3C                
                             loud/Kingdee.BOS.WebApi.ServicesStu                
                             b.DynamicFormService.ExecuteBillQue                
                             ry.common.kdsvc "HTTP/1.1 200 OK"                  
[04/16/26 03:06:51] INFO     Processing request of type            server.py:727
                             CallToolRequest                                    
                    INFO     HTTP Request: POST                  _client.py:1740
                             http://erp1.enpack.com.cn:13580/k3C                
                             loud/Kingdee.BOS.WebApi.ServicesStu                
                             b.DynamicFormService.ExecuteBillQue                
                             ry.common.kdsvc "HTTP/1.1 200 OK"                  
[04/16/26 03:06:54] INFO     Processing request of type            server.py:727
                             CallToolRequest                                    
                    INFO     HTTP Request: POST                  _client.py:1740
                             http://erp1.enpack.com.cn:13580/k3C                
                             loud/Kingdee.BOS.WebApi.ServicesStu                
                             b.DynamicFormService.ExecuteBillQue                
                             ry.common.kdsvc "HTTP/1.1 200 OK"                  
[04/16/26 03:06:57] INFO     Processing request of type            server.py:727
                             CallToolRequest                                    
                    INFO     HTTP Request: POST                  _client.py:1740
                             http://erp1.enpack.com.cn:13580/k3C                
                             loud/Kingdee.BOS.WebApi.ServicesStu                
                             b.DynamicFormService.ExecuteBillQue                
                             ry.common.kdsvc "HTTP/1.1 200 OK"                  
[04/16/26 03:07:00] INFO     Processing request of type            server.py:727
                             CallToolRequest                                    
                    INFO     HTTP Request: POST                  _client.py:1740
                             http://erp1.enpack.com.cn:13580/k3C                
                             loud/Kingdee.BOS.WebApi.ServicesStu                
                             b.DynamicFormService.ExecuteBillQue                
                             ry.common.kdsvc "HTTP/1.1 200 OK"                  
[04/16/26 03:07:04] INFO     Processing request of type            server.py:727
                             CallToolRequest                                    
                    INFO     HTTP Request: POST                  _client.py:1740
                             http://erp1.enpack.com.cn:13580/k3C                
                             loud/Kingdee.BOS.WebApi.ServicesStu                
                             b.DynamicFormService.QueryBusinessI                
                             nfo.common.kdsvc "HTTP/1.1 200 OK"                 
[04/16/26 03:07:07] INFO     Processing request of type            server.py:727
                             CallToolRequest                                    
                    INFO     HTTP Request: POST                  _client.py:1740
                             http://erp1.enpack.com.cn:13580/k3C                
                             loud/Kingdee.BOS.WebApi.ServicesStu                
                             b.DynamicFormService.QueryBusinessI                
                             nfo.common.kdsvc "HTTP/1.1 200 OK"                 
[04/16/26 03:07:12] INFO     Processing request of type            server.py:727
                             CallToolRequest                                    
                    INFO     HTTP Request: POST                  _client.py:1740
                             http://erp1.enpack.com.cn:13580/k3C                
                             loud/Kingdee.BOS.WebApi.ServicesStu                
                             b.DynamicFormService.ExecuteBillQue                
                             ry.common.kdsvc "HTTP/1.1 200 OK"                  
[04/16/26 03:07:16] INFO     Processing request of type            server.py:727
                             CallToolRequest                                    
                    INFO     HTTP Request: POST                  _client.py:1740
                             http://erp1.enpack.com.cn:13580/k3C                
                             loud/Kingdee.BOS.WebApi.ServicesStu                
                             b.DynamicFormService.ExecuteBillQue                
                             ry.common.kdsvc "HTTP/1.1 200 OK"                  
[04/16/26 03:07:21] INFO     Processing request of type            server.py:727
                             CallToolRequest                                    
                    INFO     HTTP Request: POST                  _client.py:1740
                             http://erp1.enpack.com.cn:13580/k3C                
                             loud/Kingdee.BOS.WebApi.ServicesStu                
                             b.DynamicFormService.ExecuteBillQue                
                             ry.common.kdsvc "HTTP/1.1 200 OK"                  
[04/16/26 03:07:26] INFO     Processing request of type            server.py:727
                             CallToolRequest                                    
                    INFO     HTTP Request: POST                  _client.py:1740
                             http://erp1.enpack.com.cn:13580/k3C                
                             loud/Kingdee.BOS.WebApi.ServicesStu                
                             b.DynamicFormService.ExecuteBillQue                
                             ry.common.kdsvc "HTTP/1.1 200 OK"                  
[04/16/26 03:07:31] INFO     Processing request of type            server.py:727
                             CallToolRequest                                    
                    INFO     HTTP Request: POST                  _client.py:1740
                             http://erp1.enpack.com.cn:13580/k3C                
                             loud/Kingdee.BOS.WebApi.ServicesStu                
                             b.DynamicFormService.ExecuteBillQue                
                             ry.common.kdsvc "HTTP/1.1 200 OK"                  
[17/46] L3-02 (L3) — 26 fields / 12 tool calls: ['kingdee_search_forms_online', 'kingdee_search_forms_online', 'kingdee_search_forms_online', 'kingdee_query_bills', 'kingdee_query_bills', 'kingdee_describe_form', 'kingdee_describe_form', 'kingdee_query_bills', 'kingdee_query_bills', 'kingdee_query_bills', 'kingdee_query_bills', 'kingdee_query_bills']
[04/16/26 03:07:51] INFO     Processing request of type            server.py:727
                             CallToolRequest                                    
[04/16/26 03:07:54] INFO     Processing request of type            server.py:727
                             CallToolRequest                                    
                    INFO     HTTP Request: POST                  _client.py:1740
                             http://erp1.enpack.com.cn:13580/k3C                
                             loud/Kingdee.BOS.WebApi.ServicesStu                
                             b.DynamicFormService.ExecuteBillQue                
                             ry.common.kdsvc "HTTP/1.1 200 OK"                  
[04/16/26 03:07:57] INFO     Processing request of type            server.py:727
                             CallToolRequest                                    
                    INFO     HTTP Request: POST                  _client.py:1740
                             http://erp1.enpack.com.cn:13580/k3C                
                             loud/Kingdee.BOS.WebApi.ServicesStu                
                             b.DynamicFormService.ExecuteBillQue                
                             ry.common.kdsvc "HTTP/1.1 200 OK"                  
[04/16/26 03:08:00] INFO     Processing request of type            server.py:727
                             CallToolRequest                                    
                    INFO     HTTP Request: POST                  _client.py:1740
                             http://erp1.enpack.com.cn:13580/k3C                
                             loud/Kingdee.BOS.WebApi.ServicesStu                
                             b.DynamicFormService.ExecuteBillQue                
                             ry.common.kdsvc "HTTP/1.1 200 OK"                  
[04/16/26 03:08:03] INFO     Processing request of type            server.py:727
                             CallToolRequest                                    
                    INFO     HTTP Request: POST                  _client.py:1740
                             http://erp1.enpack.com.cn:13580/k3C                
                             loud/Kingdee.BOS.WebApi.ServicesStu                
                             b.DynamicFormService.ExecuteBillQue                
                             ry.common.kdsvc "HTTP/1.1 200 OK"                  
[04/16/26 03:08:06] INFO     Processing request of type            server.py:727
                             CallToolRequest                                    
                    INFO     HTTP Request: POST                  _client.py:1740
                             http://erp1.enpack.com.cn:13580/k3C                
                             loud/Kingdee.BOS.WebApi.ServicesStu                
                             b.DynamicFormService.ExecuteBillQue                
                             ry.common.kdsvc "HTTP/1.1 200 OK"                  
[04/16/26 03:08:09] INFO     Processing request of type            server.py:727
                             CallToolRequest                                    
                    INFO     HTTP Request: POST                  _client.py:1740
                             http://erp1.enpack.com.cn:13580/k3C                
                             loud/Kingdee.BOS.WebApi.ServicesStu                
                             b.DynamicFormService.ExecuteBillQue                
                             ry.common.kdsvc "HTTP/1.1 200 OK"                  
[04/16/26 03:08:13] INFO     Processing request of type            server.py:727
                             CallToolRequest                                    
                    INFO     HTTP Request: POST                  _client.py:1740
                             http://erp1.enpack.com.cn:13580/k3C                
                             loud/Kingdee.BOS.WebApi.ServicesStu                
                             b.DynamicFormService.ExecuteBillQue                
                             ry.common.kdsvc "HTTP/1.1 200 OK"                  
[04/16/26 03:08:16] INFO     Processing request of type            server.py:727
                             CallToolRequest                                    
                    INFO     HTTP Request: POST                  _client.py:1740
                             http://erp1.enpack.com.cn:13580/k3C                
                             loud/Kingdee.BOS.WebApi.ServicesStu                
                             b.DynamicFormService.ExecuteBillQue                
                             ry.common.kdsvc "HTTP/1.1 200 OK"                  
[04/16/26 03:08:19] INFO     Processing request of type            server.py:727
                             CallToolRequest                                    
[04/16/26 03:08:20] INFO     HTTP Request: POST                  _client.py:1740
                             http://erp1.enpack.com.cn:13580/k3C                
                             loud/Kingdee.BOS.WebApi.ServicesStu                
                             b.DynamicFormService.ExecuteBillQue                
                             ry.common.kdsvc "HTTP/1.1 200 OK"                  
[04/16/26 03:08:22] INFO     Processing request of type            server.py:727
                             CallToolRequest                                    
[04/16/26 03:08:23] INFO     HTTP Request: POST                  _client.py:1740
                             http://erp1.enpack.com.cn:13580/k3C                
                             loud/Kingdee.BOS.WebApi.ServicesStu                
                             b.DynamicFormService.ExecuteBillQue                
                             ry.common.kdsvc "HTTP/1.1 200 OK"                  
[04/16/26 03:08:25] INFO     Processing request of type            server.py:727
                             CallToolRequest                                    
                    INFO     HTTP Request: POST                  _client.py:1740
                             http://erp1.enpack.com.cn:13580/k3C                
                             loud/Kingdee.BOS.WebApi.ServicesStu                
                             b.DynamicFormService.ExecuteBillQue                
                             ry.common.kdsvc "HTTP/1.1 200 OK"                  
[18/46] L3-03 (L3) — 7 fields / 12 tool calls: ['kingdee_search_forms_online', 'kingdee_search_forms_online', 'kingdee_search_forms_online', 'kingdee_search_forms_online', 'kingdee_search_forms_online', 'kingdee_search_forms_online', 'kingdee_search_forms_online', 'kingdee_query_bills', 'kingdee_query_bills', 'kingdee_query_bills', 'kingdee_search_forms_online', 'kingdee_search_forms_online']
[04/16/26 03:08:34] INFO     Processing request of type            server.py:727
                             CallToolRequest                                    
[04/16/26 03:08:36] INFO     Processing request of type            server.py:727
                             CallToolRequest                                    
                    INFO     HTTP Request: POST                  _client.py:1740
                             http://erp1.enpack.com.cn:13580/k3C                
                             loud/Kingdee.BOS.WebApi.ServicesStu                
                             b.DynamicFormService.ExecuteBillQue                
                             ry.common.kdsvc "HTTP/1.1 200 OK"                  
[04/16/26 03:08:39] INFO     Processing request of type            server.py:727
                             CallToolRequest                                    
                    INFO     HTTP Request: POST                  _client.py:1740
                             http://erp1.enpack.com.cn:13580/k3C                
                             loud/Kingdee.BOS.WebApi.ServicesStu                
                             b.DynamicFormService.ExecuteBillQue                
                             ry.common.kdsvc "HTTP/1.1 200 OK"                  
[04/16/26 03:08:45] INFO     Processing request of type            server.py:727
                             CallToolRequest                                    
                    INFO     HTTP Request: POST                  _client.py:1740
                             http://erp1.enpack.com.cn:13580/k3C                
                             loud/Kingdee.BOS.WebApi.ServicesStu                
                             b.DynamicFormService.ExecuteBillQue                
                             ry.common.kdsvc "HTTP/1.1 200 OK"                  
[04/16/26 03:08:49] INFO     Processing request of type            server.py:727
                             CallToolRequest                                    
                    INFO     HTTP Request: POST                  _client.py:1740
                             http://erp1.enpack.com.cn:13580/k3C                
                             loud/Kingdee.BOS.WebApi.ServicesStu                
                             b.DynamicFormService.ExecuteBillQue                
                             ry.common.kdsvc "HTTP/1.1 200 OK"                  
[04/16/26 03:08:54] INFO     Processing request of type            server.py:727
                             CallToolRequest                                    
                    INFO     HTTP Request: POST                  _client.py:1740
                             http://erp1.enpack.com.cn:13580/k3C                
                             loud/Kingdee.BOS.WebApi.ServicesStu                
                             b.DynamicFormService.ExecuteBillQue                
                             ry.common.kdsvc "HTTP/1.1 200 OK"                  
[04/16/26 03:08:58] INFO     Processing request of type            server.py:727
                             CallToolRequest                                    
                    INFO     HTTP Request: POST                  _client.py:1740
                             http://erp1.enpack.com.cn:13580/k3C                
                             loud/Kingdee.BOS.WebApi.ServicesStu                
                             b.DynamicFormService.ExecuteBillQue                
                             ry.common.kdsvc "HTTP/1.1 200 OK"                  
[04/16/26 03:09:10] INFO     Processing request of type            server.py:727
                             CallToolRequest                                    
                    INFO     HTTP Request: POST                  _client.py:1740
                             http://erp1.enpack.com.cn:13580/k3C                
                             loud/Kingdee.BOS.WebApi.ServicesStu                
                             b.DynamicFormService.ExecuteBillQue                
                             ry.common.kdsvc "HTTP/1.1 200 OK"                  
[04/16/26 03:09:14] INFO     Processing request of type            server.py:727
                             CallToolRequest                                    
                    INFO     HTTP Request: POST                  _client.py:1740
                             http://erp1.enpack.com.cn:13580/k3C                
                             loud/Kingdee.BOS.WebApi.ServicesStu                
                             b.DynamicFormService.ExecuteBillQue                
                             ry.common.kdsvc "HTTP/1.1 200 OK"                  
[04/16/26 03:09:19] INFO     Processing request of type            server.py:727
                             CallToolRequest                                    
                    INFO     HTTP Request: POST                  _client.py:1740
                             http://erp1.enpack.com.cn:13580/k3C                
                             loud/Kingdee.BOS.WebApi.ServicesStu                
                             b.DynamicFormService.ExecuteBillQue                
                             ry.common.kdsvc "HTTP/1.1 200 OK"                  
[04/16/26 03:09:28] INFO     Processing request of type            server.py:727
                             CallToolRequest                                    
                    INFO     HTTP Request: POST                  _client.py:1740
                             http://erp1.enpack.com.cn:13580/k3C                
                             loud/Kingdee.BOS.WebApi.ServicesStu                
                             b.DynamicFormService.ExecuteBillQue                
                             ry.common.kdsvc "HTTP/1.1 200 OK"                  
[19/46] L3-04 (L3) — 14 fields / 11 tool calls: ['kingdee_search_forms_online', 'kingdee_search_forms_online', 'kingdee_search_forms_online', 'kingdee_query_bills', 'kingdee_query_materials', 'kingdee_query_bills', 'kingdee_query_bills', 'kingdee_query_materials', 'kingdee_query_inventory', 'kingdee_query_inventory', 'kingdee_query_inventory']
[04/16/26 03:09:39] INFO     Processing request of type            server.py:727
                             CallToolRequest                                    
[04/16/26 03:09:40] INFO     HTTP Request: POST                  _client.py:1740
                             http://erp1.enpack.com.cn:13580/k3C                
                             loud/Kingdee.BOS.WebApi.ServicesStu                
                             b.DynamicFormService.ExecuteBillQue                
                             ry.common.kdsvc "HTTP/1.1 200 OK"                  
[04/16/26 03:09:44] INFO     Processing request of type            server.py:727
                             CallToolRequest                                    
                    INFO     HTTP Request: POST                  _client.py:1740
                             http://erp1.enpack.com.cn:13580/k3C                
                             loud/Kingdee.BOS.WebApi.ServicesStu                
                             b.DynamicFormService.ExecuteBillQue                
                             ry.common.kdsvc "HTTP/1.1 200 OK"                  
[04/16/26 03:09:47] INFO     Processing request of type            server.py:727
                             CallToolRequest                                    
                    INFO     HTTP Request: POST                  _client.py:1740
                             http://erp1.enpack.com.cn:13580/k3C                
                             loud/Kingdee.BOS.WebApi.ServicesStu                
                             b.DynamicFormService.ExecuteBillQue                
                             ry.common.kdsvc "HTTP/1.1 200 OK"                  
[04/16/26 03:09:50] INFO     Processing request of type            server.py:727
                             CallToolRequest                                    
                    INFO     HTTP Request: POST                  _client.py:1740
                             http://erp1.enpack.com.cn:13580/k3C                
                             loud/Kingdee.BOS.WebApi.ServicesStu                
                             b.DynamicFormService.ExecuteBillQue                
                             ry.common.kdsvc "HTTP/1.1 200 OK"                  
[20/46] L3-05 (L3) — 5 fields / 4 tool calls: ['kingdee_query_inventory', 'kingdee_query_materials', 'kingdee_query_materials', 'kingdee_query_materials']
[04/16/26 03:10:10] INFO     Processing request of type            server.py:727
                             CallToolRequest                                    
[04/16/26 03:10:13] INFO     Processing request of type            server.py:727
                             CallToolRequest                                    
[04/16/26 03:10:15] INFO     Processing request of type            server.py:727
                             CallToolRequest                                    
                    INFO     HTTP Request: POST                  _client.py:1740
                             http://erp1.enpack.com.cn:13580/k3C                
                             loud/Kingdee.BOS.WebApi.ServicesStu                
                             b.DynamicFormService.ExecuteBillQue                
                             ry.common.kdsvc "HTTP/1.1 200 OK"                  
[04/16/26 03:10:18] INFO     Processing request of type            server.py:727
                             CallToolRequest                                    
                    INFO     HTTP Request: POST                  _client.py:1740
                             http://erp1.enpack.com.cn:13580/k3C                
                             loud/Kingdee.BOS.WebApi.ServicesStu                
                             b.DynamicFormService.ExecuteBillQue                
                             ry.common.kdsvc "HTTP/1.1 200 OK"                  
[04/16/26 03:10:23] INFO     Processing request of type            server.py:727
                             CallToolRequest                                    
                    INFO     HTTP Request: POST                  _client.py:1740
                             http://erp1.enpack.com.cn:13580/k3C                
                             loud/Kingdee.BOS.WebApi.ServicesStu                
                             b.DynamicFormService.ExecuteBillQue                
                             ry.common.kdsvc "HTTP/1.1 200 OK"                  
[04/16/26 03:10:26] INFO     Processing request of type            server.py:727
                             CallToolRequest                                    
[04/16/26 03:10:27] INFO     HTTP Request: POST                  _client.py:1740
                             http://erp1.enpack.com.cn:13580/k3C                
                             loud/Kingdee.BOS.WebApi.ServicesStu                
                             b.DynamicFormService.ExecuteBillQue                
                             ry.common.kdsvc "HTTP/1.1 200 OK"                  
[04/16/26 03:10:30] INFO     Processing request of type            server.py:727
                             CallToolRequest                                    
                    INFO     HTTP Request: POST                  _client.py:1740
                             http://erp1.enpack.com.cn:13580/k3C                
                             loud/Kingdee.BOS.WebApi.ServicesStu                
                             b.DynamicFormService.ExecuteBillQue                
                             ry.common.kdsvc "HTTP/1.1 200 OK"                  
[04/16/26 03:10:33] INFO     Processing request of type            server.py:727
                             CallToolRequest                                    
                    INFO     HTTP Request: POST                  _client.py:1740
                             http://erp1.enpack.com.cn:13580/k3C                
                             loud/Kingdee.BOS.WebApi.ServicesStu                
                             b.DynamicFormService.ExecuteBillQue                
                             ry.common.kdsvc "HTTP/1.1 200 OK"                  
[04/16/26 03:10:37] INFO     Processing request of type            server.py:727
                             CallToolRequest                                    
[04/16/26 03:10:38] INFO     HTTP Request: POST                  _client.py:1740
                             http://erp1.enpack.com.cn:13580/k3C                
                             loud/Kingdee.BOS.WebApi.ServicesStu                
                             b.DynamicFormService.ExecuteBillQue                
                             ry.common.kdsvc "HTTP/1.1 200 OK"                  
[04/16/26 03:10:41] INFO     Processing request of type            server.py:727
                             CallToolRequest                                    
                    INFO     HTTP Request: POST                  _client.py:1740
                             http://erp1.enpack.com.cn:13580/k3C                
                             loud/Kingdee.BOS.WebApi.ServicesStu                
                             b.DynamicFormService.ExecuteBillQue                
                             ry.common.kdsvc "HTTP/1.1 200 OK"                  
[04/16/26 03:10:45] INFO     Processing request of type            server.py:727
                             CallToolRequest                                    
                    INFO     HTTP Request: POST                  _client.py:1740
                             http://erp1.enpack.com.cn:13580/k3C                
                             loud/Kingdee.BOS.WebApi.ServicesStu                
                             b.DynamicFormService.QueryBusinessI                
                             nfo.common.kdsvc "HTTP/1.1 200 OK"                 
[04/16/26 03:10:51] INFO     Processing request of type            server.py:727
                             CallToolRequest                                    
                    INFO     HTTP Request: POST                  _client.py:1740
                             http://erp1.enpack.com.cn:13580/k3C                
                             loud/Kingdee.BOS.WebApi.ServicesStu                
                             b.DynamicFormService.ExecuteBillQue                
                             ry.common.kdsvc "HTTP/1.1 200 OK"                  
[21/46] L3-06 (L3) — 17 fields / 12 tool calls: ['kingdee_search_forms_online', 'kingdee_search_forms_online', 'kingdee_search_forms_online', 'kingdee_search_forms_online', 'kingdee_query_bills', 'kingdee_query_bills', 'kingdee_query_bills', 'kingdee_query_bills', 'kingdee_query_bills', 'kingdee_query_bills', 'kingdee_describe_form', 'kingdee_query_bills']
[04/16/26 03:11:04] INFO     Processing request of type            server.py:727
                             CallToolRequest                                    
[04/16/26 03:11:06] INFO     Processing request of type            server.py:727
                             CallToolRequest                                    
[04/16/26 03:11:10] INFO     Processing request of type            server.py:727
                             CallToolRequest                                    
                    INFO     HTTP Request: POST                  _client.py:1740
                             http://erp1.enpack.com.cn:13580/k3C                
                             loud/Kingdee.BOS.WebApi.ServicesStu                
                             b.DynamicFormService.ExecuteBillQue                
                             ry.common.kdsvc "HTTP/1.1 200 OK"                  
[04/16/26 03:11:13] INFO     Processing request of type            server.py:727
                             CallToolRequest                                    
                    INFO     HTTP Request: POST                  _client.py:1740
                             http://erp1.enpack.com.cn:13580/k3C                
                             loud/Kingdee.BOS.WebApi.ServicesStu                
                             b.DynamicFormService.ExecuteBillQue                
                             ry.common.kdsvc "HTTP/1.1 200 OK"                  
[04/16/26 03:11:19] INFO     Processing request of type            server.py:727
                             CallToolRequest                                    
                    INFO     HTTP Request: POST                  _client.py:1740
                             http://erp1.enpack.com.cn:13580/k3C                
                             loud/Kingdee.BOS.WebApi.ServicesStu                
                             b.DynamicFormService.ExecuteBillQue                
                             ry.common.kdsvc "HTTP/1.1 200 OK"                  
[04/16/26 03:11:22] INFO     Processing request of type            server.py:727
                             CallToolRequest                                    
                    INFO     HTTP Request: POST                  _client.py:1740
                             http://erp1.enpack.com.cn:13580/k3C                
                             loud/Kingdee.BOS.WebApi.ServicesStu                
                             b.DynamicFormService.ExecuteBillQue                
                             ry.common.kdsvc "HTTP/1.1 200 OK"                  
[04/16/26 03:11:29] INFO     Processing request of type            server.py:727
                             CallToolRequest                                    
                    INFO     HTTP Request: POST                  _client.py:1740
                             http://erp1.enpack.com.cn:13580/k3C                
                             loud/Kingdee.BOS.WebApi.ServicesStu                
                             b.DynamicFormService.ExecuteBillQue                
                             ry.common.kdsvc "HTTP/1.1 200 OK"                  
[04/16/26 03:11:33] INFO     Processing request of type            server.py:727
                             CallToolRequest                                    
                    INFO     HTTP Request: POST                  _client.py:1740
                             http://erp1.enpack.com.cn:13580/k3C                
                             loud/Kingdee.BOS.WebApi.ServicesStu                
                             b.DynamicFormService.ExecuteBillQue                
                             ry.common.kdsvc "HTTP/1.1 200 OK"                  
[04/16/26 03:11:41] INFO     Processing request of type            server.py:727
                             CallToolRequest                                    
                    INFO     HTTP Request: POST                  _client.py:1740
                             http://erp1.enpack.com.cn:13580/k3C                
                             loud/Kingdee.BOS.WebApi.ServicesStu                
                             b.DynamicFormService.ExecuteBillQue                
                             ry.common.kdsvc "HTTP/1.1 200 OK"                  
[22/46] L4-01 (L4) — 7 fields / 9 tool calls: ['kingdee_search_forms_online', 'kingdee_search_forms_online', 'kingdee_search_forms_online', 'kingdee_search_forms_online', 'kingdee_query_bills', 'kingdee_query_bills', 'kingdee_query_bills', 'kingdee_query_bills', 'kingdee_query_bills']
[04/16/26 03:11:50] INFO     Processing request of type            server.py:727
                             CallToolRequest                                    
                    INFO     HTTP Request: POST                  _client.py:1740
                             http://erp1.enpack.com.cn:13580/k3C                
                             loud/Kingdee.BOS.WebApi.ServicesStu                
                             b.DynamicFormService.ExecuteBillQue                
                             ry.common.kdsvc "HTTP/1.1 200 OK"                  
[04/16/26 03:11:54] INFO     Processing request of type            server.py:727
                             CallToolRequest                                    
                    INFO     HTTP Request: POST                  _client.py:1740
                             http://erp1.enpack.com.cn:13580/k3C                
                             loud/Kingdee.BOS.WebApi.ServicesStu                
                             b.DynamicFormService.ExecuteBillQue                
                             ry.common.kdsvc "HTTP/1.1 200 OK"                  
[04/16/26 03:11:56] INFO     Processing request of type            server.py:727
                             CallToolRequest                                    
                    INFO     HTTP Request: POST                  _client.py:1740
                             http://erp1.enpack.com.cn:13580/k3C                
                             loud/Kingdee.BOS.WebApi.ServicesStu                
                             b.DynamicFormService.ExecuteBillQue                
                             ry.common.kdsvc "HTTP/1.1 200 OK"                  
[04/16/26 03:12:00] INFO     Processing request of type            server.py:727
                             CallToolRequest                                    
                    INFO     HTTP Request: POST                  _client.py:1740
                             http://erp1.enpack.com.cn:13580/k3C                
                             loud/Kingdee.BOS.WebApi.ServicesStu                
                             b.DynamicFormService.QueryBusinessI                
                             nfo.common.kdsvc "HTTP/1.1 200 OK"                 
[04/16/26 03:12:06] INFO     Processing request of type            server.py:727
                             CallToolRequest                                    
                    INFO     HTTP Request: POST                  _client.py:1740
                             http://erp1.enpack.com.cn:13580/k3C                
                             loud/Kingdee.BOS.WebApi.ServicesStu                
                             b.DynamicFormService.ExecuteBillQue                
                             ry.common.kdsvc "HTTP/1.1 200 OK"                  
[04/16/26 03:12:12] INFO     Processing request of type            server.py:727
                             CallToolRequest                                    
                    INFO     HTTP Request: POST                  _client.py:1740
                             http://erp1.enpack.com.cn:13580/k3C                
                             loud/Kingdee.BOS.WebApi.ServicesStu                
                             b.DynamicFormService.ExecuteBillQue                
                             ry.common.kdsvc "HTTP/1.1 200 OK"                  
[04/16/26 03:12:16] INFO     Processing request of type            server.py:727
                             CallToolRequest                                    
                    INFO     HTTP Request: POST                  _client.py:1740
                             http://erp1.enpack.com.cn:13580/k3C                
                             loud/Kingdee.BOS.WebApi.ServicesStu                
                             b.DynamicFormService.ExecuteBillQue                
                             ry.common.kdsvc "HTTP/1.1 200 OK"                  
[04/16/26 03:12:19] INFO     Processing request of type            server.py:727
                             CallToolRequest                                    
[04/16/26 03:12:23] INFO     Processing request of type            server.py:727
                             CallToolRequest                                    
                    INFO     HTTP Request: POST                  _client.py:1740
                             http://erp1.enpack.com.cn:13580/k3C                
                             loud/Kingdee.BOS.WebApi.ServicesStu                
                             b.DynamicFormService.ExecuteBillQue                
                             ry.common.kdsvc "HTTP/1.1 200 OK"                  
[04/16/26 03:12:28] INFO     Processing request of type            server.py:727
                             CallToolRequest                                    
                    INFO     HTTP Request: POST                  _client.py:1740
                             http://erp1.enpack.com.cn:13580/k3C                
                             loud/Kingdee.BOS.WebApi.ServicesStu                
                             b.DynamicFormService.ExecuteBillQue                
                             ry.common.kdsvc "HTTP/1.1 200 OK"                  
[04/16/26 03:12:32] INFO     Processing request of type            server.py:727
                             CallToolRequest                                    
                    INFO     HTTP Request: POST                  _client.py:1740
                             http://erp1.enpack.com.cn:13580/k3C                
                             loud/Kingdee.BOS.WebApi.ServicesStu                
                             b.DynamicFormService.ExecuteBillQue                
                             ry.common.kdsvc "HTTP/1.1 200 OK"                  
[04/16/26 03:12:35] INFO     Processing request of type            server.py:727
                             CallToolRequest                                    
                    INFO     HTTP Request: POST                  _client.py:1740
                             http://erp1.enpack.com.cn:13580/k3C                
                             loud/Kingdee.BOS.WebApi.ServicesStu                
                             b.DynamicFormService.ExecuteBillQue                
                             ry.common.kdsvc "HTTP/1.1 200 OK"                  
[23/46] L4-02 (L4) — 7 fields / 12 tool calls: ['kingdee_query_materials', 'kingdee_search_forms_online', 'kingdee_search_forms_online', 'kingdee_describe_form', 'kingdee_query_materials', 'kingdee_query_bills', 'kingdee_query_materials', 'kingdee_query_materials', 'kingdee_query_materials', 'kingdee_query_materials', 'kingdee_query_materials', 'kingdee_query_materials']
[04/16/26 03:12:51] INFO     Processing request of type            server.py:727
                             CallToolRequest                                    
[04/16/26 03:12:54] INFO     Processing request of type            server.py:727
                             CallToolRequest                                    
[04/16/26 03:12:56] INFO     Processing request of type            server.py:727
                             CallToolRequest                                    
[04/16/26 03:13:01] INFO     Processing request of type            server.py:727
                             CallToolRequest                                    
                    INFO     HTTP Request: POST                  _client.py:1740
                             http://erp1.enpack.com.cn:13580/k3C                
                             loud/Kingdee.BOS.WebApi.ServicesStu                
                             b.DynamicFormService.ExecuteBillQue                
                             ry.common.kdsvc "HTTP/1.1 200 OK"                  
[04/16/26 03:13:04] INFO     Processing request of type            server.py:727
                             CallToolRequest                                    
                    INFO     HTTP Request: POST                  _client.py:1740
                             http://erp1.enpack.com.cn:13580/k3C                
                             loud/Kingdee.BOS.WebApi.ServicesStu                
                             b.DynamicFormService.ExecuteBillQue                
                             ry.common.kdsvc "HTTP/1.1 200 OK"                  
[04/16/26 03:13:08] INFO     Processing request of type            server.py:727
                             CallToolRequest                                    
                    INFO     HTTP Request: POST                  _client.py:1740
                             http://erp1.enpack.com.cn:13580/k3C                
                             loud/Kingdee.BOS.WebApi.ServicesStu                
                             b.DynamicFormService.ExecuteBillQue                
                             ry.common.kdsvc "HTTP/1.1 200 OK"                  
[04/16/26 03:13:12] INFO     Processing request of type            server.py:727
                             CallToolRequest                                    
                    INFO     HTTP Request: POST                  _client.py:1740
                             http://erp1.enpack.com.cn:13580/k3C                
                             loud/Kingdee.BOS.WebApi.ServicesStu                
                             b.DynamicFormService.ExecuteBillQue                
                             ry.common.kdsvc "HTTP/1.1 200 OK"                  
[04/16/26 03:13:16] INFO     Processing request of type            server.py:727
                             CallToolRequest                                    
                    INFO     HTTP Request: POST                  _client.py:1740
                             http://erp1.enpack.com.cn:13580/k3C                
                             loud/Kingdee.BOS.WebApi.ServicesStu                
                             b.DynamicFormService.ExecuteBillQue                
                             ry.common.kdsvc "HTTP/1.1 200 OK"                  
[04/16/26 03:13:19] INFO     Processing request of type            server.py:727
                             CallToolRequest                                    
                    INFO     HTTP Request: POST                  _client.py:1740
                             http://erp1.enpack.com.cn:13580/k3C                
                             loud/Kingdee.BOS.WebApi.ServicesStu                
                             b.DynamicFormService.ExecuteBillQue                
                             ry.common.kdsvc "HTTP/1.1 200 OK"                  
[04/16/26 03:13:22] INFO     Processing request of type            server.py:727
                             CallToolRequest                                    
                    INFO     HTTP Request: POST                  _client.py:1740
                             http://erp1.enpack.com.cn:13580/k3C                
                             loud/Kingdee.BOS.WebApi.ServicesStu                
                             b.DynamicFormService.ExecuteBillQue                
                             ry.common.kdsvc "HTTP/1.1 200 OK"                  
[04/16/26 03:13:26] INFO     Processing request of type            server.py:727
                             CallToolRequest                                    
                    INFO     HTTP Request: POST                  _client.py:1740
                             http://erp1.enpack.com.cn:13580/k3C                
                             loud/Kingdee.BOS.WebApi.ServicesStu                
                             b.DynamicFormService.ExecuteBillQue                
                             ry.common.kdsvc "HTTP/1.1 200 OK"                  
[04/16/26 03:13:30] INFO     Processing request of type            server.py:727
                             CallToolRequest                                    
                    INFO     HTTP Request: POST                  _client.py:1740
                             http://erp1.enpack.com.cn:13580/k3C                
                             loud/Kingdee.BOS.WebApi.ServicesStu                
                             b.DynamicFormService.ExecuteBillQue                
                             ry.common.kdsvc "HTTP/1.1 200 OK"                  
[24/46] L4-03 (L4) — 17 fields / 12 tool calls: ['kingdee_search_forms_online', 'kingdee_search_forms_online', 'kingdee_search_forms_online', 'kingdee_query_bills', 'kingdee_query_bills', 'kingdee_query_bills', 'kingdee_query_bills', 'kingdee_query_bills', 'kingdee_query_bills', 'kingdee_query_bills', 'kingdee_query_bills', 'kingdee_query_bills']
[04/16/26 03:13:41] INFO     Processing request of type            server.py:727
                             CallToolRequest                                    
[04/16/26 03:13:44] INFO     Processing request of type            server.py:727
                             CallToolRequest                                    
[04/16/26 03:13:47] INFO     Processing request of type            server.py:727
                             CallToolRequest                                    
                    INFO     HTTP Request: POST                  _client.py:1740
                             http://erp1.enpack.com.cn:13580/k3C                
                             loud/Kingdee.BOS.WebApi.ServicesStu                
                             b.DynamicFormService.ExecuteBillQue                
                             ry.common.kdsvc "HTTP/1.1 200 OK"                  
[04/16/26 03:13:50] INFO     Processing request of type            server.py:727
                             CallToolRequest                                    
                    INFO     HTTP Request: POST                  _client.py:1740
                             http://erp1.enpack.com.cn:13580/k3C                
                             loud/Kingdee.BOS.WebApi.ServicesStu                
                             b.DynamicFormService.ExecuteBillQue                
                             ry.common.kdsvc "HTTP/1.1 200 OK"                  
[04/16/26 03:13:55] INFO     Processing request of type            server.py:727
                             CallToolRequest                                    
                    INFO     HTTP Request: POST                  _client.py:1740
                             http://erp1.enpack.com.cn:13580/k3C                
                             loud/Kingdee.BOS.WebApi.ServicesStu                
                             b.DynamicFormService.ExecuteBillQue                
                             ry.common.kdsvc "HTTP/1.1 200 OK"                  
[04/16/26 03:13:58] INFO     Processing request of type            server.py:727
                             CallToolRequest                                    
                    INFO     HTTP Request: POST                  _client.py:1740
                             http://erp1.enpack.com.cn:13580/k3C                
                             loud/Kingdee.BOS.WebApi.ServicesStu                
                             b.DynamicFormService.ExecuteBillQue                
                             ry.common.kdsvc "HTTP/1.1 200 OK"                  
[04/16/26 03:14:02] INFO     Processing request of type            server.py:727
                             CallToolRequest                                    
                    INFO     HTTP Request: POST                  _client.py:1740
                             http://erp1.enpack.com.cn:13580/k3C                
                             loud/Kingdee.BOS.WebApi.ServicesStu                
                             b.DynamicFormService.ExecuteBillQue                
                             ry.common.kdsvc "HTTP/1.1 200 OK"                  
[04/16/26 03:14:06] INFO     Processing request of type            server.py:727
                             CallToolRequest                                    
                    INFO     HTTP Request: POST                  _client.py:1740
                             http://erp1.enpack.com.cn:13580/k3C                
                             loud/Kingdee.BOS.WebApi.ServicesStu                
                             b.DynamicFormService.ExecuteBillQue                
                             ry.common.kdsvc "HTTP/1.1 200 OK"                  
[04/16/26 03:14:10] INFO     Processing request of type            server.py:727
                             CallToolRequest                                    
                    INFO     HTTP Request: POST                  _client.py:1740
                             http://erp1.enpack.com.cn:13580/k3C                
                             loud/Kingdee.BOS.WebApi.ServicesStu                
                             b.DynamicFormService.ExecuteBillQue                
                             ry.common.kdsvc "HTTP/1.1 200 OK"                  
[04/16/26 03:14:14] INFO     Processing request of type            server.py:727
                             CallToolRequest                                    
                    INFO     HTTP Request: POST                  _client.py:1740
                             http://erp1.enpack.com.cn:13580/k3C                
                             loud/Kingdee.BOS.WebApi.ServicesStu                
                             b.DynamicFormService.ExecuteBillQue                
                             ry.common.kdsvc "HTTP/1.1 200 OK"                  
[04/16/26 03:14:19] INFO     Processing request of type            server.py:727
                             CallToolRequest                                    
                    INFO     HTTP Request: POST                  _client.py:1740
                             http://erp1.enpack.com.cn:13580/k3C                
                             loud/Kingdee.BOS.WebApi.ServicesStu                
                             b.DynamicFormService.ExecuteBillQue                
                             ry.common.kdsvc "HTTP/1.1 200 OK"                  
[04/16/26 03:14:22] INFO     Processing request of type            server.py:727
                             CallToolRequest                                    
                    INFO     HTTP Request: POST                  _client.py:1740
                             http://erp1.enpack.com.cn:13580/k3C                
                             loud/Kingdee.BOS.WebApi.ServicesStu                
                             b.DynamicFormService.ExecuteBillQue                
                             ry.common.kdsvc "HTTP/1.1 200 OK"                  
[25/46] L4-04 (L4) — 13 fields / 12 tool calls: ['kingdee_search_forms_online', 'kingdee_search_forms_online', 'kingdee_search_forms_online', 'kingdee_search_forms_online', 'kingdee_query_bills', 'kingdee_query_bills', 'kingdee_query_bills', 'kingdee_query_bills', 'kingdee_query_bills', 'kingdee_query_bills', 'kingdee_query_bills', 'kingdee_search_forms_online']
[04/16/26 03:14:34] INFO     Processing request of type            server.py:727
                             CallToolRequest                                    
                    INFO     HTTP Request: POST                  _client.py:1740
                             http://erp1.enpack.com.cn:13580/k3C                
                             loud/Kingdee.BOS.WebApi.ServicesStu                
                             b.DynamicFormService.ExecuteBillQue                
                             ry.common.kdsvc "HTTP/1.1 200 OK"                  
[04/16/26 03:14:37] INFO     Processing request of type            server.py:727
                             CallToolRequest                                    
[04/16/26 03:14:38] INFO     HTTP Request: POST                  _client.py:1740
                             http://erp1.enpack.com.cn:13580/k3C                
                             loud/Kingdee.BOS.WebApi.ServicesStu                
                             b.DynamicFormService.ExecuteBillQue                
                             ry.common.kdsvc "HTTP/1.1 200 OK"                  
[04/16/26 03:14:43] INFO     Processing request of type            server.py:727
                             CallToolRequest                                    
                    INFO     HTTP Request: POST                  _client.py:1740
                             http://erp1.enpack.com.cn:13580/k3C                
                             loud/Kingdee.BOS.WebApi.ServicesStu                
                             b.DynamicFormService.ExecuteBillQue                
                             ry.common.kdsvc "HTTP/1.1 200 OK"                  
[04/16/26 03:14:47] INFO     Processing request of type            server.py:727
                             CallToolRequest                                    
                    INFO     HTTP Request: POST                  _client.py:1740
                             http://erp1.enpack.com.cn:13580/k3C                
                             loud/Kingdee.BOS.WebApi.ServicesStu                
                             b.DynamicFormService.ExecuteBillQue                
                             ry.common.kdsvc "HTTP/1.1 200 OK"                  
[04/16/26 03:14:50] INFO     Processing request of type            server.py:727
                             CallToolRequest                                    
                    INFO     HTTP Request: POST                  _client.py:1740
                             http://erp1.enpack.com.cn:13580/k3C                
                             loud/Kingdee.BOS.WebApi.ServicesStu                
                             b.DynamicFormService.ExecuteBillQue                
                             ry.common.kdsvc "HTTP/1.1 200 OK"                  
[04/16/26 03:14:55] INFO     Processing request of type            server.py:727
                             CallToolRequest                                    
                    INFO     HTTP Request: POST                  _client.py:1740
                             http://erp1.enpack.com.cn:13580/k3C                
                             loud/Kingdee.BOS.WebApi.ServicesStu                
                             b.DynamicFormService.ExecuteBillQue                
                             ry.common.kdsvc "HTTP/1.1 200 OK"                  
[04/16/26 03:14:59] INFO     Processing request of type            server.py:727
                             CallToolRequest                                    
                    INFO     HTTP Request: POST                  _client.py:1740
                             http://erp1.enpack.com.cn:13580/k3C                
                             loud/Kingdee.BOS.WebApi.ServicesStu                
                             b.DynamicFormService.ExecuteBillQue                
                             ry.common.kdsvc "HTTP/1.1 200 OK"                  
[04/16/26 03:15:04] INFO     Processing request of type            server.py:727
                             CallToolRequest                                    
                    INFO     HTTP Request: POST                  _client.py:1740
                             http://erp1.enpack.com.cn:13580/k3C                
                             loud/Kingdee.BOS.WebApi.ServicesStu                
                             b.DynamicFormService.ExecuteBillQue                
                             ry.common.kdsvc "HTTP/1.1 200 OK"                  
[04/16/26 03:15:08] INFO     Processing request of type            server.py:727
                             CallToolRequest                                    
                    INFO     HTTP Request: POST                  _client.py:1740
                             http://erp1.enpack.com.cn:13580/k3C                
                             loud/Kingdee.BOS.WebApi.ServicesStu                
                             b.DynamicFormService.ExecuteBillQue                
                             ry.common.kdsvc "HTTP/1.1 200 OK"                  
[04/16/26 03:15:14] INFO     Processing request of type            server.py:727
                             CallToolRequest                                    
                    INFO     HTTP Request: POST                  _client.py:1740
                             http://erp1.enpack.com.cn:13580/k3C                
                             loud/Kingdee.BOS.WebApi.ServicesStu                
                             b.DynamicFormService.ExecuteBillQue                
                             ry.common.kdsvc "HTTP/1.1 200 OK"                  
[04/16/26 03:15:18] INFO     Processing request of type            server.py:727
                             CallToolRequest                                    
                    INFO     HTTP Request: POST                  _client.py:1740
                             http://erp1.enpack.com.cn:13580/k3C                
                             loud/Kingdee.BOS.WebApi.ServicesStu                
                             b.DynamicFormService.ExecuteBillQue                
                             ry.common.kdsvc "HTTP/1.1 200 OK"                  
[26/46] L4-05 (L4) — 12 fields / 11 tool calls: ['kingdee_search_forms_online', 'kingdee_search_forms_online', 'kingdee_query_bills', 'kingdee_query_bills', 'kingdee_query_bills', 'kingdee_query_bills', 'kingdee_query_bills', 'kingdee_query_bills', 'kingdee_query_bills', 'kingdee_query_bills', 'kingdee_query_bills']
[04/16/26 03:15:26] INFO     Processing request of type            server.py:727
                             CallToolRequest                                    
                    INFO     HTTP Request: POST                  _client.py:1740
                             http://erp1.enpack.com.cn:13580/k3C                
                             loud/Kingdee.BOS.WebApi.ServicesStu                
                             b.DynamicFormService.ExecuteBillQue                
                             ry.common.kdsvc "HTTP/1.1 200 OK"                  
[04/16/26 03:15:29] INFO     Processing request of type            server.py:727
                             CallToolRequest                                    
[04/16/26 03:15:30] INFO     HTTP Request: POST                  _client.py:1740
                             http://erp1.enpack.com.cn:13580/k3C                
                             loud/Kingdee.BOS.WebApi.ServicesStu                
                             b.DynamicFormService.ExecuteBillQue                
                             ry.common.kdsvc "HTTP/1.1 200 OK"                  
[04/16/26 03:15:32] INFO     Processing request of type            server.py:727
                             CallToolRequest                                    
                    INFO     HTTP Request: POST                  _client.py:1740
                             http://erp1.enpack.com.cn:13580/k3C                
                             loud/Kingdee.BOS.WebApi.ServicesStu                
                             b.DynamicFormService.ExecuteBillQue                
                             ry.common.kdsvc "HTTP/1.1 200 OK"                  
[04/16/26 03:15:36] INFO     Processing request of type            server.py:727
                             CallToolRequest                                    
[04/16/26 03:15:37] INFO     HTTP Request: POST                  _client.py:1740
                             http://erp1.enpack.com.cn:13580/k3C                
                             loud/Kingdee.BOS.WebApi.ServicesStu                
                             b.DynamicFormService.ExecuteBillQue                
                             ry.common.kdsvc "HTTP/1.1 200 OK"                  
[04/16/26 03:15:40] INFO     Processing request of type            server.py:727
                             CallToolRequest                                    
                    INFO     HTTP Request: POST                  _client.py:1740
                             http://erp1.enpack.com.cn:13580/k3C                
                             loud/Kingdee.BOS.WebApi.ServicesStu                
                             b.DynamicFormService.ExecuteBillQue                
                             ry.common.kdsvc "HTTP/1.1 200 OK"                  
[04/16/26 03:15:43] INFO     Processing request of type            server.py:727
                             CallToolRequest                                    
                    INFO     HTTP Request: POST                  _client.py:1740
                             http://erp1.enpack.com.cn:13580/k3C                
                             loud/Kingdee.BOS.WebApi.ServicesStu                
                             b.DynamicFormService.ExecuteBillQue                
                             ry.common.kdsvc "HTTP/1.1 200 OK"                  
[04/16/26 03:15:46] INFO     Processing request of type            server.py:727
                             CallToolRequest                                    
                    INFO     HTTP Request: POST                  _client.py:1740
                             http://erp1.enpack.com.cn:13580/k3C                
                             loud/Kingdee.BOS.WebApi.ServicesStu                
                             b.DynamicFormService.QueryBusinessI                
                             nfo.common.kdsvc "HTTP/1.1 200 OK"                 
[04/16/26 03:15:51] INFO     Processing request of type            server.py:727
                             CallToolRequest                                    
                    INFO     HTTP Request: POST                  _client.py:1740
                             http://erp1.enpack.com.cn:13580/k3C                
                             loud/Kingdee.BOS.WebApi.ServicesStu                
                             b.DynamicFormService.ExecuteBillQue                
                             ry.common.kdsvc "HTTP/1.1 200 OK"                  
[04/16/26 03:15:55] INFO     Processing request of type            server.py:727
                             CallToolRequest                                    
                    INFO     HTTP Request: POST                  _client.py:1740
                             http://erp1.enpack.com.cn:13580/k3C                
                             loud/Kingdee.BOS.WebApi.ServicesStu                
                             b.DynamicFormService.ExecuteBillQue                
                             ry.common.kdsvc "HTTP/1.1 200 OK"                  
[04/16/26 03:15:59] INFO     Processing request of type            server.py:727
                             CallToolRequest                                    
                    INFO     HTTP Request: POST                  _client.py:1740
                             http://erp1.enpack.com.cn:13580/k3C                
                             loud/Kingdee.BOS.WebApi.ServicesStu                
                             b.DynamicFormService.ExecuteBillQue                
                             ry.common.kdsvc "HTTP/1.1 200 OK"                  
[04/16/26 03:16:03] INFO     Processing request of type            server.py:727
                             CallToolRequest                                    
                    INFO     HTTP Request: POST                  _client.py:1740
                             http://erp1.enpack.com.cn:13580/k3C                
                             loud/Kingdee.BOS.WebApi.ServicesStu                
                             b.DynamicFormService.ExecuteBillQue                
                             ry.common.kdsvc "HTTP/1.1 200 OK"                  
[04/16/26 03:16:07] INFO     Processing request of type            server.py:727
                             CallToolRequest                                    
                    INFO     HTTP Request: POST                  _client.py:1740
                             http://erp1.enpack.com.cn:13580/k3C                
                             loud/Kingdee.BOS.WebApi.ServicesStu                
                             b.DynamicFormService.ExecuteBillQue                
                             ry.common.kdsvc "HTTP/1.1 200 OK"                  
[27/46] L5-01 (L5) — 10 fields / 12 tool calls: ['kingdee_search_forms_online', 'kingdee_search_forms_online', 'kingdee_search_forms_online', 'kingdee_query_bills', 'kingdee_query_bills', 'kingdee_query_bills', 'kingdee_describe_form', 'kingdee_query_bills', 'kingdee_query_bills', 'kingdee_query_bills', 'kingdee_query_bills', 'kingdee_query_bills']
[04/16/26 03:16:18] INFO     Processing request of type            server.py:727
                             CallToolRequest                                    
[04/16/26 03:16:20] INFO     Processing request of type            server.py:727
                             CallToolRequest                                    
[04/16/26 03:16:23] INFO     Processing request of type            server.py:727
                             CallToolRequest                                    
[04/16/26 03:16:25] INFO     Processing request of type            server.py:727
                             CallToolRequest                                    
                    INFO     HTTP Request: POST                  _client.py:1740
                             http://erp1.enpack.com.cn:13580/k3C                
                             loud/Kingdee.BOS.WebApi.ServicesStu                
                             b.DynamicFormService.ExecuteBillQue                
                             ry.common.kdsvc "HTTP/1.1 200 OK"                  
[04/16/26 03:16:28] INFO     Processing request of type            server.py:727
                             CallToolRequest                                    
                    INFO     HTTP Request: POST                  _client.py:1740
                             http://erp1.enpack.com.cn:13580/k3C                
                             loud/Kingdee.BOS.WebApi.ServicesStu                
                             b.DynamicFormService.QueryBusinessI                
                             nfo.common.kdsvc "HTTP/1.1 200 OK"                 
[04/16/26 03:16:46] INFO     Processing request of type            server.py:727
                             CallToolRequest                                    
                    INFO     HTTP Request: POST                  _client.py:1740
                             http://erp1.enpack.com.cn:13580/k3C                
                             loud/Kingdee.BOS.WebApi.ServicesStu                
                             b.DynamicFormService.ExecuteBillQue                
                             ry.common.kdsvc "HTTP/1.1 200 OK"                  
[04/16/26 03:16:51] INFO     Processing request of type            server.py:727
                             CallToolRequest                                    
                    INFO     HTTP Request: POST                  _client.py:1740
                             http://erp1.enpack.com.cn:13580/k3C                
                             loud/Kingdee.BOS.WebApi.ServicesStu                
                             b.DynamicFormService.ExecuteBillQue                
                             ry.common.kdsvc "HTTP/1.1 200 OK"                  
[04/16/26 03:16:54] INFO     Processing request of type            server.py:727
                             CallToolRequest                                    
                    INFO     HTTP Request: POST                  _client.py:1740
                             http://erp1.enpack.com.cn:13580/k3C                
                             loud/Kingdee.BOS.WebApi.ServicesStu                
                             b.DynamicFormService.ExecuteBillQue                
                             ry.common.kdsvc "HTTP/1.1 200 OK"                  
[28/46] L5-02 (L5) — 22 fields / 8 tool calls: ['kingdee_search_forms_online', 'kingdee_search_forms_online', 'kingdee_query_materials', 'kingdee_query_materials', 'kingdee_describe_form', 'kingdee_query_materials', 'kingdee_query_materials', 'kingdee_query_materials']
[04/16/26 03:17:11] INFO     Processing request of type            server.py:727
                             CallToolRequest                                    
                    INFO     HTTP Request: POST                  _client.py:1740
                             http://erp1.enpack.com.cn:13580/k3C                
                             loud/Kingdee.BOS.WebApi.ServicesStu                
                             b.DynamicFormService.ExecuteBillQue                
                             ry.common.kdsvc "HTTP/1.1 200 OK"                  
[04/16/26 03:17:14] INFO     Processing request of type            server.py:727
                             CallToolRequest                                    
                    INFO     HTTP Request: POST                  _client.py:1740
                             http://erp1.enpack.com.cn:13580/k3C                
                             loud/Kingdee.BOS.WebApi.ServicesStu                
                             b.DynamicFormService.ExecuteBillQue                
                             ry.common.kdsvc "HTTP/1.1 200 OK"                  
[04/16/26 03:17:18] INFO     Processing request of type            server.py:727
                             CallToolRequest                                    
[04/16/26 03:17:19] INFO     HTTP Request: POST                  _client.py:1740
                             http://erp1.enpack.com.cn:13580/k3C                
                             loud/Kingdee.BOS.WebApi.ServicesStu                
                             b.DynamicFormService.ExecuteBillQue                
                             ry.common.kdsvc "HTTP/1.1 200 OK"                  
[04/16/26 03:17:22] INFO     Processing request of type            server.py:727
                             CallToolRequest                                    
                    INFO     HTTP Request: POST                  _client.py:1740
                             http://erp1.enpack.com.cn:13580/k3C                
                             loud/Kingdee.BOS.WebApi.ServicesStu                
                             b.DynamicFormService.QueryBusinessI                
                             nfo.common.kdsvc "HTTP/1.1 200 OK"                 
[04/16/26 03:17:28] INFO     Processing request of type            server.py:727
                             CallToolRequest                                    
                    INFO     HTTP Request: POST                  _client.py:1740
                             http://erp1.enpack.com.cn:13580/k3C                
                             loud/Kingdee.BOS.WebApi.ServicesStu                
                             b.DynamicFormService.ExecuteBillQue                
                             ry.common.kdsvc "HTTP/1.1 200 OK"                  
[04/16/26 03:17:32] INFO     Processing request of type            server.py:727
                             CallToolRequest                                    
                    INFO     HTTP Request: POST                  _client.py:1740
                             http://erp1.enpack.com.cn:13580/k3C                
                             loud/Kingdee.BOS.WebApi.ServicesStu                
                             b.DynamicFormService.ExecuteBillQue                
                             ry.common.kdsvc "HTTP/1.1 200 OK"                  
[04/16/26 03:17:41] INFO     Processing request of type            server.py:727
                             CallToolRequest                                    
                    INFO     HTTP Request: POST                  _client.py:1740
                             http://erp1.enpack.com.cn:13580/k3C                
                             loud/Kingdee.BOS.WebApi.ServicesStu                
                             b.DynamicFormService.ExecuteBillQue                
                             ry.common.kdsvc "HTTP/1.1 200 OK"                  
[04/16/26 03:17:46] INFO     Processing request of type            server.py:727
                             CallToolRequest                                    
                    INFO     HTTP Request: POST                  _client.py:1740
                             http://erp1.enpack.com.cn:13580/k3C                
                             loud/Kingdee.BOS.WebApi.ServicesStu                
                             b.DynamicFormService.ExecuteBillQue                
                             ry.common.kdsvc "HTTP/1.1 200 OK"                  
[29/46] L5-03 (L5) — 8 fields / 8 tool calls: ['kingdee_search_forms_online', 'kingdee_search_forms_online', 'kingdee_query_bills', 'kingdee_describe_form', 'kingdee_query_bills', 'kingdee_query_bills', 'kingdee_query_bills', 'kingdee_query_bills']
[04/16/26 03:18:10] INFO     Processing request of type            server.py:727
                             CallToolRequest                                    
                    INFO     HTTP Request: POST                  _client.py:1740
                             http://erp1.enpack.com.cn:13580/k3C                
                             loud/Kingdee.BOS.WebApi.ServicesStu                
                             b.DynamicFormService.ExecuteBillQue                
                             ry.common.kdsvc "HTTP/1.1 200 OK"                  
[04/16/26 03:18:13] INFO     Processing request of type            server.py:727
                             CallToolRequest                                    
                    INFO     HTTP Request: POST                  _client.py:1740
                             http://erp1.enpack.com.cn:13580/k3C                
                             loud/Kingdee.BOS.WebApi.ServicesStu                
                             b.DynamicFormService.ExecuteBillQue                
                             ry.common.kdsvc "HTTP/1.1 200 OK"                  
[04/16/26 03:18:16] INFO     Processing request of type            server.py:727
                             CallToolRequest                                    
                    INFO     HTTP Request: POST                  _client.py:1740
                             http://erp1.enpack.com.cn:13580/k3C                
                             loud/Kingdee.BOS.WebApi.ServicesStu                
                             b.DynamicFormService.ExecuteBillQue                
                             ry.common.kdsvc "HTTP/1.1 200 OK"                  
[04/16/26 03:18:19] INFO     Processing request of type            server.py:727
                             CallToolRequest                                    
                    INFO     HTTP Request: POST                  _client.py:1740
                             http://erp1.enpack.com.cn:13580/k3C                
                             loud/Kingdee.BOS.WebApi.ServicesStu                
                             b.DynamicFormService.ExecuteBillQue                
                             ry.common.kdsvc "HTTP/1.1 200 OK"                  
[04/16/26 03:18:24] INFO     Processing request of type            server.py:727
                             CallToolRequest                                    
                    INFO     HTTP Request: POST                  _client.py:1740
                             http://erp1.enpack.com.cn:13580/k3C                
                             loud/Kingdee.BOS.WebApi.ServicesStu                
                             b.DynamicFormService.ExecuteBillQue                
                             ry.common.kdsvc "HTTP/1.1 200 OK"                  
[04/16/26 03:18:27] INFO     Processing request of type            server.py:727
                             CallToolRequest                                    
                    INFO     HTTP Request: POST                  _client.py:1740
                             http://erp1.enpack.com.cn:13580/k3C                
                             loud/Kingdee.BOS.WebApi.ServicesStu                
                             b.DynamicFormService.ExecuteBillQue                
                             ry.common.kdsvc "HTTP/1.1 200 OK"                  
[04/16/26 03:18:32] INFO     Processing request of type            server.py:727
                             CallToolRequest                                    
                    INFO     HTTP Request: POST                  _client.py:1740
                             http://erp1.enpack.com.cn:13580/k3C                
                             loud/Kingdee.BOS.WebApi.ServicesStu                
                             b.DynamicFormService.ExecuteBillQue                
                             ry.common.kdsvc "HTTP/1.1 200 OK"                  
[04/16/26 03:18:36] INFO     Processing request of type            server.py:727
                             CallToolRequest                                    
                    INFO     HTTP Request: POST                  _client.py:1740
                             http://erp1.enpack.com.cn:13580/k3C                
                             loud/Kingdee.BOS.WebApi.ServicesStu                
                             b.DynamicFormService.ExecuteBillQue                
                             ry.common.kdsvc "HTTP/1.1 200 OK"                  
[04/16/26 03:18:40] INFO     Processing request of type            server.py:727
                             CallToolRequest                                    
                    INFO     HTTP Request: POST                  _client.py:1740
                             http://erp1.enpack.com.cn:13580/k3C                
                             loud/Kingdee.BOS.WebApi.ServicesStu                
                             b.DynamicFormService.ExecuteBillQue                
                             ry.common.kdsvc "HTTP/1.1 200 OK"                  
[04/16/26 03:18:43] INFO     Processing request of type            server.py:727
                             CallToolRequest                                    
                    INFO     HTTP Request: POST                  _client.py:1740
                             http://erp1.enpack.com.cn:13580/k3C                
                             loud/Kingdee.BOS.WebApi.ServicesStu                
                             b.DynamicFormService.QueryBusinessI                
                             nfo.common.kdsvc "HTTP/1.1 200 OK"                 
[04/16/26 03:18:48] INFO     Processing request of type            server.py:727
                             CallToolRequest                                    
                    INFO     HTTP Request: POST                  _client.py:1740
                             http://erp1.enpack.com.cn:13580/k3C                
                             loud/Kingdee.BOS.WebApi.ServicesStu                
                             b.DynamicFormService.ExecuteBillQue                
                             ry.common.kdsvc "HTTP/1.1 200 OK"                  
[04/16/26 03:18:51] INFO     Processing request of type            server.py:727
                             CallToolRequest                                    
                    INFO     HTTP Request: POST                  _client.py:1740
                             http://erp1.enpack.com.cn:13580/k3C                
                             loud/Kingdee.BOS.WebApi.ServicesStu                
                             b.DynamicFormService.QueryBusinessI                
                             nfo.common.kdsvc "HTTP/1.1 200 OK"                 
[30/46] L6-01 (L6) — 10 fields / 12 tool calls: ['kingdee_query_bills', 'kingdee_search_forms_online', 'kingdee_search_forms_online', 'kingdee_search_forms_online', 'kingdee_query_bills', 'kingdee_query_bills', 'kingdee_query_bills', 'kingdee_query_bills', 'kingdee_query_bills', 'kingdee_describe_form', 'kingdee_query_bills', 'kingdee_describe_form']
[04/16/26 03:19:01] INFO     Processing request of type            server.py:727
                             CallToolRequest                                    
[04/16/26 03:19:03] INFO     Processing request of type            server.py:727
                             CallToolRequest                                    
[04/16/26 03:19:05] INFO     Processing request of type            server.py:727
                             CallToolRequest                                    
[04/16/26 03:19:10] INFO     Processing request of type            server.py:727
                             CallToolRequest                                    
                    INFO     HTTP Request: POST                  _client.py:1740
                             http://erp1.enpack.com.cn:13580/k3C                
                             loud/Kingdee.BOS.WebApi.ServicesStu                
                             b.DynamicFormService.ExecuteBillQue                
                             ry.common.kdsvc "HTTP/1.1 200 OK"                  
[04/16/26 03:19:13] INFO     Processing request of type            server.py:727
                             CallToolRequest                                    
                    INFO     HTTP Request: POST                  _client.py:1740
                             http://erp1.enpack.com.cn:13580/k3C                
                             loud/Kingdee.BOS.WebApi.ServicesStu                
                             b.DynamicFormService.ExecuteBillQue                
                             ry.common.kdsvc "HTTP/1.1 200 OK"                  
[04/16/26 03:19:18] INFO     Processing request of type            server.py:727
                             CallToolRequest                                    
                    INFO     HTTP Request: POST                  _client.py:1740
                             http://erp1.enpack.com.cn:13580/k3C                
                             loud/Kingdee.BOS.WebApi.ServicesStu                
                             b.DynamicFormService.ExecuteBillQue                
                             ry.common.kdsvc "HTTP/1.1 200 OK"                  
[04/16/26 03:19:22] INFO     Processing request of type            server.py:727
                             CallToolRequest                                    
                    INFO     HTTP Request: POST                  _client.py:1740
                             http://erp1.enpack.com.cn:13580/k3C                
                             loud/Kingdee.BOS.WebApi.ServicesStu                
                             b.DynamicFormService.ExecuteBillQue                
                             ry.common.kdsvc "HTTP/1.1 200 OK"                  
[04/16/26 03:19:26] INFO     Processing request of type            server.py:727
                             CallToolRequest                                    
[04/16/26 03:19:30] INFO     Processing request of type            server.py:727
                             CallToolRequest                                    
                    INFO     HTTP Request: POST                  _client.py:1740
                             http://erp1.enpack.com.cn:13580/k3C                
                             loud/Kingdee.BOS.WebApi.ServicesStu                
                             b.DynamicFormService.ExecuteBillQue                
                             ry.common.kdsvc "HTTP/1.1 200 OK"                  
[04/16/26 03:19:33] INFO     Processing request of type            server.py:727
                             CallToolRequest                                    
[04/16/26 03:19:38] INFO     Processing request of type            server.py:727
                             CallToolRequest                                    
                    INFO     HTTP Request: POST                  _client.py:1740
                             http://erp1.enpack.com.cn:13580/k3C                
                             loud/Kingdee.BOS.WebApi.ServicesStu                
                             b.DynamicFormService.ExecuteBillQue                
                             ry.common.kdsvc "HTTP/1.1 200 OK"                  
[04/16/26 03:19:41] INFO     Processing request of type            server.py:727
                             CallToolRequest                                    
                    INFO     HTTP Request: POST                  _client.py:1740
                             http://erp1.enpack.com.cn:13580/k3C                
                             loud/Kingdee.BOS.WebApi.ServicesStu                
                             b.DynamicFormService.ExecuteBillQue                
                             ry.common.kdsvc "HTTP/1.1 200 OK"                  
[31/46] L6-02 (L6) — 18 fields / 12 tool calls: ['kingdee_search_forms_online', 'kingdee_search_forms_online', 'kingdee_search_forms_online', 'kingdee_query_bills', 'kingdee_query_bills', 'kingdee_query_bills', 'kingdee_query_bills', 'kingdee_search_forms_online', 'kingdee_query_bills', 'kingdee_search_forms_online', 'kingdee_query_bills', 'kingdee_query_materials']
[04/16/26 03:19:48] INFO     Processing request of type            server.py:727
                             CallToolRequest                                    
[04/16/26 03:19:51] INFO     Processing request of type            server.py:727
                             CallToolRequest                                    
[04/16/26 03:19:53] INFO     Processing request of type            server.py:727
                             CallToolRequest                                    
                    INFO     HTTP Request: POST                  _client.py:1740
                             http://erp1.enpack.com.cn:13580/k3C                
                             loud/Kingdee.BOS.WebApi.ServicesStu                
                             b.DynamicFormService.ExecuteBillQue                
                             ry.common.kdsvc "HTTP/1.1 200 OK"                  
[04/16/26 03:19:56] INFO     Processing request of type            server.py:727
                             CallToolRequest                                    
                    INFO     HTTP Request: POST                  _client.py:1740
                             http://erp1.enpack.com.cn:13580/k3C                
                             loud/Kingdee.BOS.WebApi.ServicesStu                
                             b.DynamicFormService.ExecuteBillQue                
                             ry.common.kdsvc "HTTP/1.1 200 OK"                  
[04/16/26 03:19:58] INFO     Processing request of type            server.py:727
                             CallToolRequest                                    
                    INFO     HTTP Request: POST                  _client.py:1740
                             http://erp1.enpack.com.cn:13580/k3C                
                             loud/Kingdee.BOS.WebApi.ServicesStu                
                             b.DynamicFormService.ExecuteBillQue                
                             ry.common.kdsvc "HTTP/1.1 200 OK"                  
[04/16/26 03:20:04] INFO     Processing request of type            server.py:727
                             CallToolRequest                                    
                    INFO     HTTP Request: POST                  _client.py:1740
                             http://erp1.enpack.com.cn:13580/k3C                
                             loud/Kingdee.BOS.WebApi.ServicesStu                
                             b.DynamicFormService.ExecuteBillQue                
                             ry.common.kdsvc "HTTP/1.1 200 OK"                  
[04/16/26 03:20:07] INFO     Processing request of type            server.py:727
                             CallToolRequest                                    
                    INFO     HTTP Request: POST                  _client.py:1740
                             http://erp1.enpack.com.cn:13580/k3C                
                             loud/Kingdee.BOS.WebApi.ServicesStu                
                             b.DynamicFormService.ExecuteBillQue                
                             ry.common.kdsvc "HTTP/1.1 200 OK"                  
[04/16/26 03:20:10] INFO     Processing request of type            server.py:727
                             CallToolRequest                                    
                    INFO     HTTP Request: POST                  _client.py:1740
                             http://erp1.enpack.com.cn:13580/k3C                
                             loud/Kingdee.BOS.WebApi.ServicesStu                
                             b.DynamicFormService.ExecuteBillQue                
                             ry.common.kdsvc "HTTP/1.1 200 OK"                  
[04/16/26 03:20:15] INFO     Processing request of type            server.py:727
                             CallToolRequest                                    
                    INFO     HTTP Request: POST                  _client.py:1740
                             http://erp1.enpack.com.cn:13580/k3C                
                             loud/Kingdee.BOS.WebApi.ServicesStu                
                             b.DynamicFormService.ExecuteBillQue                
                             ry.common.kdsvc "HTTP/1.1 200 OK"                  
[04/16/26 03:20:19] INFO     Processing request of type            server.py:727
                             CallToolRequest                                    
                    INFO     HTTP Request: POST                  _client.py:1740
                             http://erp1.enpack.com.cn:13580/k3C                
                             loud/Kingdee.BOS.WebApi.ServicesStu                
                             b.DynamicFormService.ExecuteBillQue                
                             ry.common.kdsvc "HTTP/1.1 200 OK"                  
[04/16/26 03:20:23] INFO     Processing request of type            server.py:727
                             CallToolRequest                                    
                    INFO     HTTP Request: POST                  _client.py:1740
                             http://erp1.enpack.com.cn:13580/k3C                
                             loud/Kingdee.BOS.WebApi.ServicesStu                
                             b.DynamicFormService.ExecuteBillQue                
                             ry.common.kdsvc "HTTP/1.1 200 OK"                  
[04/16/26 03:20:27] INFO     Processing request of type            server.py:727
                             CallToolRequest                                    
                    INFO     HTTP Request: POST                  _client.py:1740
                             http://erp1.enpack.com.cn:13580/k3C                
                             loud/Kingdee.BOS.WebApi.ServicesStu                
                             b.DynamicFormService.ExecuteBillQue                
                             ry.common.kdsvc "HTTP/1.1 200 OK"                  
[32/46] L6-03 (L6) — 9 fields / 12 tool calls: ['kingdee_search_forms_online', 'kingdee_search_forms_online', 'kingdee_search_forms_online', 'kingdee_search_forms_online', 'kingdee_query_materials', 'kingdee_query_inventory', 'kingdee_search_forms_online', 'kingdee_query_bills', 'kingdee_query_bills', 'kingdee_query_bills', 'kingdee_query_bills', 'kingdee_query_bills']
[04/16/26 03:20:38] INFO     Processing request of type            server.py:727
                             CallToolRequest                                    
[04/16/26 03:20:41] INFO     Processing request of type            server.py:727
                             CallToolRequest                                    
[04/16/26 03:20:43] INFO     Processing request of type            server.py:727
                             CallToolRequest                                    
                    INFO     HTTP Request: POST                  _client.py:1740
                             http://erp1.enpack.com.cn:13580/k3C                
                             loud/Kingdee.BOS.WebApi.ServicesStu                
                             b.DynamicFormService.ExecuteBillQue                
                             ry.common.kdsvc "HTTP/1.1 200 OK"                  
[04/16/26 03:20:46] INFO     Processing request of type            server.py:727
                             CallToolRequest                                    
                    INFO     HTTP Request: POST                  _client.py:1740
                             http://erp1.enpack.com.cn:13580/k3C                
                             loud/Kingdee.BOS.WebApi.ServicesStu                
                             b.DynamicFormService.ExecuteBillQue                
                             ry.common.kdsvc "HTTP/1.1 200 OK"                  
[04/16/26 03:20:50] INFO     Processing request of type            server.py:727
                             CallToolRequest                                    
                    INFO     HTTP Request: POST                  _client.py:1740
                             http://erp1.enpack.com.cn:13580/k3C                
                             loud/Kingdee.BOS.WebApi.ServicesStu                
                             b.DynamicFormService.ExecuteBillQue                
                             ry.common.kdsvc "HTTP/1.1 200 OK"                  
[04/16/26 03:20:53] INFO     Processing request of type            server.py:727
                             CallToolRequest                                    
                    INFO     HTTP Request: POST                  _client.py:1740
                             http://erp1.enpack.com.cn:13580/k3C                
                             loud/Kingdee.BOS.WebApi.ServicesStu                
                             b.DynamicFormService.ExecuteBillQue                
                             ry.common.kdsvc "HTTP/1.1 200 OK"                  
[04/16/26 03:20:57] INFO     Processing request of type            server.py:727
                             CallToolRequest                                    
                    INFO     HTTP Request: POST                  _client.py:1740
                             http://erp1.enpack.com.cn:13580/k3C                
                             loud/Kingdee.BOS.WebApi.ServicesStu                
                             b.DynamicFormService.ExecuteBillQue                
                             ry.common.kdsvc "HTTP/1.1 200 OK"                  
[04/16/26 03:21:01] INFO     Processing request of type            server.py:727
                             CallToolRequest                                    
                    INFO     HTTP Request: POST                  _client.py:1740
                             http://erp1.enpack.com.cn:13580/k3C                
                             loud/Kingdee.BOS.WebApi.ServicesStu                
                             b.DynamicFormService.ExecuteBillQue                
                             ry.common.kdsvc "HTTP/1.1 200 OK"                  
[04/16/26 03:21:04] INFO     Processing request of type            server.py:727
                             CallToolRequest                                    
                    INFO     HTTP Request: POST                  _client.py:1740
                             http://erp1.enpack.com.cn:13580/k3C                
                             loud/Kingdee.BOS.WebApi.ServicesStu                
                             b.DynamicFormService.QueryBusinessI                
                             nfo.common.kdsvc "HTTP/1.1 200 OK"                 
[04/16/26 03:21:09] INFO     Processing request of type            server.py:727
                             CallToolRequest                                    
                    INFO     HTTP Request: POST                  _client.py:1740
                             http://erp1.enpack.com.cn:13580/k3C                
                             loud/Kingdee.BOS.WebApi.ServicesStu                
                             b.DynamicFormService.ExecuteBillQue                
                             ry.common.kdsvc "HTTP/1.1 200 OK"                  
[04/16/26 03:21:13] INFO     Processing request of type            server.py:727
                             CallToolRequest                                    
                    INFO     HTTP Request: POST                  _client.py:1740
                             http://erp1.enpack.com.cn:13580/k3C                
                             loud/Kingdee.BOS.WebApi.ServicesStu                
                             b.DynamicFormService.ExecuteBillQue                
                             ry.common.kdsvc "HTTP/1.1 200 OK"                  
[04/16/26 03:21:18] INFO     Processing request of type            server.py:727
                             CallToolRequest                                    
                    INFO     HTTP Request: POST                  _client.py:1740
                             http://erp1.enpack.com.cn:13580/k3C                
                             loud/Kingdee.BOS.WebApi.ServicesStu                
                             b.DynamicFormService.ExecuteBillQue                
                             ry.common.kdsvc "HTTP/1.1 200 OK"                  
[33/46] L6-04 (L6) — 15 fields / 12 tool calls: ['kingdee_search_forms_online', 'kingdee_search_forms_online', 'kingdee_search_forms_online', 'kingdee_search_forms_online', 'kingdee_query_bills', 'kingdee_query_bills', 'kingdee_query_bills', 'kingdee_query_bills', 'kingdee_describe_form', 'kingdee_query_bills', 'kingdee_query_bills', 'kingdee_query_bills']
[04/16/26 03:21:30] INFO     Processing request of type            server.py:727
                             CallToolRequest                                    
[04/16/26 03:21:32] INFO     Processing request of type            server.py:727
                             CallToolRequest                                    
[04/16/26 03:21:33] INFO     HTTP Request: POST                  _client.py:1740
                             http://erp1.enpack.com.cn:13580/k3C                
                             loud/Kingdee.BOS.WebApi.ServicesStu                
                             b.DynamicFormService.ExecuteBillQue                
                             ry.common.kdsvc "HTTP/1.1 200 OK"                  
[04/16/26 03:21:35] INFO     Processing request of type            server.py:727
                             CallToolRequest                                    
                    INFO     HTTP Request: POST                  _client.py:1740
                             http://erp1.enpack.com.cn:13580/k3C                
                             loud/Kingdee.BOS.WebApi.ServicesStu                
                             b.DynamicFormService.ExecuteBillQue                
                             ry.common.kdsvc "HTTP/1.1 200 OK"                  
[04/16/26 03:21:38] INFO     Processing request of type            server.py:727
                             CallToolRequest                                    
                    INFO     HTTP Request: POST                  _client.py:1740
                             http://erp1.enpack.com.cn:13580/k3C                
                             loud/Kingdee.BOS.WebApi.ServicesStu                
                             b.DynamicFormService.ExecuteBillQue                
                             ry.common.kdsvc "HTTP/1.1 200 OK"                  
[04/16/26 03:21:41] INFO     Processing request of type            server.py:727
                             CallToolRequest                                    
[04/16/26 03:21:42] INFO     HTTP Request: POST                  _client.py:1740
                             http://erp1.enpack.com.cn:13580/k3C                
                             loud/Kingdee.BOS.WebApi.ServicesStu                
                             b.DynamicFormService.ExecuteBillQue                
                             ry.common.kdsvc "HTTP/1.1 200 OK"                  
[04/16/26 03:21:46] INFO     Processing request of type            server.py:727
                             CallToolRequest                                    
                    INFO     HTTP Request: POST                  _client.py:1740
                             http://erp1.enpack.com.cn:13580/k3C                
                             loud/Kingdee.BOS.WebApi.ServicesStu                
                             b.DynamicFormService.ExecuteBillQue                
                             ry.common.kdsvc "HTTP/1.1 200 OK"                  
[04/16/26 03:21:49] INFO     Processing request of type            server.py:727
                             CallToolRequest                                    
                    INFO     HTTP Request: POST                  _client.py:1740
                             http://erp1.enpack.com.cn:13580/k3C                
                             loud/Kingdee.BOS.WebApi.ServicesStu                
                             b.DynamicFormService.ExecuteBillQue                
                             ry.common.kdsvc "HTTP/1.1 200 OK"                  
[04/16/26 03:21:53] INFO     Processing request of type            server.py:727
                             CallToolRequest                                    
                    INFO     HTTP Request: POST                  _client.py:1740
                             http://erp1.enpack.com.cn:13580/k3C                
                             loud/Kingdee.BOS.WebApi.ServicesStu                
                             b.DynamicFormService.ExecuteBillQue                
                             ry.common.kdsvc "HTTP/1.1 200 OK"                  
[04/16/26 03:21:56] INFO     Processing request of type            server.py:727
                             CallToolRequest                                    
                    INFO     HTTP Request: POST                  _client.py:1740
                             http://erp1.enpack.com.cn:13580/k3C                
                             loud/Kingdee.BOS.WebApi.ServicesStu                
                             b.DynamicFormService.QueryBusinessI                
                             nfo.common.kdsvc "HTTP/1.1 200 OK"                 
[04/16/26 03:22:03] INFO     Processing request of type            server.py:727
                             CallToolRequest                                    
                    INFO     HTTP Request: POST                  _client.py:1740
                             http://erp1.enpack.com.cn:13580/k3C                
                             loud/Kingdee.BOS.WebApi.ServicesStu                
                             b.DynamicFormService.ExecuteBillQue                
                             ry.common.kdsvc "HTTP/1.1 200 OK"                  
[04/16/26 03:22:06] INFO     Processing request of type            server.py:727
                             CallToolRequest                                    
                    INFO     HTTP Request: POST                  _client.py:1740
                             http://erp1.enpack.com.cn:13580/k3C                
                             loud/Kingdee.BOS.WebApi.ServicesStu                
                             b.DynamicFormService.ExecuteBillQue                
                             ry.common.kdsvc "HTTP/1.1 200 OK"                  
[04/16/26 03:22:10] INFO     Processing request of type            server.py:727
                             CallToolRequest                                    
                    INFO     HTTP Request: POST                  _client.py:1740
                             http://erp1.enpack.com.cn:13580/k3C                
                             loud/Kingdee.BOS.WebApi.ServicesStu                
                             b.DynamicFormService.ExecuteBillQue                
                             ry.common.kdsvc "HTTP/1.1 200 OK"                  
[34/46] L6-05 (L6) — 12 fields / 12 tool calls: ['kingdee_search_forms_online', 'kingdee_search_forms_online', 'kingdee_search_forms_online', 'kingdee_search_forms_online', 'kingdee_search_forms_online', 'kingdee_query_bills', 'kingdee_query_bills', 'kingdee_query_bills', 'kingdee_describe_form', 'kingdee_query_bills', 'kingdee_query_bills', 'kingdee_search_forms_online']
[04/16/26 03:22:20] INFO     Processing request of type            server.py:727
                             CallToolRequest                                    
[04/16/26 03:22:22] INFO     Processing request of type            server.py:727
                             CallToolRequest                                    
[04/16/26 03:22:25] INFO     Processing request of type            server.py:727
                             CallToolRequest                                    
                    INFO     HTTP Request: POST                  _client.py:1740
                             http://erp1.enpack.com.cn:13580/k3C                
                             loud/Kingdee.BOS.WebApi.ServicesStu                
                             b.DynamicFormService.ExecuteBillQue                
                             ry.common.kdsvc "HTTP/1.1 200 OK"                  
[04/16/26 03:22:28] INFO     Processing request of type            server.py:727
                             CallToolRequest                                    
                    INFO     HTTP Request: POST                  _client.py:1740
                             http://erp1.enpack.com.cn:13580/k3C                
                             loud/Kingdee.BOS.WebApi.ServicesStu                
                             b.DynamicFormService.ExecuteBillQue                
                             ry.common.kdsvc "HTTP/1.1 200 OK"                  
[04/16/26 03:22:32] INFO     Processing request of type            server.py:727
                             CallToolRequest                                    
[04/16/26 03:22:35] INFO     Processing request of type            server.py:727
                             CallToolRequest                                    
                    INFO     HTTP Request: POST                  _client.py:1740
                             http://erp1.enpack.com.cn:13580/k3C                
                             loud/Kingdee.BOS.WebApi.ServicesStu                
                             b.DynamicFormService.ExecuteBillQue                
                             ry.common.kdsvc "HTTP/1.1 200 OK"                  
[04/16/26 03:22:38] INFO     Processing request of type            server.py:727
                             CallToolRequest                                    
                    INFO     HTTP Request: POST                  _client.py:1740
                             http://erp1.enpack.com.cn:13580/k3C                
                             loud/Kingdee.BOS.WebApi.ServicesStu                
                             b.DynamicFormService.ExecuteBillQue                
                             ry.common.kdsvc "HTTP/1.1 200 OK"                  
[04/16/26 03:22:41] INFO     Processing request of type            server.py:727
                             CallToolRequest                                    
                    INFO     HTTP Request: POST                  _client.py:1740
                             http://erp1.enpack.com.cn:13580/k3C                
                             loud/Kingdee.BOS.WebApi.ServicesStu                
                             b.DynamicFormService.ExecuteBillQue                
                             ry.common.kdsvc "HTTP/1.1 200 OK"                  
[04/16/26 03:22:44] INFO     Processing request of type            server.py:727
                             CallToolRequest                                    
                    INFO     HTTP Request: POST                  _client.py:1740
                             http://erp1.enpack.com.cn:13580/k3C                
                             loud/Kingdee.BOS.WebApi.ServicesStu                
                             b.DynamicFormService.QueryBusinessI                
                             nfo.common.kdsvc "HTTP/1.1 200 OK"                 
[04/16/26 03:22:48] INFO     Processing request of type            server.py:727
                             CallToolRequest                                    
                    INFO     HTTP Request: POST                  _client.py:1740
                             http://erp1.enpack.com.cn:13580/k3C                
                             loud/Kingdee.BOS.WebApi.ServicesStu                
                             b.DynamicFormService.QueryBusinessI                
                             nfo.common.kdsvc "HTTP/1.1 200 OK"                 
[04/16/26 03:22:55] INFO     Processing request of type            server.py:727
                             CallToolRequest                                    
                    INFO     HTTP Request: POST                  _client.py:1740
                             http://erp1.enpack.com.cn:13580/k3C                
                             loud/Kingdee.BOS.WebApi.ServicesStu                
                             b.DynamicFormService.ExecuteBillQue                
                             ry.common.kdsvc "HTTP/1.1 200 OK"                  
[04/16/26 03:22:58] INFO     Processing request of type            server.py:727
                             CallToolRequest                                    
                    INFO     HTTP Request: POST                  _client.py:1740
                             http://erp1.enpack.com.cn:13580/k3C                
                             loud/Kingdee.BOS.WebApi.ServicesStu                
                             b.DynamicFormService.ExecuteBillQue                
                             ry.common.kdsvc "HTTP/1.1 200 OK"                  
[35/46] L6-06 (L6) — 6 fields / 12 tool calls: ['kingdee_search_forms_online', 'kingdee_search_forms_online', 'kingdee_query_inventory', 'kingdee_query_materials', 'kingdee_search_forms_online', 'kingdee_query_bills', 'kingdee_query_bills', 'kingdee_query_bills', 'kingdee_describe_form', 'kingdee_describe_form', 'kingdee_query_bills', 'kingdee_query_bills']
[04/16/26 03:23:09] INFO     Processing request of type            server.py:727
                             CallToolRequest                                    
[04/16/26 03:23:12] INFO     Processing request of type            server.py:727
                             CallToolRequest                                    
[04/16/26 03:23:15] INFO     Processing request of type            server.py:727
                             CallToolRequest                                    
                    INFO     HTTP Request: POST                  _client.py:1740
                             http://erp1.enpack.com.cn:13580/k3C                
                             loud/Kingdee.BOS.WebApi.ServicesStu                
                             b.DynamicFormService.ExecuteBillQue                
                             ry.common.kdsvc "HTTP/1.1 200 OK"                  
[04/16/26 03:23:19] INFO     Processing request of type            server.py:727
                             CallToolRequest                                    
                    INFO     HTTP Request: POST                  _client.py:1740
                             http://erp1.enpack.com.cn:13580/k3C                
                             loud/Kingdee.BOS.WebApi.ServicesStu                
                             b.DynamicFormService.ExecuteBillQue                
                             ry.common.kdsvc "HTTP/1.1 200 OK"                  
[04/16/26 03:23:22] INFO     Processing request of type            server.py:727
                             CallToolRequest                                    
                    INFO     HTTP Request: POST                  _client.py:1740
                             http://erp1.enpack.com.cn:13580/k3C                
                             loud/Kingdee.BOS.WebApi.ServicesStu                
                             b.DynamicFormService.ExecuteBillQue                
                             ry.common.kdsvc "HTTP/1.1 200 OK"                  
[04/16/26 03:23:25] INFO     Processing request of type            server.py:727
                             CallToolRequest                                    
                    INFO     HTTP Request: POST                  _client.py:1740
                             http://erp1.enpack.com.cn:13580/k3C                
                             loud/Kingdee.BOS.WebApi.ServicesStu                
                             b.DynamicFormService.ExecuteBillQue                
                             ry.common.kdsvc "HTTP/1.1 200 OK"                  
[04/16/26 03:23:30] INFO     Processing request of type            server.py:727
                             CallToolRequest                                    
                    INFO     HTTP Request: POST                  _client.py:1740
                             http://erp1.enpack.com.cn:13580/k3C                
                             loud/Kingdee.BOS.WebApi.ServicesStu                
                             b.DynamicFormService.ExecuteBillQue                
                             ry.common.kdsvc "HTTP/1.1 200 OK"                  
[04/16/26 03:23:34] INFO     Processing request of type            server.py:727
                             CallToolRequest                                    
                    INFO     HTTP Request: POST                  _client.py:1740
                             http://erp1.enpack.com.cn:13580/k3C                
                             loud/Kingdee.BOS.WebApi.ServicesStu                
                             b.DynamicFormService.ExecuteBillQue                
                             ry.common.kdsvc "HTTP/1.1 200 OK"                  
[04/16/26 03:23:38] INFO     Processing request of type            server.py:727
                             CallToolRequest                                    
                    INFO     HTTP Request: POST                  _client.py:1740
                             http://erp1.enpack.com.cn:13580/k3C                
                             loud/Kingdee.BOS.WebApi.ServicesStu                
                             b.DynamicFormService.ExecuteBillQue                
                             ry.common.kdsvc "HTTP/1.1 200 OK"                  
[04/16/26 03:23:42] INFO     Processing request of type            server.py:727
                             CallToolRequest                                    
                    INFO     HTTP Request: POST                  _client.py:1740
                             http://erp1.enpack.com.cn:13580/k3C                
                             loud/Kingdee.BOS.WebApi.ServicesStu                
                             b.DynamicFormService.ExecuteBillQue                
                             ry.common.kdsvc "HTTP/1.1 200 OK"                  
[04/16/26 03:23:45] INFO     Processing request of type            server.py:727
                             CallToolRequest                                    
[04/16/26 03:23:46] INFO     HTTP Request: POST                  _client.py:1740
                             http://erp1.enpack.com.cn:13580/k3C                
                             loud/Kingdee.BOS.WebApi.ServicesStu                
                             b.DynamicFormService.ExecuteBillQue                
                             ry.common.kdsvc "HTTP/1.1 200 OK"                  
[36/46] L6-07 (L6) — 19 fields / 11 tool calls: ['kingdee_search_forms_online', 'kingdee_search_forms_online', 'kingdee_query_bills', 'kingdee_query_bills', 'kingdee_query_bills', 'kingdee_query_bills', 'kingdee_query_bills', 'kingdee_query_bills', 'kingdee_query_bills', 'kingdee_query_bills', 'kingdee_query_bills']
[04/16/26 03:24:03] INFO     Processing request of type            server.py:727
                             CallToolRequest                                    
                    INFO     HTTP Request: POST                  _client.py:1740
                             http://erp1.enpack.com.cn:13580/k3C                
                             loud/Kingdee.BOS.WebApi.ServicesStu                
                             b.DynamicFormService.ExecuteBillQue                
                             ry.common.kdsvc "HTTP/1.1 200 OK"                  
[04/16/26 03:24:06] INFO     Processing request of type            server.py:727
                             CallToolRequest                                    
                    INFO     HTTP Request: POST                  _client.py:1740
                             http://erp1.enpack.com.cn:13580/k3C                
                             loud/Kingdee.BOS.WebApi.ServicesStu                
                             b.DynamicFormService.ExecuteBillQue                
                             ry.common.kdsvc "HTTP/1.1 200 OK"                  
[04/16/26 03:24:09] INFO     Processing request of type            server.py:727
                             CallToolRequest                                    
                    INFO     HTTP Request: POST                  _client.py:1740
                             http://erp1.enpack.com.cn:13580/k3C                
                             loud/Kingdee.BOS.WebApi.ServicesStu                
                             b.DynamicFormService.ExecuteBillQue                
                             ry.common.kdsvc "HTTP/1.1 200 OK"                  
[04/16/26 03:24:13] INFO     Processing request of type            server.py:727
                             CallToolRequest                                    
                    INFO     HTTP Request: POST                  _client.py:1740
                             http://erp1.enpack.com.cn:13580/k3C                
                             loud/Kingdee.BOS.WebApi.ServicesStu                
                             b.DynamicFormService.ExecuteBillQue                
                             ry.common.kdsvc "HTTP/1.1 200 OK"                  
[04/16/26 03:24:19] INFO     Processing request of type            server.py:727
                             CallToolRequest                                    
                    INFO     HTTP Request: POST                  _client.py:1740
                             http://erp1.enpack.com.cn:13580/k3C                
                             loud/Kingdee.BOS.WebApi.ServicesStu                
                             b.DynamicFormService.ExecuteBillQue                
                             ry.common.kdsvc "HTTP/1.1 200 OK"                  
[04/16/26 03:24:23] INFO     Processing request of type            server.py:727
                             CallToolRequest                                    
                    INFO     HTTP Request: POST                  _client.py:1740
                             http://erp1.enpack.com.cn:13580/k3C                
                             loud/Kingdee.BOS.WebApi.ServicesStu                
                             b.DynamicFormService.ExecuteBillQue                
                             ry.common.kdsvc "HTTP/1.1 200 OK"                  
[04/16/26 03:24:28] INFO     Processing request of type            server.py:727
                             CallToolRequest                                    
                    INFO     HTTP Request: POST                  _client.py:1740
                             http://erp1.enpack.com.cn:13580/k3C                
                             loud/Kingdee.BOS.WebApi.ServicesStu                
                             b.DynamicFormService.ExecuteBillQue                
                             ry.common.kdsvc "HTTP/1.1 200 OK"                  
[04/16/26 03:24:31] INFO     Processing request of type            server.py:727
                             CallToolRequest                                    
                    INFO     HTTP Request: POST                  _client.py:1740
                             http://erp1.enpack.com.cn:13580/k3C                
                             loud/Kingdee.BOS.WebApi.ServicesStu                
                             b.DynamicFormService.QueryBusinessI                
                             nfo.common.kdsvc "HTTP/1.1 200 OK"                 
[04/16/26 03:24:38] INFO     Processing request of type            server.py:727
                             CallToolRequest                                    
                    INFO     HTTP Request: POST                  _client.py:1740
                             http://erp1.enpack.com.cn:13580/k3C                
                             loud/Kingdee.BOS.WebApi.ServicesStu                
                             b.DynamicFormService.ExecuteBillQue                
                             ry.common.kdsvc "HTTP/1.1 200 OK"                  
[04/16/26 03:24:42] INFO     Processing request of type            server.py:727
                             CallToolRequest                                    
                    INFO     HTTP Request: POST                  _client.py:1740
                             http://erp1.enpack.com.cn:13580/k3C                
                             loud/Kingdee.BOS.WebApi.ServicesStu                
                             b.DynamicFormService.ExecuteBillQue                
                             ry.common.kdsvc "HTTP/1.1 200 OK"                  
[04/16/26 03:24:47] INFO     Processing request of type            server.py:727
                             CallToolRequest                                    
                    INFO     HTTP Request: POST                  _client.py:1740
                             http://erp1.enpack.com.cn:13580/k3C                
                             loud/Kingdee.BOS.WebApi.ServicesStu                
                             b.DynamicFormService.ExecuteBillQue                
                             ry.common.kdsvc "HTTP/1.1 200 OK"                  
[04/16/26 03:24:54] INFO     Processing request of type            server.py:727
                             CallToolRequest                                    
                    INFO     HTTP Request: POST                  _client.py:1740
                             http://erp1.enpack.com.cn:13580/k3C                
                             loud/Kingdee.BOS.WebApi.ServicesStu                
                             b.DynamicFormService.ExecuteBillQue                
                             ry.common.kdsvc "HTTP/1.1 200 OK"                  
[37/46] L7-01 (L7) — 24 fields / 12 tool calls: ['kingdee_search_forms_online', 'kingdee_search_forms_online', 'kingdee_search_forms_online', 'kingdee_search_forms_online', 'kingdee_query_bills', 'kingdee_query_bills', 'kingdee_query_bills', 'kingdee_describe_form', 'kingdee_query_bills', 'kingdee_query_bills', 'kingdee_query_bills', 'kingdee_query_bills']
[04/16/26 03:25:06] INFO     Processing request of type            server.py:727
                             CallToolRequest                                    
[04/16/26 03:25:07] INFO     HTTP Request: POST                  _client.py:1740
                             http://erp1.enpack.com.cn:13580/k3C                
                             loud/Kingdee.BOS.WebApi.ServicesStu                
                             b.DynamicFormService.ExecuteBillQue                
                             ry.common.kdsvc "HTTP/1.1 200 OK"                  
[04/16/26 03:25:10] INFO     Processing request of type            server.py:727
                             CallToolRequest                                    
                    INFO     HTTP Request: POST                  _client.py:1740
                             http://erp1.enpack.com.cn:13580/k3C                
                             loud/Kingdee.BOS.WebApi.ServicesStu                
                             b.DynamicFormService.ExecuteBillQue                
                             ry.common.kdsvc "HTTP/1.1 200 OK"                  
[04/16/26 03:25:13] INFO     Processing request of type            server.py:727
                             CallToolRequest                                    
                    INFO     HTTP Request: POST                  _client.py:1740
                             http://erp1.enpack.com.cn:13580/k3C                
                             loud/Kingdee.BOS.WebApi.ServicesStu                
                             b.DynamicFormService.ExecuteBillQue                
                             ry.common.kdsvc "HTTP/1.1 200 OK"                  
[04/16/26 03:25:16] INFO     Processing request of type            server.py:727
                             CallToolRequest                                    
                    INFO     HTTP Request: POST                  _client.py:1740
                             http://erp1.enpack.com.cn:13580/k3C                
                             loud/Kingdee.BOS.WebApi.ServicesStu                
                             b.DynamicFormService.ExecuteBillQue                
                             ry.common.kdsvc "HTTP/1.1 200 OK"                  
[04/16/26 03:25:19] INFO     Processing request of type            server.py:727
                             CallToolRequest                                    
                    INFO     HTTP Request: POST                  _client.py:1740
                             http://erp1.enpack.com.cn:13580/k3C                
                             loud/Kingdee.BOS.WebApi.ServicesStu                
                             b.DynamicFormService.ExecuteBillQue                
                             ry.common.kdsvc "HTTP/1.1 200 OK"                  
[04/16/26 03:25:22] INFO     Processing request of type            server.py:727
                             CallToolRequest                                    
                    INFO     HTTP Request: POST                  _client.py:1740
                             http://erp1.enpack.com.cn:13580/k3C                
                             loud/Kingdee.BOS.WebApi.ServicesStu                
                             b.DynamicFormService.ExecuteBillQue                
                             ry.common.kdsvc "HTTP/1.1 200 OK"                  
[04/16/26 03:25:24] INFO     Processing request of type            server.py:727
                             CallToolRequest                                    
[04/16/26 03:25:25] INFO     HTTP Request: POST                  _client.py:1740
                             http://erp1.enpack.com.cn:13580/k3C                
                             loud/Kingdee.BOS.WebApi.ServicesStu                
                             b.DynamicFormService.ExecuteBillQue                
                             ry.common.kdsvc "HTTP/1.1 200 OK"                  
[04/16/26 03:25:28] INFO     Processing request of type            server.py:727
                             CallToolRequest                                    
                    INFO     HTTP Request: POST                  _client.py:1740
                             http://erp1.enpack.com.cn:13580/k3C                
                             loud/Kingdee.BOS.WebApi.ServicesStu                
                             b.DynamicFormService.ExecuteBillQue                
                             ry.common.kdsvc "HTTP/1.1 200 OK"                  
[04/16/26 03:25:31] INFO     Processing request of type            server.py:727
                             CallToolRequest                                    
                    INFO     HTTP Request: POST                  _client.py:1740
                             http://erp1.enpack.com.cn:13580/k3C                
                             loud/Kingdee.BOS.WebApi.ServicesStu                
                             b.DynamicFormService.ExecuteBillQue                
                             ry.common.kdsvc "HTTP/1.1 200 OK"                  
[04/16/26 03:25:33] INFO     Processing request of type            server.py:727
                             CallToolRequest                                    
[04/16/26 03:25:34] INFO     HTTP Request: POST                  _client.py:1740
                             http://erp1.enpack.com.cn:13580/k3C                
                             loud/Kingdee.BOS.WebApi.ServicesStu                
                             b.DynamicFormService.ExecuteBillQue                
                             ry.common.kdsvc "HTTP/1.1 200 OK"                  
[04/16/26 03:25:37] INFO     Processing request of type            server.py:727
                             CallToolRequest                                    
                    INFO     HTTP Request: POST                  _client.py:1740
                             http://erp1.enpack.com.cn:13580/k3C                
                             loud/Kingdee.BOS.WebApi.ServicesStu                
                             b.DynamicFormService.ExecuteBillQue                
                             ry.common.kdsvc "HTTP/1.1 200 OK"                  
[04/16/26 03:25:39] INFO     Processing request of type            server.py:727
                             CallToolRequest                                    
                    INFO     HTTP Request: POST                  _client.py:1740
                             http://erp1.enpack.com.cn:13580/k3C                
                             loud/Kingdee.BOS.WebApi.ServicesStu                
                             b.DynamicFormService.ExecuteBillQue                
                             ry.common.kdsvc "HTTP/1.1 200 OK"                  
[38/46] L7-02 (L7) — 0 fields / 12 tool calls: ['kingdee_search_forms_online', 'kingdee_search_forms_online', 'kingdee_search_forms_online', 'kingdee_search_forms_online', 'kingdee_search_forms_online', 'kingdee_search_forms_online', 'kingdee_search_forms_online', 'kingdee_search_forms_online', 'kingdee_search_forms_online', 'kingdee_search_forms_online', 'kingdee_search_forms_online', 'kingdee_search_forms_online']
[04/16/26 03:25:48] INFO     Processing request of type            server.py:727
                             CallToolRequest                                    
                    INFO     HTTP Request: POST                  _client.py:1740
                             http://erp1.enpack.com.cn:13580/k3C                
                             loud/Kingdee.BOS.WebApi.ServicesStu                
                             b.DynamicFormService.ExecuteBillQue                
                             ry.common.kdsvc "HTTP/1.1 200 OK"                  
[04/16/26 03:25:51] INFO     Processing request of type            server.py:727
                             CallToolRequest                                    
                    INFO     HTTP Request: POST                  _client.py:1740
                             http://erp1.enpack.com.cn:13580/k3C                
                             loud/Kingdee.BOS.WebApi.ServicesStu                
                             b.DynamicFormService.ExecuteBillQue                
                             ry.common.kdsvc "HTTP/1.1 200 OK"                  
[04/16/26 03:25:54] INFO     Processing request of type            server.py:727
                             CallToolRequest                                    
                    INFO     HTTP Request: POST                  _client.py:1740
                             http://erp1.enpack.com.cn:13580/k3C                
                             loud/Kingdee.BOS.WebApi.ServicesStu                
                             b.DynamicFormService.ExecuteBillQue                
                             ry.common.kdsvc "HTTP/1.1 200 OK"                  
[04/16/26 03:25:57] INFO     Processing request of type            server.py:727
                             CallToolRequest                                    
                    INFO     HTTP Request: POST                  _client.py:1740
                             http://erp1.enpack.com.cn:13580/k3C                
                             loud/Kingdee.BOS.WebApi.ServicesStu                
                             b.DynamicFormService.ExecuteBillQue                
                             ry.common.kdsvc "HTTP/1.1 200 OK"                  
[04/16/26 03:26:01] INFO     Processing request of type            server.py:727
                             CallToolRequest                                    
                    INFO     HTTP Request: POST                  _client.py:1740
                             http://erp1.enpack.com.cn:13580/k3C                
                             loud/Kingdee.BOS.WebApi.ServicesStu                
                             b.DynamicFormService.ExecuteBillQue                
                             ry.common.kdsvc "HTTP/1.1 200 OK"                  
[04/16/26 03:26:05] INFO     Processing request of type            server.py:727
                             CallToolRequest                                    
                    INFO     HTTP Request: POST                  _client.py:1740
                             http://erp1.enpack.com.cn:13580/k3C                
                             loud/Kingdee.BOS.WebApi.ServicesStu                
                             b.DynamicFormService.ExecuteBillQue                
                             ry.common.kdsvc "HTTP/1.1 200 OK"                  
[04/16/26 03:26:08] INFO     Processing request of type            server.py:727
                             CallToolRequest                                    
                    INFO     HTTP Request: POST                  _client.py:1740
                             http://erp1.enpack.com.cn:13580/k3C                
                             loud/Kingdee.BOS.WebApi.ServicesStu                
                             b.DynamicFormService.ExecuteBillQue                
                             ry.common.kdsvc "HTTP/1.1 200 OK"                  
[04/16/26 03:26:12] INFO     Processing request of type            server.py:727
                             CallToolRequest                                    
                    INFO     HTTP Request: POST                  _client.py:1740
                             http://erp1.enpack.com.cn:13580/k3C                
                             loud/Kingdee.BOS.WebApi.ServicesStu                
                             b.DynamicFormService.ExecuteBillQue                
                             ry.common.kdsvc "HTTP/1.1 200 OK"                  
[04/16/26 03:26:15] INFO     Processing request of type            server.py:727
                             CallToolRequest                                    
                    INFO     HTTP Request: POST                  _client.py:1740
                             http://erp1.enpack.com.cn:13580/k3C                
                             loud/Kingdee.BOS.WebApi.ServicesStu                
                             b.DynamicFormService.ExecuteBillQue                
                             ry.common.kdsvc "HTTP/1.1 200 OK"                  
[04/16/26 03:26:18] INFO     Processing request of type            server.py:727
                             CallToolRequest                                    
                    INFO     HTTP Request: POST                  _client.py:1740
                             http://erp1.enpack.com.cn:13580/k3C                
                             loud/Kingdee.BOS.WebApi.ServicesStu                
                             b.DynamicFormService.ExecuteBillQue                
                             ry.common.kdsvc "HTTP/1.1 200 OK"                  
[04/16/26 03:26:22] INFO     Processing request of type            server.py:727
                             CallToolRequest                                    
                    INFO     HTTP Request: POST                  _client.py:1740
                             http://erp1.enpack.com.cn:13580/k3C                
                             loud/Kingdee.BOS.WebApi.ServicesStu                
                             b.DynamicFormService.ExecuteBillQue                
                             ry.common.kdsvc "HTTP/1.1 200 OK"                  
[04/16/26 03:26:25] INFO     Processing request of type            server.py:727
                             CallToolRequest                                    
                    INFO     HTTP Request: POST                  _client.py:1740
                             http://erp1.enpack.com.cn:13580/k3C                
                             loud/Kingdee.BOS.WebApi.ServicesStu                
                             b.DynamicFormService.ExecuteBillQue                
                             ry.common.kdsvc "HTTP/1.1 200 OK"                  
[39/46] L7-03 (L7) — 10 fields / 12 tool calls: ['kingdee_search_forms_online', 'kingdee_search_forms_online', 'kingdee_search_forms_online', 'kingdee_search_forms_online', 'kingdee_query_bills', 'kingdee_query_materials', 'kingdee_query_bills', 'kingdee_query_bills', 'kingdee_query_bills', 'kingdee_query_bills', 'kingdee_query_bills', 'kingdee_search_forms_online']
[04/16/26 03:26:38] INFO     Processing request of type            server.py:727
                             CallToolRequest                                    
[04/16/26 03:26:41] INFO     Processing request of type            server.py:727
                             CallToolRequest                                    
[04/16/26 03:26:44] INFO     Processing request of type            server.py:727
                             CallToolRequest                                    
                    INFO     HTTP Request: POST                  _client.py:1740
                             http://erp1.enpack.com.cn:13580/k3C                
                             loud/Kingdee.BOS.WebApi.ServicesStu                
                             b.DynamicFormService.ExecuteBillQue                
                             ry.common.kdsvc "HTTP/1.1 200 OK"                  
[04/16/26 03:26:47] INFO     Processing request of type            server.py:727
                             CallToolRequest                                    
                    INFO     HTTP Request: POST                  _client.py:1740
                             http://erp1.enpack.com.cn:13580/k3C                
                             loud/Kingdee.BOS.WebApi.ServicesStu                
                             b.DynamicFormService.ExecuteBillQue                
                             ry.common.kdsvc "HTTP/1.1 200 OK"                  
[04/16/26 03:26:50] INFO     Processing request of type            server.py:727
                             CallToolRequest                                    
                    INFO     HTTP Request: POST                  _client.py:1740
                             http://erp1.enpack.com.cn:13580/k3C                
                             loud/Kingdee.BOS.WebApi.ServicesStu                
                             b.DynamicFormService.ExecuteBillQue                
                             ry.common.kdsvc "HTTP/1.1 200 OK"                  
[04/16/26 03:26:53] INFO     Processing request of type            server.py:727
                             CallToolRequest                                    
                    INFO     HTTP Request: POST                  _client.py:1740
                             http://erp1.enpack.com.cn:13580/k3C                
                             loud/Kingdee.BOS.WebApi.ServicesStu                
                             b.DynamicFormService.ExecuteBillQue                
                             ry.common.kdsvc "HTTP/1.1 200 OK"                  
[04/16/26 03:26:56] INFO     Processing request of type            server.py:727
                             CallToolRequest                                    
                    INFO     HTTP Request: POST                  _client.py:1740
                             http://erp1.enpack.com.cn:13580/k3C                
                             loud/Kingdee.BOS.WebApi.ServicesStu                
                             b.DynamicFormService.ExecuteBillQue                
                             ry.common.kdsvc "HTTP/1.1 200 OK"                  
[04/16/26 03:26:59] INFO     Processing request of type            server.py:727
                             CallToolRequest                                    
                    INFO     HTTP Request: POST                  _client.py:1740
                             http://erp1.enpack.com.cn:13580/k3C                
                             loud/Kingdee.BOS.WebApi.ServicesStu                
                             b.DynamicFormService.ExecuteBillQue                
                             ry.common.kdsvc "HTTP/1.1 200 OK"                  
[04/16/26 03:27:03] INFO     Processing request of type            server.py:727
                             CallToolRequest                                    
                    INFO     HTTP Request: POST                  _client.py:1740
                             http://erp1.enpack.com.cn:13580/k3C                
                             loud/Kingdee.BOS.WebApi.ServicesStu                
                             b.DynamicFormService.ExecuteBillQue                
                             ry.common.kdsvc "HTTP/1.1 200 OK"                  
[04/16/26 03:27:06] INFO     Processing request of type            server.py:727
                             CallToolRequest                                    
                    INFO     HTTP Request: POST                  _client.py:1740
                             http://erp1.enpack.com.cn:13580/k3C                
                             loud/Kingdee.BOS.WebApi.ServicesStu                
                             b.DynamicFormService.ExecuteBillQue                
                             ry.common.kdsvc "HTTP/1.1 200 OK"                  
[04/16/26 03:27:09] INFO     Processing request of type            server.py:727
                             CallToolRequest                                    
                    INFO     HTTP Request: POST                  _client.py:1740
                             http://erp1.enpack.com.cn:13580/k3C                
                             loud/Kingdee.BOS.WebApi.ServicesStu                
                             b.DynamicFormService.ExecuteBillQue                
                             ry.common.kdsvc "HTTP/1.1 200 OK"                  
[04/16/26 03:27:12] INFO     Processing request of type            server.py:727
                             CallToolRequest                                    
                    INFO     HTTP Request: POST                  _client.py:1740
                             http://erp1.enpack.com.cn:13580/k3C                
                             loud/Kingdee.BOS.WebApi.ServicesStu                
                             b.DynamicFormService.ExecuteBillQue                
                             ry.common.kdsvc "HTTP/1.1 200 OK"                  
[40/46] L7-04 (L7) — 0 fields / 12 tool calls: ['kingdee_search_forms_online', 'kingdee_search_forms_online', 'kingdee_search_forms_online', 'kingdee_search_forms_online', 'kingdee_search_forms_online', 'kingdee_search_forms_online', 'kingdee_search_forms_online', 'kingdee_search_forms_online', 'kingdee_search_forms_online', 'kingdee_search_forms_online', 'kingdee_search_forms_online', 'kingdee_search_forms_online']
[04/16/26 03:27:23] INFO     Processing request of type            server.py:727
                             CallToolRequest                                    
                    INFO     HTTP Request: POST                  _client.py:1740
                             http://erp1.enpack.com.cn:13580/k3C                
                             loud/Kingdee.BOS.WebApi.ServicesStu                
                             b.DynamicFormService.ExecuteBillQue                
                             ry.common.kdsvc "HTTP/1.1 200 OK"                  
[04/16/26 03:27:26] INFO     Processing request of type            server.py:727
                             CallToolRequest                                    
                    INFO     HTTP Request: POST                  _client.py:1740
                             http://erp1.enpack.com.cn:13580/k3C                
                             loud/Kingdee.BOS.WebApi.ServicesStu                
                             b.DynamicFormService.ExecuteBillQue                
                             ry.common.kdsvc "HTTP/1.1 200 OK"                  
[04/16/26 03:27:29] INFO     Processing request of type            server.py:727
                             CallToolRequest                                    
                    INFO     HTTP Request: POST                  _client.py:1740
                             http://erp1.enpack.com.cn:13580/k3C                
                             loud/Kingdee.BOS.WebApi.ServicesStu                
                             b.DynamicFormService.ExecuteBillQue                
                             ry.common.kdsvc "HTTP/1.1 200 OK"                  
[04/16/26 03:27:32] INFO     Processing request of type            server.py:727
                             CallToolRequest                                    
                    INFO     HTTP Request: POST                  _client.py:1740
                             http://erp1.enpack.com.cn:13580/k3C                
                             loud/Kingdee.BOS.WebApi.ServicesStu                
                             b.DynamicFormService.ExecuteBillQue                
                             ry.common.kdsvc "HTTP/1.1 200 OK"                  
[04/16/26 03:27:35] INFO     Processing request of type            server.py:727
                             CallToolRequest                                    
                    INFO     HTTP Request: POST                  _client.py:1740
                             http://erp1.enpack.com.cn:13580/k3C                
                             loud/Kingdee.BOS.WebApi.ServicesStu                
                             b.DynamicFormService.ExecuteBillQue                
                             ry.common.kdsvc "HTTP/1.1 200 OK"                  
[04/16/26 03:27:39] INFO     Processing request of type            server.py:727
                             CallToolRequest                                    
                    INFO     HTTP Request: POST                  _client.py:1740
                             http://erp1.enpack.com.cn:13580/k3C                
                             loud/Kingdee.BOS.WebApi.ServicesStu                
                             b.DynamicFormService.ExecuteBillQue                
                             ry.common.kdsvc "HTTP/1.1 200 OK"                  
[04/16/26 03:27:42] INFO     Processing request of type            server.py:727
                             CallToolRequest                                    
                    INFO     HTTP Request: POST                  _client.py:1740
                             http://erp1.enpack.com.cn:13580/k3C                
                             loud/Kingdee.BOS.WebApi.ServicesStu                
                             b.DynamicFormService.ExecuteBillQue                
                             ry.common.kdsvc "HTTP/1.1 200 OK"                  
[04/16/26 03:27:45] INFO     Processing request of type            server.py:727
                             CallToolRequest                                    
                    INFO     HTTP Request: POST                  _client.py:1740
                             http://erp1.enpack.com.cn:13580/k3C                
                             loud/Kingdee.BOS.WebApi.ServicesStu                
                             b.DynamicFormService.ExecuteBillQue                
                             ry.common.kdsvc "HTTP/1.1 200 OK"                  
[04/16/26 03:27:51] INFO     Processing request of type            server.py:727
                             CallToolRequest                                    
                    INFO     HTTP Request: POST                  _client.py:1740
                             http://erp1.enpack.com.cn:13580/k3C                
                             loud/Kingdee.BOS.WebApi.ServicesStu                
                             b.DynamicFormService.ExecuteBillQue                
                             ry.common.kdsvc "HTTP/1.1 200 OK"                  
[41/46] L7-05 (L7) — 0 fields / 9 tool calls: ['kingdee_search_forms_online', 'kingdee_search_forms_online', 'kingdee_search_forms_online', 'kingdee_search_forms_online', 'kingdee_search_forms_online', 'kingdee_search_forms_online', 'kingdee_search_forms_online', 'kingdee_search_forms_online', 'kingdee_search_forms_online']
[04/16/26 03:28:05] INFO     Processing request of type            server.py:727
                             CallToolRequest                                    
[04/16/26 03:28:07] INFO     Processing request of type            server.py:727
                             CallToolRequest                                    
[04/16/26 03:28:10] INFO     Processing request of type            server.py:727
                             CallToolRequest                                    
                    INFO     HTTP Request: POST                  _client.py:1740
                             http://erp1.enpack.com.cn:13580/k3C                
                             loud/Kingdee.BOS.WebApi.ServicesStu                
                             b.DynamicFormService.ExecuteBillQue                
                             ry.common.kdsvc "HTTP/1.1 200 OK"                  
[04/16/26 03:28:14] INFO     Processing request of type            server.py:727
                             CallToolRequest                                    
                    INFO     HTTP Request: POST                  _client.py:1740
                             http://erp1.enpack.com.cn:13580/k3C                
                             loud/Kingdee.BOS.WebApi.ServicesStu                
                             b.DynamicFormService.ExecuteBillQue                
                             ry.common.kdsvc "HTTP/1.1 200 OK"                  
[04/16/26 03:28:17] INFO     Processing request of type            server.py:727
                             CallToolRequest                                    
                    INFO     HTTP Request: POST                  _client.py:1740
                             http://erp1.enpack.com.cn:13580/k3C                
                             loud/Kingdee.BOS.WebApi.ServicesStu                
                             b.DynamicFormService.ExecuteBillQue                
                             ry.common.kdsvc "HTTP/1.1 200 OK"                  
[04/16/26 03:28:23] INFO     Processing request of type            server.py:727
                             CallToolRequest                                    
                    INFO     HTTP Request: POST                  _client.py:1740
                             http://erp1.enpack.com.cn:13580/k3C                
                             loud/Kingdee.BOS.WebApi.ServicesStu                
                             b.DynamicFormService.ExecuteBillQue                
                             ry.common.kdsvc "HTTP/1.1 200 OK"                  
[04/16/26 03:28:27] INFO     Processing request of type            server.py:727
                             CallToolRequest                                    
                    INFO     HTTP Request: POST                  _client.py:1740
                             http://erp1.enpack.com.cn:13580/k3C                
                             loud/Kingdee.BOS.WebApi.ServicesStu                
                             b.DynamicFormService.ExecuteBillQue                
                             ry.common.kdsvc "HTTP/1.1 200 OK"                  
[04/16/26 03:28:32] INFO     Processing request of type            server.py:727
                             CallToolRequest                                    
                    INFO     HTTP Request: POST                  _client.py:1740
                             http://erp1.enpack.com.cn:13580/k3C                
                             loud/Kingdee.BOS.WebApi.ServicesStu                
                             b.DynamicFormService.ExecuteBillQue                
                             ry.common.kdsvc "HTTP/1.1 200 OK"                  
[04/16/26 03:28:36] INFO     Processing request of type            server.py:727
                             CallToolRequest                                    
                    INFO     HTTP Request: POST                  _client.py:1740
                             http://erp1.enpack.com.cn:13580/k3C                
                             loud/Kingdee.BOS.WebApi.ServicesStu                
                             b.DynamicFormService.ExecuteBillQue                
                             ry.common.kdsvc "HTTP/1.1 200 OK"                  
[04/16/26 03:28:40] INFO     Processing request of type            server.py:727
                             CallToolRequest                                    
                    INFO     HTTP Request: POST                  _client.py:1740
                             http://erp1.enpack.com.cn:13580/k3C                
                             loud/Kingdee.BOS.WebApi.ServicesStu                
                             b.DynamicFormService.ExecuteBillQue                
                             ry.common.kdsvc "HTTP/1.1 200 OK"                  
[04/16/26 03:28:44] INFO     Processing request of type            server.py:727
                             CallToolRequest                                    
                    INFO     HTTP Request: POST                  _client.py:1740
                             http://erp1.enpack.com.cn:13580/k3C                
                             loud/Kingdee.BOS.WebApi.ServicesStu                
                             b.DynamicFormService.ExecuteBillQue                
                             ry.common.kdsvc "HTTP/1.1 200 OK"                  
[04/16/26 03:28:48] INFO     Processing request of type            server.py:727
                             CallToolRequest                                    
                    INFO     HTTP Request: POST                  _client.py:1740
                             http://erp1.enpack.com.cn:13580/k3C                
                             loud/Kingdee.BOS.WebApi.ServicesStu                
                             b.DynamicFormService.ExecuteBillQue                
                             ry.common.kdsvc "HTTP/1.1 200 OK"                  
[42/46] L7-06 (L7) — 10 fields / 12 tool calls: ['kingdee_search_forms_online', 'kingdee_search_forms_online', 'kingdee_search_forms_online', 'kingdee_search_forms_online', 'kingdee_search_forms_online', 'kingdee_query_bills', 'kingdee_query_bills', 'kingdee_query_bills', 'kingdee_query_bills', 'kingdee_query_bills', 'kingdee_query_bills', 'kingdee_query_bills']
[04/16/26 03:29:03] INFO     Processing request of type            server.py:727
                             CallToolRequest                                    
[04/16/26 03:29:06] INFO     Processing request of type            server.py:727
                             CallToolRequest                                    
[04/16/26 03:29:08] INFO     Processing request of type            server.py:727
                             CallToolRequest                                    
[04/16/26 03:29:09] INFO     HTTP Request: POST                  _client.py:1740
                             http://erp1.enpack.com.cn:13580/k3C                
                             loud/Kingdee.BOS.WebApi.ServicesStu                
                             b.DynamicFormService.ExecuteBillQue                
                             ry.common.kdsvc "HTTP/1.1 200 OK"                  
[04/16/26 03:29:11] INFO     Processing request of type            server.py:727
                             CallToolRequest                                    
                    INFO     HTTP Request: POST                  _client.py:1740
                             http://erp1.enpack.com.cn:13580/k3C                
                             loud/Kingdee.BOS.WebApi.ServicesStu                
                             b.DynamicFormService.ExecuteBillQue                
                             ry.common.kdsvc "HTTP/1.1 200 OK"                  
[04/16/26 03:29:17] INFO     Processing request of type            server.py:727
                             CallToolRequest                                    
                    INFO     HTTP Request: POST                  _client.py:1740
                             http://erp1.enpack.com.cn:13580/k3C                
                             loud/Kingdee.BOS.WebApi.ServicesStu                
                             b.DynamicFormService.ExecuteBillQue                
                             ry.common.kdsvc "HTTP/1.1 200 OK"                  
[04/16/26 03:29:21] INFO     Processing request of type            server.py:727
                             CallToolRequest                                    
                    INFO     HTTP Request: POST                  _client.py:1740
                             http://erp1.enpack.com.cn:13580/k3C                
                             loud/Kingdee.BOS.WebApi.ServicesStu                
                             b.DynamicFormService.ExecuteBillQue                
                             ry.common.kdsvc "HTTP/1.1 200 OK"                  
[04/16/26 03:29:25] INFO     Processing request of type            server.py:727
                             CallToolRequest                                    
                    INFO     HTTP Request: POST                  _client.py:1740
                             http://erp1.enpack.com.cn:13580/k3C                
                             loud/Kingdee.BOS.WebApi.ServicesStu                
                             b.DynamicFormService.ExecuteBillQue                
                             ry.common.kdsvc "HTTP/1.1 200 OK"                  
[04/16/26 03:29:29] INFO     Processing request of type            server.py:727
                             CallToolRequest                                    
[04/16/26 03:29:30] INFO     HTTP Request: POST                  _client.py:1740
                             http://erp1.enpack.com.cn:13580/k3C                
                             loud/Kingdee.BOS.WebApi.ServicesStu                
                             b.DynamicFormService.ExecuteBillQue                
                             ry.common.kdsvc "HTTP/1.1 200 OK"                  
[04/16/26 03:29:35] INFO     Processing request of type            server.py:727
                             CallToolRequest                                    
                    INFO     HTTP Request: POST                  _client.py:1740
                             http://erp1.enpack.com.cn:13580/k3C                
                             loud/Kingdee.BOS.WebApi.ServicesStu                
                             b.DynamicFormService.ExecuteBillQue                
                             ry.common.kdsvc "HTTP/1.1 200 OK"                  
[04/16/26 03:29:40] INFO     Processing request of type            server.py:727
                             CallToolRequest                                    
                    INFO     HTTP Request: POST                  _client.py:1740
                             http://erp1.enpack.com.cn:13580/k3C                
                             loud/Kingdee.BOS.WebApi.ServicesStu                
                             b.DynamicFormService.ExecuteBillQue                
                             ry.common.kdsvc "HTTP/1.1 200 OK"                  
[04/16/26 03:29:48] INFO     Processing request of type            server.py:727
                             CallToolRequest                                    
                    INFO     HTTP Request: POST                  _client.py:1740
                             http://erp1.enpack.com.cn:13580/k3C                
                             loud/Kingdee.BOS.WebApi.ServicesStu                
                             b.DynamicFormService.ExecuteBillQue                
                             ry.common.kdsvc "HTTP/1.1 200 OK"                  
[04/16/26 03:29:51] INFO     Processing request of type            server.py:727
                             CallToolRequest                                    
                    INFO     HTTP Request: POST                  _client.py:1740
                             http://erp1.enpack.com.cn:13580/k3C                
                             loud/Kingdee.BOS.WebApi.ServicesStu                
                             b.DynamicFormService.ExecuteBillQue                
                             ry.common.kdsvc "HTTP/1.1 200 OK"                  
[43/46] L8-01 (L8) — 25 fields / 12 tool calls: ['kingdee_search_forms_online', 'kingdee_search_forms_online', 'kingdee_search_forms_online', 'kingdee_search_forms_online', 'kingdee_query_bills', 'kingdee_query_bills', 'kingdee_query_bills', 'kingdee_query_bills', 'kingdee_query_bills', 'kingdee_query_bills', 'kingdee_query_bills', 'kingdee_query_bills']
[04/16/26 03:30:11] INFO     Processing request of type            server.py:727
                             CallToolRequest                                    
[04/16/26 03:30:14] INFO     Processing request of type            server.py:727
                             CallToolRequest                                    
[04/16/26 03:30:17] INFO     Processing request of type            server.py:727
                             CallToolRequest                                    
                    INFO     HTTP Request: POST                  _client.py:1740
                             http://erp1.enpack.com.cn:13580/k3C                
                             loud/Kingdee.BOS.WebApi.ServicesStu                
                             b.DynamicFormService.ExecuteBillQue                
                             ry.common.kdsvc "HTTP/1.1 200 OK"                  
[04/16/26 03:30:20] INFO     Processing request of type            server.py:727
                             CallToolRequest                                    
                    INFO     HTTP Request: POST                  _client.py:1740
                             http://erp1.enpack.com.cn:13580/k3C                
                             loud/Kingdee.BOS.WebApi.ServicesStu                
                             b.DynamicFormService.ExecuteBillQue                
                             ry.common.kdsvc "HTTP/1.1 200 OK"                  
[04/16/26 03:30:24] INFO     Processing request of type            server.py:727
                             CallToolRequest                                    
                    INFO     HTTP Request: POST                  _client.py:1740
                             http://erp1.enpack.com.cn:13580/k3C                
                             loud/Kingdee.BOS.WebApi.ServicesStu                
                             b.DynamicFormService.ExecuteBillQue                
                             ry.common.kdsvc "HTTP/1.1 200 OK"                  
[04/16/26 03:30:27] INFO     Processing request of type            server.py:727
                             CallToolRequest                                    
                    INFO     HTTP Request: POST                  _client.py:1740
                             http://erp1.enpack.com.cn:13580/k3C                
                             loud/Kingdee.BOS.WebApi.ServicesStu                
                             b.DynamicFormService.ExecuteBillQue                
                             ry.common.kdsvc "HTTP/1.1 200 OK"                  
[04/16/26 03:30:30] INFO     Processing request of type            server.py:727
                             CallToolRequest                                    
                    INFO     HTTP Request: POST                  _client.py:1740
                             http://erp1.enpack.com.cn:13580/k3C                
                             loud/Kingdee.BOS.WebApi.ServicesStu                
                             b.DynamicFormService.ExecuteBillQue                
                             ry.common.kdsvc "HTTP/1.1 200 OK"                  
[04/16/26 03:30:34] INFO     Processing request of type            server.py:727
                             CallToolRequest                                    
                    INFO     HTTP Request: POST                  _client.py:1740
                             http://erp1.enpack.com.cn:13580/k3C                
                             loud/Kingdee.BOS.WebApi.ServicesStu                
                             b.DynamicFormService.ExecuteBillQue                
                             ry.common.kdsvc "HTTP/1.1 200 OK"                  
[04/16/26 03:30:39] INFO     Processing request of type            server.py:727
                             CallToolRequest                                    
                    INFO     HTTP Request: POST                  _client.py:1740
                             http://erp1.enpack.com.cn:13580/k3C                
                             loud/Kingdee.BOS.WebApi.ServicesStu                
                             b.DynamicFormService.ExecuteBillQue                
                             ry.common.kdsvc "HTTP/1.1 200 OK"                  
[04/16/26 03:30:45] INFO     Processing request of type            server.py:727
                             CallToolRequest                                    
                    INFO     HTTP Request: POST                  _client.py:1740
                             http://erp1.enpack.com.cn:13580/k3C                
                             loud/Kingdee.BOS.WebApi.ServicesStu                
                             b.DynamicFormService.ExecuteBillQue                
                             ry.common.kdsvc "HTTP/1.1 200 OK"                  
[04/16/26 03:30:57] INFO     Processing request of type            server.py:727
                             CallToolRequest                                    
                    INFO     HTTP Request: POST                  _client.py:1740
                             http://erp1.enpack.com.cn:13580/k3C                
                             loud/Kingdee.BOS.WebApi.ServicesStu                
                             b.DynamicFormService.ExecuteBillQue                
                             ry.common.kdsvc "HTTP/1.1 200 OK"                  
[04/16/26 03:31:07] INFO     Processing request of type            server.py:727
                             CallToolRequest                                    
                    INFO     HTTP Request: POST                  _client.py:1740
                             http://erp1.enpack.com.cn:13580/k3C                
                             loud/Kingdee.BOS.WebApi.ServicesStu                
                             b.DynamicFormService.ExecuteBillQue                
                             ry.common.kdsvc "HTTP/1.1 200 OK"                  
[44/46] L8-02 (L8) — 9 fields / 12 tool calls: ['kingdee_search_forms_online', 'kingdee_search_forms_online', 'kingdee_search_forms_online', 'kingdee_search_forms_online', 'kingdee_query_materials', 'kingdee_query_materials', 'kingdee_query_materials', 'kingdee_query_bills', 'kingdee_query_bills', 'kingdee_query_bills', 'kingdee_query_bills', 'kingdee_query_bills']
[04/16/26 03:31:19] INFO     Processing request of type            server.py:727
                             CallToolRequest                                    
                    INFO     HTTP Request: POST                  _client.py:1740
                             http://erp1.enpack.com.cn:13580/k3C                
                             loud/Kingdee.BOS.WebApi.ServicesStu                
                             b.DynamicFormService.ExecuteBillQue                
                             ry.common.kdsvc "HTTP/1.1 200 OK"                  
[04/16/26 03:31:22] INFO     Processing request of type            server.py:727
                             CallToolRequest                                    
                    INFO     HTTP Request: POST                  _client.py:1740
                             http://erp1.enpack.com.cn:13580/k3C                
                             loud/Kingdee.BOS.WebApi.ServicesStu                
                             b.DynamicFormService.ExecuteBillQue                
                             ry.common.kdsvc "HTTP/1.1 200 OK"                  
[04/16/26 03:31:25] INFO     Processing request of type            server.py:727
                             CallToolRequest                                    
                    INFO     HTTP Request: POST                  _client.py:1740
                             http://erp1.enpack.com.cn:13580/k3C                
                             loud/Kingdee.BOS.WebApi.ServicesStu                
                             b.DynamicFormService.ExecuteBillQue                
                             ry.common.kdsvc "HTTP/1.1 200 OK"                  
[04/16/26 03:31:29] INFO     Processing request of type            server.py:727
                             CallToolRequest                                    
                    INFO     HTTP Request: POST                  _client.py:1740
                             http://erp1.enpack.com.cn:13580/k3C                
                             loud/Kingdee.BOS.WebApi.ServicesStu                
                             b.DynamicFormService.ExecuteBillQue                
                             ry.common.kdsvc "HTTP/1.1 200 OK"                  
[04/16/26 03:31:34] INFO     Processing request of type            server.py:727
                             CallToolRequest                                    
                    INFO     HTTP Request: POST                  _client.py:1740
                             http://erp1.enpack.com.cn:13580/k3C                
                             loud/Kingdee.BOS.WebApi.ServicesStu                
                             b.DynamicFormService.ExecuteBillQue                
                             ry.common.kdsvc "HTTP/1.1 200 OK"                  
[04/16/26 03:31:38] INFO     Processing request of type            server.py:727
                             CallToolRequest                                    
                    INFO     HTTP Request: POST                  _client.py:1740
                             http://erp1.enpack.com.cn:13580/k3C                
                             loud/Kingdee.BOS.WebApi.ServicesStu                
                             b.DynamicFormService.ExecuteBillQue                
                             ry.common.kdsvc "HTTP/1.1 200 OK"                  
[04/16/26 03:31:43] INFO     Processing request of type            server.py:727
                             CallToolRequest                                    
                    INFO     HTTP Request: POST                  _client.py:1740
                             http://erp1.enpack.com.cn:13580/k3C                
                             loud/Kingdee.BOS.WebApi.ServicesStu                
                             b.DynamicFormService.ExecuteBillQue                
                             ry.common.kdsvc "HTTP/1.1 200 OK"                  
[04/16/26 03:31:46] INFO     Processing request of type            server.py:727
                             CallToolRequest                                    
                    INFO     HTTP Request: POST                  _client.py:1740
                             http://erp1.enpack.com.cn:13580/k3C                
                             loud/Kingdee.BOS.WebApi.ServicesStu                
                             b.DynamicFormService.ExecuteBillQue                
                             ry.common.kdsvc "HTTP/1.1 200 OK"                  
[04/16/26 03:31:51] INFO     Processing request of type            server.py:727
                             CallToolRequest                                    
                    INFO     HTTP Request: POST                  _client.py:1740
                             http://erp1.enpack.com.cn:13580/k3C                
                             loud/Kingdee.BOS.WebApi.ServicesStu                
                             b.DynamicFormService.ExecuteBillQue                
                             ry.common.kdsvc "HTTP/1.1 200 OK"                  
[04/16/26 03:31:54] INFO     Processing request of type            server.py:727
                             CallToolRequest                                    
[04/16/26 03:31:55] INFO     HTTP Request: POST                  _client.py:1740
                             http://erp1.enpack.com.cn:13580/k3C                
                             loud/Kingdee.BOS.WebApi.ServicesStu                
                             b.DynamicFormService.ExecuteBillQue                
                             ry.common.kdsvc "HTTP/1.1 200 OK"                  
[45/46] L8-03 (L8) — 15 fields / 10 tool calls: ['kingdee_search_forms_online', 'kingdee_search_forms_online', 'kingdee_query_inventory', 'kingdee_query_bills', 'kingdee_query_bills', 'kingdee_query_bills', 'kingdee_query_bills', 'kingdee_query_materials', 'kingdee_query_bills', 'kingdee_query_inventory']
[04/16/26 03:32:07] INFO     Processing request of type            server.py:727
                             CallToolRequest                                    
                    INFO     HTTP Request: POST                  _client.py:1740
                             http://erp1.enpack.com.cn:13580/k3C                
                             loud/Kingdee.BOS.WebApi.ServicesStu                
                             b.DynamicFormService.ExecuteBillQue                
                             ry.common.kdsvc "HTTP/1.1 200 OK"                  
[04/16/26 03:32:10] INFO     Processing request of type            server.py:727
                             CallToolRequest                                    
                    INFO     HTTP Request: POST                  _client.py:1740
                             http://erp1.enpack.com.cn:13580/k3C                
                             loud/Kingdee.BOS.WebApi.ServicesStu                
                             b.DynamicFormService.ExecuteBillQue                
                             ry.common.kdsvc "HTTP/1.1 200 OK"                  
[04/16/26 03:32:15] INFO     Processing request of type            server.py:727
                             CallToolRequest                                    
                    INFO     HTTP Request: POST                  _client.py:1740
                             http://erp1.enpack.com.cn:13580/k3C                
                             loud/Kingdee.BOS.WebApi.ServicesStu                
                             b.DynamicFormService.ExecuteBillQue                
                             ry.common.kdsvc "HTTP/1.1 200 OK"                  
[04/16/26 03:32:19] INFO     Processing request of type            server.py:727
                             CallToolRequest                                    
                    INFO     HTTP Request: POST                  _client.py:1740
                             http://erp1.enpack.com.cn:13580/k3C                
                             loud/Kingdee.BOS.WebApi.ServicesStu                
                             b.DynamicFormService.ExecuteBillQue                
                             ry.common.kdsvc "HTTP/1.1 200 OK"                  
[04/16/26 03:32:21] INFO     Processing request of type            server.py:727
                             CallToolRequest                                    
                    INFO     HTTP Request: POST                  _client.py:1740
                             http://erp1.enpack.com.cn:13580/k3C                
                             loud/Kingdee.BOS.WebApi.ServicesStu                
                             b.DynamicFormService.ExecuteBillQue                
                             ry.common.kdsvc "HTTP/1.1 200 OK"                  
[04/16/26 03:32:25] INFO     Processing request of type            server.py:727
                             CallToolRequest                                    
                    INFO     HTTP Request: POST                  _client.py:1740
                             http://erp1.enpack.com.cn:13580/k3C                
                             loud/Kingdee.BOS.WebApi.ServicesStu                
                             b.DynamicFormService.ExecuteBillQue                
                             ry.common.kdsvc "HTTP/1.1 200 OK"                  
[04/16/26 03:32:29] INFO     Processing request of type            server.py:727
                             CallToolRequest                                    
                    INFO     HTTP Request: POST                  _client.py:1740
                             http://erp1.enpack.com.cn:13580/k3C                
                             loud/Kingdee.BOS.WebApi.ServicesStu                
                             b.DynamicFormService.ExecuteBillQue                
                             ry.common.kdsvc "HTTP/1.1 200 OK"                  
[04/16/26 03:32:33] INFO     Processing request of type            server.py:727
                             CallToolRequest                                    
                    INFO     HTTP Request: POST                  _client.py:1740
                             http://erp1.enpack.com.cn:13580/k3C                
                             loud/Kingdee.BOS.WebApi.ServicesStu                
                             b.DynamicFormService.ExecuteBillQue                
                             ry.common.kdsvc "HTTP/1.1 200 OK"                  
[04/16/26 03:32:37] INFO     Processing request of type            server.py:727
                             CallToolRequest                                    
                    INFO     HTTP Request: POST                  _client.py:1740
                             http://erp1.enpack.com.cn:13580/k3C                
                             loud/Kingdee.BOS.WebApi.ServicesStu                
                             b.DynamicFormService.ExecuteBillQue                
                             ry.common.kdsvc "HTTP/1.1 200 OK"                  
[04/16/26 03:32:40] INFO     Processing request of type            server.py:727
                             CallToolRequest                                    
                    INFO     HTTP Request: POST                  _client.py:1740
                             http://erp1.enpack.com.cn:13580/k3C                
                             loud/Kingdee.BOS.WebApi.ServicesStu                
                             b.DynamicFormService.ExecuteBillQue                
                             ry.common.kdsvc "HTTP/1.1 200 OK"                  
[04/16/26 03:32:48] INFO     Processing request of type            server.py:727
                             CallToolRequest                                    
                    INFO     HTTP Request: POST                  _client.py:1740
                             http://erp1.enpack.com.cn:13580/k3C                
                             loud/Kingdee.BOS.WebApi.ServicesStu                
                             b.DynamicFormService.ExecuteBillQue                
                             ry.common.kdsvc "HTTP/1.1 200 OK"                  
[04/16/26 03:32:52] INFO     Processing request of type            server.py:727
                             CallToolRequest                                    
                    INFO     HTTP Request: POST                  _client.py:1740
                             http://erp1.enpack.com.cn:13580/k3C                
                             loud/Kingdee.BOS.WebApi.ServicesStu                
                             b.DynamicFormService.ExecuteBillQue                
                             ry.common.kdsvc "HTTP/1.1 200 OK"                  
[46/46] L8-04 (L8) — 15 fields / 12 tool calls: ['kingdee_search_forms_online', 'kingdee_search_forms_online', 'kingdee_query_bills', 'kingdee_query_bills', 'kingdee_query_inventory', 'kingdee_query_bills', 'kingdee_query_bills', 'kingdee_query_bills', 'kingdee_query_bills', 'kingdee_query_materials', 'kingdee_query_bills', 'kingdee_query_bills']
答案: results/T0_mcp/answers.jsonl

==> Running T1 (Thu Apr 16 03:33:06 CST 2026)
[04/16/26 03:33:07] INFO     Processing request of type            server.py:727
                             ListToolsRequest                                   
[stage=T1] MCP server 暴露 14 个工具；本阶段启用 9 个：
  - kingdee_query_bills
  - kingdee_query_materials
  - kingdee_describe_form
  - kingdee_search_forms_online
  - kingdee_query_inventory
  - kingdee_query_fixed_assets
  - kingdee_get_schema
  - kingdee_get_relations
  - kingdee_list_cached_schemas
[04/16/26 03:33:12] INFO     Processing request of type            server.py:727
                             CallToolRequest                                    
[04/16/26 03:33:14] INFO     Processing request of type            server.py:727
                             CallToolRequest                                    
[04/16/26 03:33:17] INFO     Processing request of type            server.py:727
                             CallToolRequest                                    
[04/16/26 03:33:21] INFO     Processing request of type            server.py:727
                             CallToolRequest                                    
                    INFO     HTTP Request: POST                  _client.py:1740
                             http://erp1.enpack.com.cn:13580/k3C                
                             loud/Kingdee.BOS.WebApi.ServicesStu                
                             b.AuthService.LoginByAppSecret.comm                
                             on.kdsvc "HTTP/1.1 200 OK"                         
                    INFO     HTTP Request: POST                  _client.py:1740
                             http://erp1.enpack.com.cn:13580/k3C                
                             loud/Kingdee.BOS.WebApi.ServicesStu                
                             b.DynamicFormService.ExecuteBillQue                
                             ry.common.kdsvc "HTTP/1.1 200 OK"                  
[04/16/26 03:33:26] INFO     Processing request of type            server.py:727
                             CallToolRequest                                    
                    INFO     HTTP Request: POST                  _client.py:1740
                             http://erp1.enpack.com.cn:13580/k3C                
                             loud/Kingdee.BOS.WebApi.ServicesStu                
                             b.DynamicFormService.ExecuteBillQue                
                             ry.common.kdsvc "HTTP/1.1 200 OK"                  
[1/46] L1-01 (L1) — 5 fields / 5 tool calls: ['kingdee_get_schema', 'kingdee_get_schema', 'kingdee_list_cached_schemas', 'kingdee_query_materials', 'kingdee_query_materials']
[04/16/26 03:33:38] INFO     Processing request of type            server.py:727
                             CallToolRequest                                    
[04/16/26 03:33:40] INFO     Processing request of type            server.py:727
                             CallToolRequest                                    
[04/16/26 03:33:43] INFO     Processing request of type            server.py:727
                             CallToolRequest                                    
[04/16/26 03:33:46] INFO     Processing request of type            server.py:727
                             CallToolRequest                                    
[04/16/26 03:33:49] INFO     Processing request of type            server.py:727
                             CallToolRequest                                    
[04/16/26 03:33:54] INFO     Processing request of type            server.py:727
                             CallToolRequest                                    
                    INFO     HTTP Request: POST                  _client.py:1740
                             http://erp1.enpack.com.cn:13580/k3C                
                             loud/Kingdee.BOS.WebApi.ServicesStu                
                             b.DynamicFormService.ExecuteBillQue                
                             ry.common.kdsvc "HTTP/1.1 200 OK"                  
[04/16/26 03:33:59] INFO     Processing request of type            server.py:727
                             CallToolRequest                                    
                    INFO     HTTP Request: POST                  _client.py:1740
                             http://erp1.enpack.com.cn:13580/k3C                
                             loud/Kingdee.BOS.WebApi.ServicesStu                
                             b.DynamicFormService.ExecuteBillQue                
                             ry.common.kdsvc "HTTP/1.1 200 OK"                  
[04/16/26 03:34:01] INFO     Processing request of type            server.py:727
                             CallToolRequest                                    
[04/16/26 03:34:04] INFO     Processing request of type            server.py:727
                             CallToolRequest                                    
                    INFO     HTTP Request: POST                  _client.py:1740
                             http://erp1.enpack.com.cn:13580/k3C                
                             loud/Kingdee.BOS.WebApi.ServicesStu                
                             b.DynamicFormService.ExecuteBillQue                
                             ry.common.kdsvc "HTTP/1.1 200 OK"                  
[04/16/26 03:34:08] INFO     Processing request of type            server.py:727
                             CallToolRequest                                    
                    INFO     HTTP Request: POST                  _client.py:1740
                             http://erp1.enpack.com.cn:13580/k3C                
                             loud/Kingdee.BOS.WebApi.ServicesStu                
                             b.DynamicFormService.ExecuteBillQue                
                             ry.common.kdsvc "HTTP/1.1 200 OK"                  
[04/16/26 03:34:11] INFO     Processing request of type            server.py:727
                             CallToolRequest                                    
                    INFO     HTTP Request: POST                  _client.py:1740
                             http://erp1.enpack.com.cn:13580/k3C                
                             loud/Kingdee.BOS.WebApi.ServicesStu                
                             b.DynamicFormService.ExecuteBillQue                
                             ry.common.kdsvc "HTTP/1.1 200 OK"                  
[04/16/26 03:34:15] INFO     Processing request of type            server.py:727
                             CallToolRequest                                    
                    INFO     HTTP Request: POST                  _client.py:1740
                             http://erp1.enpack.com.cn:13580/k3C                
                             loud/Kingdee.BOS.WebApi.ServicesStu                
                             b.DynamicFormService.ExecuteBillQue                
                             ry.common.kdsvc "HTTP/1.1 200 OK"                  
[2/46] L1-02 (L1) — 7 fields / 12 tool calls: ['kingdee_get_schema', 'kingdee_list_cached_schemas', 'kingdee_get_schema', 'kingdee_get_schema', 'kingdee_get_schema', 'kingdee_query_bills', 'kingdee_query_bills', 'kingdee_describe_form', 'kingdee_search_forms_online', 'kingdee_search_forms_online', 'kingdee_query_bills', 'kingdee_query_bills']
[04/16/26 03:34:24] INFO     Processing request of type            server.py:727
                             CallToolRequest                                    
[04/16/26 03:34:26] INFO     Processing request of type            server.py:727
                             CallToolRequest                                    
[04/16/26 03:34:29] INFO     Processing request of type            server.py:727
                             CallToolRequest                                    
[04/16/26 03:34:32] INFO     Processing request of type            server.py:727
                             CallToolRequest                                    
[04/16/26 03:34:35] INFO     Processing request of type            server.py:727
                             CallToolRequest                                    
                    INFO     HTTP Request: POST                  _client.py:1740
                             http://erp1.enpack.com.cn:13580/k3C                
                             loud/Kingdee.BOS.WebApi.ServicesStu                
                             b.DynamicFormService.ExecuteBillQue                
                             ry.common.kdsvc "HTTP/1.1 200 OK"                  
[04/16/26 03:34:39] INFO     Processing request of type            server.py:727
                             CallToolRequest                                    
                    INFO     HTTP Request: POST                  _client.py:1740
                             http://erp1.enpack.com.cn:13580/k3C                
                             loud/Kingdee.BOS.WebApi.ServicesStu                
                             b.DynamicFormService.ExecuteBillQue                
                             ry.common.kdsvc "HTTP/1.1 200 OK"                  
[04/16/26 03:34:42] INFO     Processing request of type            server.py:727
                             CallToolRequest                                    
[04/16/26 03:34:45] INFO     Processing request of type            server.py:727
                             CallToolRequest                                    
                    INFO     HTTP Request: POST                  _client.py:1740
                             http://erp1.enpack.com.cn:13580/k3C                
                             loud/Kingdee.BOS.WebApi.ServicesStu                
                             b.DynamicFormService.ExecuteBillQue                
                             ry.common.kdsvc "HTTP/1.1 200 OK"                  
[04/16/26 03:34:48] INFO     Processing request of type            server.py:727
                             CallToolRequest                                    
                    INFO     HTTP Request: POST                  _client.py:1740
                             http://erp1.enpack.com.cn:13580/k3C                
                             loud/Kingdee.BOS.WebApi.ServicesStu                
                             b.DynamicFormService.ExecuteBillQue                
                             ry.common.kdsvc "HTTP/1.1 200 OK"                  
[04/16/26 03:34:52] INFO     Processing request of type            server.py:727
                             CallToolRequest                                    
                    INFO     HTTP Request: POST                  _client.py:1740
                             http://erp1.enpack.com.cn:13580/k3C                
                             loud/Kingdee.BOS.WebApi.ServicesStu                
                             b.DynamicFormService.ExecuteBillQue                
                             ry.common.kdsvc "HTTP/1.1 200 OK"                  
[04/16/26 03:34:56] INFO     Processing request of type            server.py:727
                             CallToolRequest                                    
                    INFO     HTTP Request: POST                  _client.py:1740
                             http://erp1.enpack.com.cn:13580/k3C                
                             loud/Kingdee.BOS.WebApi.ServicesStu                
                             b.DynamicFormService.ExecuteBillQue                
                             ry.common.kdsvc "HTTP/1.1 200 OK"                  
[04/16/26 03:35:00] INFO     Processing request of type            server.py:727
                             CallToolRequest                                    
                    INFO     HTTP Request: POST                  _client.py:1740
                             http://erp1.enpack.com.cn:13580/k3C                
                             loud/Kingdee.BOS.WebApi.ServicesStu                
                             b.DynamicFormService.ExecuteBillQue                
                             ry.common.kdsvc "HTTP/1.1 200 OK"                  
[3/46] L1-03 (L1) — 7 fields / 12 tool calls: ['kingdee_get_schema', 'kingdee_get_schema', 'kingdee_list_cached_schemas', 'kingdee_get_schema', 'kingdee_query_bills', 'kingdee_query_bills', 'kingdee_describe_form', 'kingdee_search_forms_online', 'kingdee_search_forms_online', 'kingdee_query_bills', 'kingdee_query_bills', 'kingdee_query_bills']
[04/16/26 03:35:09] INFO     Processing request of type            server.py:727
                             CallToolRequest                                    
[04/16/26 03:35:12] INFO     Processing request of type            server.py:727
                             CallToolRequest                                    
[04/16/26 03:35:14] INFO     Processing request of type            server.py:727
                             CallToolRequest                                    
[04/16/26 03:35:18] INFO     Processing request of type            server.py:727
                             CallToolRequest                                    
[04/16/26 03:35:21] INFO     Processing request of type            server.py:727
                             CallToolRequest                                    
                    INFO     HTTP Request: POST                  _client.py:1740
                             http://erp1.enpack.com.cn:13580/k3C                
                             loud/Kingdee.BOS.WebApi.ServicesStu                
                             b.DynamicFormService.ExecuteBillQue                
                             ry.common.kdsvc "HTTP/1.1 200 OK"                  
[04/16/26 03:35:24] INFO     Processing request of type            server.py:727
                             CallToolRequest                                    
                    INFO     HTTP Request: POST                  _client.py:1740
                             http://erp1.enpack.com.cn:13580/k3C                
                             loud/Kingdee.BOS.WebApi.ServicesStu                
                             b.DynamicFormService.ExecuteBillQue                
                             ry.common.kdsvc "HTTP/1.1 200 OK"                  
[04/16/26 03:35:27] INFO     Processing request of type            server.py:727
                             CallToolRequest                                    
[04/16/26 03:35:30] INFO     Processing request of type            server.py:727
                             CallToolRequest                                    
                    INFO     HTTP Request: POST                  _client.py:1740
                             http://erp1.enpack.com.cn:13580/k3C                
                             loud/Kingdee.BOS.WebApi.ServicesStu                
                             b.DynamicFormService.QueryBusinessI                
                             nfo.common.kdsvc "HTTP/1.1 200 OK"                 
[04/16/26 03:35:35] INFO     Processing request of type            server.py:727
                             CallToolRequest                                    
                    INFO     HTTP Request: POST                  _client.py:1740
                             http://erp1.enpack.com.cn:13580/k3C                
                             loud/Kingdee.BOS.WebApi.ServicesStu                
                             b.DynamicFormService.ExecuteBillQue                
                             ry.common.kdsvc "HTTP/1.1 200 OK"                  
[04/16/26 03:35:39] INFO     Processing request of type            server.py:727
                             CallToolRequest                                    
                    INFO     HTTP Request: POST                  _client.py:1740
                             http://erp1.enpack.com.cn:13580/k3C                
                             loud/Kingdee.BOS.WebApi.ServicesStu                
                             b.DynamicFormService.ExecuteBillQue                
                             ry.common.kdsvc "HTTP/1.1 200 OK"                  
[04/16/26 03:35:42] INFO     Processing request of type            server.py:727
                             CallToolRequest                                    
                    INFO     HTTP Request: POST                  _client.py:1740
                             http://erp1.enpack.com.cn:13580/k3C                
                             loud/Kingdee.BOS.WebApi.ServicesStu                
                             b.DynamicFormService.ExecuteBillQue                
                             ry.common.kdsvc "HTTP/1.1 200 OK"                  
[04/16/26 03:35:45] INFO     Processing request of type            server.py:727
                             CallToolRequest                                    
[4/46] L1-04 (L1) — 8 fields / 12 tool calls: ['kingdee_get_schema', 'kingdee_get_schema', 'kingdee_list_cached_schemas', 'kingdee_get_schema', 'kingdee_query_bills', 'kingdee_search_forms_online', 'kingdee_describe_form', 'kingdee_describe_form', 'kingdee_query_bills', 'kingdee_query_bills', 'kingdee_query_bills', 'kingdee_get_relations']
[04/16/26 03:35:54] INFO     Processing request of type            server.py:727
                             CallToolRequest                                    
[04/16/26 03:35:58] INFO     Processing request of type            server.py:727
                             CallToolRequest                                    
[04/16/26 03:36:00] INFO     Processing request of type            server.py:727
                             CallToolRequest                                    
[04/16/26 03:36:03] INFO     Processing request of type            server.py:727
                             CallToolRequest                                    
[04/16/26 03:36:06] INFO     Processing request of type            server.py:727
                             CallToolRequest                                    
[04/16/26 03:36:08] INFO     Processing request of type            server.py:727
                             CallToolRequest                                    
[04/16/26 03:36:12] INFO     Processing request of type            server.py:727
                             CallToolRequest                                    
                    INFO     HTTP Request: POST                  _client.py:1740
                             http://erp1.enpack.com.cn:13580/k3C                
                             loud/Kingdee.BOS.WebApi.ServicesStu                
                             b.DynamicFormService.ExecuteBillQue                
                             ry.common.kdsvc "HTTP/1.1 200 OK"                  
[04/16/26 03:36:15] INFO     Processing request of type            server.py:727
                             CallToolRequest                                    
[04/16/26 03:36:19] INFO     Processing request of type            server.py:727
                             CallToolRequest                                    
[04/16/26 03:36:22] INFO     Processing request of type            server.py:727
                             CallToolRequest                                    
                    INFO     HTTP Request: POST                  _client.py:1740
                             http://erp1.enpack.com.cn:13580/k3C                
                             loud/Kingdee.BOS.WebApi.ServicesStu                
                             b.DynamicFormService.ExecuteBillQue                
                             ry.common.kdsvc "HTTP/1.1 200 OK"                  
[04/16/26 03:36:26] INFO     Processing request of type            server.py:727
                             CallToolRequest                                    
                    INFO     HTTP Request: POST                  _client.py:1740
                             http://erp1.enpack.com.cn:13580/k3C                
                             loud/Kingdee.BOS.WebApi.ServicesStu                
                             b.DynamicFormService.ExecuteBillQue                
                             ry.common.kdsvc "HTTP/1.1 200 OK"                  
[04/16/26 03:36:30] INFO     Processing request of type            server.py:727
                             CallToolRequest                                    
[5/46] L1-05 (L1) — 8 fields / 12 tool calls: ['kingdee_list_cached_schemas', 'kingdee_get_schema', 'kingdee_get_schema', 'kingdee_get_schema', 'kingdee_search_forms_online', 'kingdee_search_forms_online', 'kingdee_query_bills', 'kingdee_describe_form', 'kingdee_describe_form', 'kingdee_query_bills', 'kingdee_query_bills', 'kingdee_get_schema']
[04/16/26 03:36:39] INFO     Processing request of type            server.py:727
                             CallToolRequest                                    
[04/16/26 03:36:42] INFO     Processing request of type            server.py:727
                             CallToolRequest                                    
[04/16/26 03:36:44] INFO     Processing request of type            server.py:727
                             CallToolRequest                                    
[04/16/26 03:36:47] INFO     Processing request of type            server.py:727
                             CallToolRequest                                    
[04/16/26 03:36:51] INFO     Processing request of type            server.py:727
                             CallToolRequest                                    
                    INFO     HTTP Request: POST                  _client.py:1740
                             http://erp1.enpack.com.cn:13580/k3C                
                             loud/Kingdee.BOS.WebApi.ServicesStu                
                             b.DynamicFormService.ExecuteBillQue                
                             ry.common.kdsvc "HTTP/1.1 200 OK"                  
[04/16/26 03:36:54] INFO     Processing request of type            server.py:727
                             CallToolRequest                                    
                    INFO     HTTP Request: POST                  _client.py:1740
                             http://erp1.enpack.com.cn:13580/k3C                
                             loud/Kingdee.BOS.WebApi.ServicesStu                
                             b.DynamicFormService.ExecuteBillQue                
                             ry.common.kdsvc "HTTP/1.1 200 OK"                  
[04/16/26 03:36:57] INFO     Processing request of type            server.py:727
                             CallToolRequest                                    
                    INFO     HTTP Request: POST                  _client.py:1740
                             http://erp1.enpack.com.cn:13580/k3C                
                             loud/Kingdee.BOS.WebApi.ServicesStu                
                             b.DynamicFormService.ExecuteBillQue                
                             ry.common.kdsvc "HTTP/1.1 200 OK"                  
[04/16/26 03:37:00] INFO     Processing request of type            server.py:727
                             CallToolRequest                                    
                    INFO     HTTP Request: POST                  _client.py:1740
                             http://erp1.enpack.com.cn:13580/k3C                
                             loud/Kingdee.BOS.WebApi.ServicesStu                
                             b.DynamicFormService.QueryBusinessI                
                             nfo.common.kdsvc "HTTP/1.1 200 OK"                 
[04/16/26 03:37:08] INFO     Processing request of type            server.py:727
                             CallToolRequest                                    
                    INFO     HTTP Request: POST                  _client.py:1740
                             http://erp1.enpack.com.cn:13580/k3C                
                             loud/Kingdee.BOS.WebApi.ServicesStu                
                             b.DynamicFormService.ExecuteBillQue                
                             ry.common.kdsvc "HTTP/1.1 200 OK"                  
[04/16/26 03:37:11] INFO     Processing request of type            server.py:727
                             CallToolRequest                                    
[04/16/26 03:37:12] INFO     HTTP Request: POST                  _client.py:1740
                             http://erp1.enpack.com.cn:13580/k3C                
                             loud/Kingdee.BOS.WebApi.ServicesStu                
                             b.DynamicFormService.ExecuteBillQue                
                             ry.common.kdsvc "HTTP/1.1 200 OK"                  
[04/16/26 03:37:14] INFO     Processing request of type            server.py:727
                             CallToolRequest                                    
[04/16/26 03:37:21] INFO     Processing request of type            server.py:727
                             CallToolRequest                                    
                    INFO     HTTP Request: POST                  _client.py:1740
                             http://erp1.enpack.com.cn:13580/k3C                
                             loud/Kingdee.BOS.WebApi.ServicesStu                
                             b.DynamicFormService.ExecuteBillQue                
                             ry.common.kdsvc "HTTP/1.1 200 OK"                  
[6/46] L2-01 (L2) — 11 fields / 12 tool calls: ['kingdee_get_schema', 'kingdee_get_schema', 'kingdee_list_cached_schemas', 'kingdee_get_schema', 'kingdee_query_bills', 'kingdee_search_forms_online', 'kingdee_search_forms_online', 'kingdee_describe_form', 'kingdee_query_bills', 'kingdee_query_bills', 'kingdee_get_relations', 'kingdee_query_bills']
[04/16/26 03:37:32] INFO     Processing request of type            server.py:727
                             CallToolRequest                                    
[04/16/26 03:37:36] INFO     Processing request of type            server.py:727
                             CallToolRequest                                    
[04/16/26 03:37:38] INFO     Processing request of type            server.py:727
                             CallToolRequest                                    
[04/16/26 03:37:41] INFO     Processing request of type            server.py:727
                             CallToolRequest                                    
[04/16/26 03:37:47] INFO     Processing request of type            server.py:727
                             CallToolRequest                                    
                    INFO     HTTP Request: POST                  _client.py:1740
                             http://erp1.enpack.com.cn:13580/k3C                
                             loud/Kingdee.BOS.WebApi.ServicesStu                
                             b.DynamicFormService.ExecuteBillQue                
                             ry.common.kdsvc "HTTP/1.1 200 OK"                  
[04/16/26 03:37:50] INFO     Processing request of type            server.py:727
                             CallToolRequest                                    
[04/16/26 03:37:54] INFO     Processing request of type            server.py:727
                             CallToolRequest                                    
                    INFO     HTTP Request: POST                  _client.py:1740
                             http://erp1.enpack.com.cn:13580/k3C                
                             loud/Kingdee.BOS.WebApi.ServicesStu                
                             b.DynamicFormService.ExecuteBillQue                
                             ry.common.kdsvc "HTTP/1.1 200 OK"                  
[04/16/26 03:37:58] INFO     Processing request of type            server.py:727
                             CallToolRequest                                    
                    INFO     HTTP Request: POST                  _client.py:1740
                             http://erp1.enpack.com.cn:13580/k3C                
                             loud/Kingdee.BOS.WebApi.ServicesStu                
                             b.DynamicFormService.ExecuteBillQue                
                             ry.common.kdsvc "HTTP/1.1 200 OK"                  
[04/16/26 03:38:03] INFO     Processing request of type            server.py:727
                             CallToolRequest                                    
                    INFO     HTTP Request: POST                  _client.py:1740
                             http://erp1.enpack.com.cn:13580/k3C                
                             loud/Kingdee.BOS.WebApi.ServicesStu                
                             b.DynamicFormService.ExecuteBillQue                
                             ry.common.kdsvc "HTTP/1.1 200 OK"                  
[04/16/26 03:38:07] INFO     Processing request of type            server.py:727
                             CallToolRequest                                    
                    INFO     HTTP Request: POST                  _client.py:1740
                             http://erp1.enpack.com.cn:13580/k3C                
                             loud/Kingdee.BOS.WebApi.ServicesStu                
                             b.DynamicFormService.ExecuteBillQue                
                             ry.common.kdsvc "HTTP/1.1 200 OK"                  
[04/16/26 03:38:11] INFO     Processing request of type            server.py:727
                             CallToolRequest                                    
                    INFO     HTTP Request: POST                  _client.py:1740
                             http://erp1.enpack.com.cn:13580/k3C                
                             loud/Kingdee.BOS.WebApi.ServicesStu                
                             b.DynamicFormService.ExecuteBillQue                
                             ry.common.kdsvc "HTTP/1.1 200 OK"                  
[04/16/26 03:38:16] INFO     Processing request of type            server.py:727
                             CallToolRequest                                    
                    INFO     HTTP Request: POST                  _client.py:1740
                             http://erp1.enpack.com.cn:13580/k3C                
                             loud/Kingdee.BOS.WebApi.ServicesStu                
                             b.DynamicFormService.ExecuteBillQue                
                             ry.common.kdsvc "HTTP/1.1 200 OK"                  
[7/46] L2-02 (L2) — 13 fields / 12 tool calls: ['kingdee_list_cached_schemas', 'kingdee_get_schema', 'kingdee_get_schema', 'kingdee_get_relations', 'kingdee_query_bills', 'kingdee_describe_form', 'kingdee_query_bills', 'kingdee_search_forms_online', 'kingdee_query_bills', 'kingdee_query_bills', 'kingdee_search_forms_online', 'kingdee_query_bills']
[04/16/26 03:38:28] INFO     Processing request of type            server.py:727
                             CallToolRequest                                    
[04/16/26 03:38:30] INFO     Processing request of type            server.py:727
                             CallToolRequest                                    
[04/16/26 03:38:33] INFO     Processing request of type            server.py:727
                             CallToolRequest                                    
[04/16/26 03:38:37] INFO     Processing request of type            server.py:727
                             CallToolRequest                                    
[04/16/26 03:38:42] INFO     Processing request of type            server.py:727
                             CallToolRequest                                    
                    INFO     HTTP Request: POST                  _client.py:1740
                             http://erp1.enpack.com.cn:13580/k3C                
                             loud/Kingdee.BOS.WebApi.ServicesStu                
                             b.DynamicFormService.ExecuteBillQue                
                             ry.common.kdsvc "HTTP/1.1 200 OK"                  
[04/16/26 03:38:45] INFO     Processing request of type            server.py:727
                             CallToolRequest                                    
[04/16/26 03:38:48] INFO     Processing request of type            server.py:727
                             CallToolRequest                                    
[04/16/26 03:38:52] INFO     Processing request of type            server.py:727
                             CallToolRequest                                    
[04/16/26 03:38:53] INFO     HTTP Request: POST                  _client.py:1740
                             http://erp1.enpack.com.cn:13580/k3C                
                             loud/Kingdee.BOS.WebApi.ServicesStu                
                             b.DynamicFormService.ExecuteBillQue                
                             ry.common.kdsvc "HTTP/1.1 200 OK"                  
[04/16/26 03:38:56] INFO     Processing request of type            server.py:727
                             CallToolRequest                                    
[04/16/26 03:39:02] INFO     Processing request of type            server.py:727
                             CallToolRequest                                    
                    INFO     HTTP Request: POST                  _client.py:1740
                             http://erp1.enpack.com.cn:13580/k3C                
                             loud/Kingdee.BOS.WebApi.ServicesStu                
                             b.DynamicFormService.ExecuteBillQue                
                             ry.common.kdsvc "HTTP/1.1 200 OK"                  
[04/16/26 03:39:07] INFO     Processing request of type            server.py:727
                             CallToolRequest                                    
                    INFO     HTTP Request: POST                  _client.py:1740
                             http://erp1.enpack.com.cn:13580/k3C                
                             loud/Kingdee.BOS.WebApi.ServicesStu                
                             b.DynamicFormService.ExecuteBillQue                
                             ry.common.kdsvc "HTTP/1.1 200 OK"                  
[04/16/26 03:39:12] INFO     Processing request of type            server.py:727
                             CallToolRequest                                    
                    INFO     HTTP Request: POST                  _client.py:1740
                             http://erp1.enpack.com.cn:13580/k3C                
                             loud/Kingdee.BOS.WebApi.ServicesStu                
                             b.DynamicFormService.ExecuteBillQue                
                             ry.common.kdsvc "HTTP/1.1 200 OK"                  
[8/46] L2-03 (L2) — 9 fields / 12 tool calls: ['kingdee_get_schema', 'kingdee_list_cached_schemas', 'kingdee_search_forms_online', 'kingdee_search_forms_online', 'kingdee_query_bills', 'kingdee_get_schema', 'kingdee_describe_form', 'kingdee_query_bills', 'kingdee_get_relations', 'kingdee_query_bills', 'kingdee_query_bills', 'kingdee_query_bills']
[04/16/26 03:39:20] INFO     Processing request of type            server.py:727
                             CallToolRequest                                    
[04/16/26 03:39:23] INFO     Processing request of type            server.py:727
                             CallToolRequest                                    
[04/16/26 03:39:26] INFO     Processing request of type            server.py:727
                             CallToolRequest                                    
[04/16/26 03:39:29] INFO     Processing request of type            server.py:727
                             CallToolRequest                                    
[04/16/26 03:39:34] INFO     Processing request of type            server.py:727
                             CallToolRequest                                    
                    INFO     HTTP Request: POST                  _client.py:1740
                             http://erp1.enpack.com.cn:13580/k3C                
                             loud/Kingdee.BOS.WebApi.ServicesStu                
                             b.DynamicFormService.ExecuteBillQue                
                             ry.common.kdsvc "HTTP/1.1 200 OK"                  
[04/16/26 03:39:38] INFO     Processing request of type            server.py:727
                             CallToolRequest                                    
                    INFO     HTTP Request: POST                  _client.py:1740
                             http://erp1.enpack.com.cn:13580/k3C                
                             loud/Kingdee.BOS.WebApi.ServicesStu                
                             b.DynamicFormService.ExecuteBillQue                
                             ry.common.kdsvc "HTTP/1.1 200 OK"                  
[04/16/26 03:39:41] INFO     Processing request of type            server.py:727
                             CallToolRequest                                    
                    INFO     HTTP Request: POST                  _client.py:1740
                             http://erp1.enpack.com.cn:13580/k3C                
                             loud/Kingdee.BOS.WebApi.ServicesStu                
                             b.DynamicFormService.ExecuteBillQue                
                             ry.common.kdsvc "HTTP/1.1 200 OK"                  
[04/16/26 03:39:46] INFO     Processing request of type            server.py:727
                             CallToolRequest                                    
                    INFO     HTTP Request: POST                  _client.py:1740
                             http://erp1.enpack.com.cn:13580/k3C                
                             loud/Kingdee.BOS.WebApi.ServicesStu                
                             b.DynamicFormService.ExecuteBillQue                
                             ry.common.kdsvc "HTTP/1.1 200 OK"                  
[04/16/26 03:39:53] INFO     Processing request of type            server.py:727
                             CallToolRequest                                    
                    INFO     HTTP Request: POST                  _client.py:1740
                             http://erp1.enpack.com.cn:13580/k3C                
                             loud/Kingdee.BOS.WebApi.ServicesStu                
                             b.DynamicFormService.ExecuteBillQue                
                             ry.common.kdsvc "HTTP/1.1 200 OK"                  
[04/16/26 03:39:59] INFO     Processing request of type            server.py:727
                             CallToolRequest                                    
                    INFO     HTTP Request: POST                  _client.py:1740
                             http://erp1.enpack.com.cn:13580/k3C                
                             loud/Kingdee.BOS.WebApi.ServicesStu                
                             b.DynamicFormService.ExecuteBillQue                
                             ry.common.kdsvc "HTTP/1.1 200 OK"                  
[04/16/26 03:40:04] INFO     Processing request of type            server.py:727
                             CallToolRequest                                    
                    INFO     HTTP Request: POST                  _client.py:1740
                             http://erp1.enpack.com.cn:13580/k3C                
                             loud/Kingdee.BOS.WebApi.ServicesStu                
                             b.DynamicFormService.ExecuteBillQue                
                             ry.common.kdsvc "HTTP/1.1 200 OK"                  
[04/16/26 03:40:08] INFO     Processing request of type            server.py:727
                             CallToolRequest                                    
                    INFO     HTTP Request: POST                  _client.py:1740
                             http://erp1.enpack.com.cn:13580/k3C                
                             loud/Kingdee.BOS.WebApi.ServicesStu                
                             b.DynamicFormService.QueryBusinessI                
                             nfo.common.kdsvc "HTTP/1.1 200 OK"                 
[9/46] L2-04 (L2) — 22 fields / 12 tool calls: ['kingdee_list_cached_schemas', 'kingdee_get_schema', 'kingdee_get_schema', 'kingdee_get_relations', 'kingdee_query_bills', 'kingdee_search_forms_online', 'kingdee_search_forms_online', 'kingdee_query_bills', 'kingdee_query_bills', 'kingdee_query_bills', 'kingdee_query_bills', 'kingdee_describe_form']
[04/16/26 03:40:22] INFO     Processing request of type            server.py:727
                             CallToolRequest                                    
[04/16/26 03:40:26] INFO     Processing request of type            server.py:727
                             CallToolRequest                                    
[04/16/26 03:40:28] INFO     Processing request of type            server.py:727
                             CallToolRequest                                    
[04/16/26 03:40:31] INFO     Processing request of type            server.py:727
                             CallToolRequest                                    
[04/16/26 03:40:38] INFO     Processing request of type            server.py:727
                             CallToolRequest                                    
                    INFO     HTTP Request: POST                  _client.py:1740
                             http://erp1.enpack.com.cn:13580/k3C                
                             loud/Kingdee.BOS.WebApi.ServicesStu                
                             b.DynamicFormService.ExecuteBillQue                
                             ry.common.kdsvc "HTTP/1.1 200 OK"                  
[04/16/26 03:40:44] INFO     Processing request of type            server.py:727
                             CallToolRequest                                    
                    INFO     HTTP Request: POST                  _client.py:1740
                             http://erp1.enpack.com.cn:13580/k3C                
                             loud/Kingdee.BOS.WebApi.ServicesStu                
                             b.DynamicFormService.ExecuteBillQue                
                             ry.common.kdsvc "HTTP/1.1 200 OK"                  
[04/16/26 03:40:50] INFO     Processing request of type            server.py:727
                             CallToolRequest                                    
                    INFO     HTTP Request: POST                  _client.py:1740
                             http://erp1.enpack.com.cn:13580/k3C                
                             loud/Kingdee.BOS.WebApi.ServicesStu                
                             b.DynamicFormService.ExecuteBillQue                
                             ry.common.kdsvc "HTTP/1.1 200 OK"                  
[04/16/26 03:40:56] INFO     Processing request of type            server.py:727
                             CallToolRequest                                    
                    INFO     HTTP Request: POST                  _client.py:1740
                             http://erp1.enpack.com.cn:13580/k3C                
                             loud/Kingdee.BOS.WebApi.ServicesStu                
                             b.DynamicFormService.ExecuteBillQue                
                             ry.common.kdsvc "HTTP/1.1 200 OK"                  
[10/46] L2-05 (L2) — 7 fields / 8 tool calls: ['kingdee_list_cached_schemas', 'kingdee_get_schema', 'kingdee_get_schema', 'kingdee_get_schema', 'kingdee_query_bills', 'kingdee_query_bills', 'kingdee_query_bills', 'kingdee_query_bills']
[04/16/26 03:41:12] INFO     Processing request of type            server.py:727
                             CallToolRequest                                    
[04/16/26 03:41:14] INFO     Processing request of type            server.py:727
                             CallToolRequest                                    
[04/16/26 03:41:17] INFO     Processing request of type            server.py:727
                             CallToolRequest                                    
[04/16/26 03:41:19] INFO     Processing request of type            server.py:727
                             CallToolRequest                                    
[04/16/26 03:41:24] INFO     Processing request of type            server.py:727
                             CallToolRequest                                    
                    INFO     HTTP Request: POST                  _client.py:1740
                             http://erp1.enpack.com.cn:13580/k3C                
                             loud/Kingdee.BOS.WebApi.ServicesStu                
                             b.DynamicFormService.ExecuteBillQue                
                             ry.common.kdsvc "HTTP/1.1 200 OK"                  
[04/16/26 03:41:27] INFO     Processing request of type            server.py:727
                             CallToolRequest                                    
                    INFO     HTTP Request: POST                  _client.py:1740
                             http://erp1.enpack.com.cn:13580/k3C                
                             loud/Kingdee.BOS.WebApi.ServicesStu                
                             b.DynamicFormService.ExecuteBillQue                
                             ry.common.kdsvc "HTTP/1.1 200 OK"                  
[04/16/26 03:41:32] INFO     Processing request of type            server.py:727
                             CallToolRequest                                    
                    INFO     HTTP Request: POST                  _client.py:1740
                             http://erp1.enpack.com.cn:13580/k3C                
                             loud/Kingdee.BOS.WebApi.ServicesStu                
                             b.DynamicFormService.ExecuteBillQue                
                             ry.common.kdsvc "HTTP/1.1 200 OK"                  
[04/16/26 03:41:35] INFO     Processing request of type            server.py:727
                             CallToolRequest                                    
[04/16/26 03:41:38] INFO     Processing request of type            server.py:727
                             CallToolRequest                                    
[04/16/26 03:41:43] INFO     Processing request of type            server.py:727
                             CallToolRequest                                    
                    INFO     HTTP Request: POST                  _client.py:1740
                             http://erp1.enpack.com.cn:13580/k3C                
                             loud/Kingdee.BOS.WebApi.ServicesStu                
                             b.DynamicFormService.ExecuteBillQue                
                             ry.common.kdsvc "HTTP/1.1 200 OK"                  
[04/16/26 03:41:49] INFO     Processing request of type            server.py:727
                             CallToolRequest                                    
                    INFO     HTTP Request: POST                  _client.py:1740
                             http://erp1.enpack.com.cn:13580/k3C                
                             loud/Kingdee.BOS.WebApi.ServicesStu                
                             b.DynamicFormService.ExecuteBillQue                
                             ry.common.kdsvc "HTTP/1.1 200 OK"                  
[04/16/26 03:41:55] INFO     Processing request of type            server.py:727
                             CallToolRequest                                    
                    INFO     HTTP Request: POST                  _client.py:1740
                             http://erp1.enpack.com.cn:13580/k3C                
                             loud/Kingdee.BOS.WebApi.ServicesStu                
                             b.DynamicFormService.ExecuteBillQue                
                             ry.common.kdsvc "HTTP/1.1 200 OK"                  
[11/46] L2-06 (L2) — 11 fields / 12 tool calls: ['kingdee_get_schema', 'kingdee_get_schema', 'kingdee_list_cached_schemas', 'kingdee_get_schema', 'kingdee_query_bills', 'kingdee_search_forms_online', 'kingdee_query_bills', 'kingdee_get_relations', 'kingdee_get_relations', 'kingdee_query_bills', 'kingdee_query_bills', 'kingdee_query_bills']
[04/16/26 03:42:06] INFO     Processing request of type            server.py:727
                             CallToolRequest                                    
[04/16/26 03:42:10] INFO     Processing request of type            server.py:727
                             CallToolRequest                                    
[04/16/26 03:42:12] INFO     Processing request of type            server.py:727
                             CallToolRequest                                    
[04/16/26 03:42:15] INFO     Processing request of type            server.py:727
                             CallToolRequest                                    
                    INFO     HTTP Request: POST                  _client.py:1740
                             http://erp1.enpack.com.cn:13580/k3C                
                             loud/Kingdee.BOS.WebApi.ServicesStu                
                             b.DynamicFormService.ExecuteBillQue                
                             ry.common.kdsvc "HTTP/1.1 200 OK"                  
[04/16/26 03:42:18] INFO     Processing request of type            server.py:727
                             CallToolRequest                                    
                    INFO     HTTP Request: POST                  _client.py:1740
                             http://erp1.enpack.com.cn:13580/k3C                
                             loud/Kingdee.BOS.WebApi.ServicesStu                
                             b.DynamicFormService.ExecuteBillQue                
                             ry.common.kdsvc "HTTP/1.1 200 OK"                  
[04/16/26 03:42:20] INFO     Processing request of type            server.py:727
                             CallToolRequest                                    
                    INFO     HTTP Request: POST                  _client.py:1740
                             http://erp1.enpack.com.cn:13580/k3C                
                             loud/Kingdee.BOS.WebApi.ServicesStu                
                             b.DynamicFormService.ExecuteBillQue                
                             ry.common.kdsvc "HTTP/1.1 200 OK"                  
[04/16/26 03:42:23] INFO     Processing request of type            server.py:727
                             CallToolRequest                                    
[04/16/26 03:42:24] INFO     HTTP Request: POST                  _client.py:1740
                             http://erp1.enpack.com.cn:13580/k3C                
                             loud/Kingdee.BOS.WebApi.ServicesStu                
                             b.DynamicFormService.QueryBusinessI                
                             nfo.common.kdsvc "HTTP/1.1 200 OK"                 
[04/16/26 03:42:32] INFO     Processing request of type            server.py:727
                             CallToolRequest                                    
                    INFO     HTTP Request: POST                  _client.py:1740
                             http://erp1.enpack.com.cn:13580/k3C                
                             loud/Kingdee.BOS.WebApi.ServicesStu                
                             b.DynamicFormService.ExecuteBillQue                
                             ry.common.kdsvc "HTTP/1.1 200 OK"                  
[04/16/26 03:42:36] INFO     Processing request of type            server.py:727
                             CallToolRequest                                    
                    INFO     HTTP Request: POST                  _client.py:1740
                             http://erp1.enpack.com.cn:13580/k3C                
                             loud/Kingdee.BOS.WebApi.ServicesStu                
                             b.DynamicFormService.QueryBusinessI                
                             nfo.common.kdsvc "HTTP/1.1 200 OK"                 
[04/16/26 03:42:39] INFO     Processing request of type            server.py:727
                             CallToolRequest                                    
                    INFO     HTTP Request: POST                  _client.py:1740
                             http://erp1.enpack.com.cn:13580/k3C                
                             loud/Kingdee.BOS.WebApi.ServicesStu                
                             b.DynamicFormService.QueryBusinessI                
                             nfo.common.kdsvc "HTTP/1.1 200 OK"                 
[04/16/26 03:42:46] INFO     Processing request of type            server.py:727
                             CallToolRequest                                    
                    INFO     HTTP Request: POST                  _client.py:1740
                             http://erp1.enpack.com.cn:13580/k3C                
                             loud/Kingdee.BOS.WebApi.ServicesStu                
                             b.DynamicFormService.ExecuteBillQue                
                             ry.common.kdsvc "HTTP/1.1 200 OK"                  
[04/16/26 03:42:50] INFO     Processing request of type            server.py:727
                             CallToolRequest                                    
                    INFO     HTTP Request: POST                  _client.py:1740
                             http://erp1.enpack.com.cn:13580/k3C                
                             loud/Kingdee.BOS.WebApi.ServicesStu                
                             b.DynamicFormService.ExecuteBillQue                
                             ry.common.kdsvc "HTTP/1.1 200 OK"                  
[12/46] L2-07 (L2) — 6 fields / 12 tool calls: ['kingdee_list_cached_schemas', 'kingdee_search_forms_online', 'kingdee_search_forms_online', 'kingdee_search_forms_online', 'kingdee_search_forms_online', 'kingdee_search_forms_online', 'kingdee_get_schema', 'kingdee_query_bills', 'kingdee_get_schema', 'kingdee_get_schema', 'kingdee_query_bills', 'kingdee_query_bills']
[04/16/26 03:43:01] INFO     Processing request of type            server.py:727
                             CallToolRequest                                    
[04/16/26 03:43:04] INFO     Processing request of type            server.py:727
                             CallToolRequest                                    
[04/16/26 03:43:06] INFO     Processing request of type            server.py:727
                             CallToolRequest                                    
[04/16/26 03:43:09] INFO     Processing request of type            server.py:727
                             CallToolRequest                                    
[04/16/26 03:43:12] INFO     Processing request of type            server.py:727
                             CallToolRequest                                    
[04/16/26 03:43:15] INFO     Processing request of type            server.py:727
                             CallToolRequest                                    
[04/16/26 03:43:18] INFO     Processing request of type            server.py:727
                             CallToolRequest                                    
[04/16/26 03:43:19] INFO     HTTP Request: POST                  _client.py:1740
                             http://erp1.enpack.com.cn:13580/k3C                
                             loud/Kingdee.BOS.WebApi.ServicesStu                
                             b.DynamicFormService.ExecuteBillQue                
                             ry.common.kdsvc "HTTP/1.1 200 OK"                  
[04/16/26 03:43:22] INFO     Processing request of type            server.py:727
                             CallToolRequest                                    
                    INFO     HTTP Request: POST                  _client.py:1740
                             http://erp1.enpack.com.cn:13580/k3C                
                             loud/Kingdee.BOS.WebApi.ServicesStu                
                             b.DynamicFormService.ExecuteBillQue                
                             ry.common.kdsvc "HTTP/1.1 200 OK"                  
[04/16/26 03:43:25] INFO     Processing request of type            server.py:727
                             CallToolRequest                                    
                    INFO     HTTP Request: POST                  _client.py:1740
                             http://erp1.enpack.com.cn:13580/k3C                
                             loud/Kingdee.BOS.WebApi.ServicesStu                
                             b.DynamicFormService.ExecuteBillQue                
                             ry.common.kdsvc "HTTP/1.1 200 OK"                  
[04/16/26 03:43:28] INFO     Processing request of type            server.py:727
                             CallToolRequest                                    
                    INFO     HTTP Request: POST                  _client.py:1740
                             http://erp1.enpack.com.cn:13580/k3C                
                             loud/Kingdee.BOS.WebApi.ServicesStu                
                             b.DynamicFormService.ExecuteBillQue                
                             ry.common.kdsvc "HTTP/1.1 200 OK"                  
[04/16/26 03:43:31] INFO     Processing request of type            server.py:727
                             CallToolRequest                                    
                    INFO     HTTP Request: POST                  _client.py:1740
                             http://erp1.enpack.com.cn:13580/k3C                
                             loud/Kingdee.BOS.WebApi.ServicesStu                
                             b.DynamicFormService.ExecuteBillQue                
                             ry.common.kdsvc "HTTP/1.1 200 OK"                  
[04/16/26 03:43:36] INFO     Processing request of type            server.py:727
                             CallToolRequest                                    
                    INFO     HTTP Request: POST                  _client.py:1740
                             http://erp1.enpack.com.cn:13580/k3C                
                             loud/Kingdee.BOS.WebApi.ServicesStu                
                             b.DynamicFormService.ExecuteBillQue                
                             ry.common.kdsvc "HTTP/1.1 200 OK"                  
[13/46] L2-08 (L2) — 9 fields / 12 tool calls: ['kingdee_get_schema', 'kingdee_get_schema', 'kingdee_list_cached_schemas', 'kingdee_get_schema', 'kingdee_get_schema', 'kingdee_describe_form', 'kingdee_query_fixed_assets', 'kingdee_query_bills', 'kingdee_search_forms_online', 'kingdee_search_forms_online', 'kingdee_search_forms_online', 'kingdee_query_bills']
[04/16/26 03:43:46] INFO     Processing request of type            server.py:727
                             CallToolRequest                                    
[04/16/26 03:43:48] INFO     Processing request of type            server.py:727
                             CallToolRequest                                    
[04/16/26 03:43:52] INFO     Processing request of type            server.py:727
                             CallToolRequest                                    
[04/16/26 03:43:54] INFO     Processing request of type            server.py:727
                             CallToolRequest                                    
[04/16/26 03:43:57] INFO     Processing request of type            server.py:727
                             CallToolRequest                                    
[04/16/26 03:44:00] INFO     Processing request of type            server.py:727
                             CallToolRequest                                    
[04/16/26 03:44:05] INFO     Processing request of type            server.py:727
                             CallToolRequest                                    
                    INFO     HTTP Request: POST                  _client.py:1740
                             http://erp1.enpack.com.cn:13580/k3C                
                             loud/Kingdee.BOS.WebApi.ServicesStu                
                             b.DynamicFormService.ExecuteBillQue                
                             ry.common.kdsvc "HTTP/1.1 200 OK"                  
[04/16/26 03:44:09] INFO     Processing request of type            server.py:727
                             CallToolRequest                                    
                    INFO     HTTP Request: POST                  _client.py:1740
                             http://erp1.enpack.com.cn:13580/k3C                
                             loud/Kingdee.BOS.WebApi.ServicesStu                
                             b.DynamicFormService.ExecuteBillQue                
                             ry.common.kdsvc "HTTP/1.1 200 OK"                  
[04/16/26 03:44:12] INFO     Processing request of type            server.py:727
                             CallToolRequest                                    
                    INFO     HTTP Request: POST                  _client.py:1740
                             http://erp1.enpack.com.cn:13580/k3C                
                             loud/Kingdee.BOS.WebApi.ServicesStu                
                             b.DynamicFormService.ExecuteBillQue                
                             ry.common.kdsvc "HTTP/1.1 200 OK"                  
[04/16/26 03:44:16] INFO     Processing request of type            server.py:727
                             CallToolRequest                                    
                    INFO     HTTP Request: POST                  _client.py:1740
                             http://erp1.enpack.com.cn:13580/k3C                
                             loud/Kingdee.BOS.WebApi.ServicesStu                
                             b.DynamicFormService.ExecuteBillQue                
                             ry.common.kdsvc "HTTP/1.1 200 OK"                  
[04/16/26 03:44:19] INFO     Processing request of type            server.py:727
                             CallToolRequest                                    
[04/16/26 03:44:22] INFO     Processing request of type            server.py:727
                             CallToolRequest                                    
[14/46] L2-09 (L2) — 7 fields / 12 tool calls: ['kingdee_get_schema', 'kingdee_list_cached_schemas', 'kingdee_get_schema', 'kingdee_get_schema', 'kingdee_get_schema', 'kingdee_describe_form', 'kingdee_query_bills', 'kingdee_search_forms_online', 'kingdee_search_forms_online', 'kingdee_query_bills', 'kingdee_get_relations', 'kingdee_get_relations']
[04/16/26 03:44:33] INFO     Processing request of type            server.py:727
                             CallToolRequest                                    
[04/16/26 03:44:35] INFO     Processing request of type            server.py:727
                             CallToolRequest                                    
[04/16/26 03:44:39] INFO     Processing request of type            server.py:727
                             CallToolRequest                                    
[04/16/26 03:44:42] INFO     Processing request of type            server.py:727
                             CallToolRequest                                    
                    INFO     HTTP Request: POST                  _client.py:1740
                             http://erp1.enpack.com.cn:13580/k3C                
                             loud/Kingdee.BOS.WebApi.ServicesStu                
                             b.DynamicFormService.ExecuteBillQue                
                             ry.common.kdsvc "HTTP/1.1 200 OK"                  
[04/16/26 03:44:45] INFO     Processing request of type            server.py:727
                             CallToolRequest                                    
                    INFO     HTTP Request: POST                  _client.py:1740
                             http://erp1.enpack.com.cn:13580/k3C                
                             loud/Kingdee.BOS.WebApi.ServicesStu                
                             b.DynamicFormService.ExecuteBillQue                
                             ry.common.kdsvc "HTTP/1.1 200 OK"                  
[04/16/26 03:44:48] INFO     Processing request of type            server.py:727
                             CallToolRequest                                    
                    INFO     HTTP Request: POST                  _client.py:1740
                             http://erp1.enpack.com.cn:13580/k3C                
                             loud/Kingdee.BOS.WebApi.ServicesStu                
                             b.DynamicFormService.ExecuteBillQue                
                             ry.common.kdsvc "HTTP/1.1 200 OK"                  
[04/16/26 03:44:54] INFO     Processing request of type            server.py:727
                             CallToolRequest                                    
                    INFO     HTTP Request: POST                  _client.py:1740
                             http://erp1.enpack.com.cn:13580/k3C                
                             loud/Kingdee.BOS.WebApi.ServicesStu                
                             b.DynamicFormService.ExecuteBillQue                
                             ry.common.kdsvc "HTTP/1.1 200 OK"                  
[04/16/26 03:44:57] INFO     Processing request of type            server.py:727
                             CallToolRequest                                    
                    INFO     HTTP Request: POST                  _client.py:1740
                             http://erp1.enpack.com.cn:13580/k3C                
                             loud/Kingdee.BOS.WebApi.ServicesStu                
                             b.DynamicFormService.QueryBusinessI                
                             nfo.common.kdsvc "HTTP/1.1 200 OK"                 
[04/16/26 03:45:08] INFO     Processing request of type            server.py:727
                             CallToolRequest                                    
                    INFO     HTTP Request: POST                  _client.py:1740
                             http://erp1.enpack.com.cn:13580/k3C                
                             loud/Kingdee.BOS.WebApi.ServicesStu                
                             b.DynamicFormService.ExecuteBillQue                
                             ry.common.kdsvc "HTTP/1.1 200 OK"                  
[04/16/26 03:45:12] INFO     Processing request of type            server.py:727
                             CallToolRequest                                    
[04/16/26 03:45:18] INFO     Processing request of type            server.py:727
                             CallToolRequest                                    
                    INFO     HTTP Request: POST                  _client.py:1740
                             http://erp1.enpack.com.cn:13580/k3C                
                             loud/Kingdee.BOS.WebApi.ServicesStu                
                             b.DynamicFormService.ExecuteBillQue                
                             ry.common.kdsvc "HTTP/1.1 200 OK"                  
[04/16/26 03:45:24] INFO     Processing request of type            server.py:727
                             CallToolRequest                                    
                    INFO     HTTP Request: POST                  _client.py:1740
                             http://erp1.enpack.com.cn:13580/k3C                
                             loud/Kingdee.BOS.WebApi.ServicesStu                
                             b.DynamicFormService.ExecuteBillQue                
                             ry.common.kdsvc "HTTP/1.1 200 OK"                  
[15/46] L2-10 (L2) — 10 fields / 12 tool calls: ['kingdee_get_schema', 'kingdee_list_cached_schemas', 'kingdee_search_forms_online', 'kingdee_search_forms_online', 'kingdee_search_forms_online', 'kingdee_search_forms_online', 'kingdee_query_bills', 'kingdee_get_schema', 'kingdee_query_bills', 'kingdee_get_relations', 'kingdee_query_bills', 'kingdee_query_bills']
[04/16/26 03:45:35] INFO     Processing request of type            server.py:727
                             CallToolRequest                                    
[04/16/26 03:45:39] INFO     Processing request of type            server.py:727
                             CallToolRequest                                    
[04/16/26 03:45:42] INFO     Processing request of type            server.py:727
                             CallToolRequest                                    
[04/16/26 03:45:44] INFO     Processing request of type            server.py:727
                             CallToolRequest                                    
[04/16/26 03:45:47] INFO     Processing request of type            server.py:727
                             CallToolRequest                                    
[04/16/26 03:45:53] INFO     Processing request of type            server.py:727
                             CallToolRequest                                    
                    INFO     HTTP Request: POST                  _client.py:1740
                             http://erp1.enpack.com.cn:13580/k3C                
                             loud/Kingdee.BOS.WebApi.ServicesStu                
                             b.DynamicFormService.ExecuteBillQue                
                             ry.common.kdsvc "HTTP/1.1 200 OK"                  
[04/16/26 03:45:58] INFO     Processing request of type            server.py:727
                             CallToolRequest                                    
                    INFO     HTTP Request: POST                  _client.py:1740
                             http://erp1.enpack.com.cn:13580/k3C                
                             loud/Kingdee.BOS.WebApi.ServicesStu                
                             b.DynamicFormService.ExecuteBillQue                
                             ry.common.kdsvc "HTTP/1.1 200 OK"                  
[04/16/26 03:46:01] INFO     Processing request of type            server.py:727
                             CallToolRequest                                    
                    INFO     HTTP Request: POST                  _client.py:1740
                             http://erp1.enpack.com.cn:13580/k3C                
                             loud/Kingdee.BOS.WebApi.ServicesStu                
                             b.DynamicFormService.ExecuteBillQue                
                             ry.common.kdsvc "HTTP/1.1 200 OK"                  
[04/16/26 03:46:05] INFO     Processing request of type            server.py:727
                             CallToolRequest                                    
                    INFO     HTTP Request: POST                  _client.py:1740
                             http://erp1.enpack.com.cn:13580/k3C                
                             loud/Kingdee.BOS.WebApi.ServicesStu                
                             b.DynamicFormService.ExecuteBillQue                
                             ry.common.kdsvc "HTTP/1.1 200 OK"                  
[04/16/26 03:46:12] INFO     Processing request of type            server.py:727
                             CallToolRequest                                    
                    INFO     HTTP Request: POST                  _client.py:1740
                             http://erp1.enpack.com.cn:13580/k3C                
                             loud/Kingdee.BOS.WebApi.ServicesStu                
                             b.DynamicFormService.ExecuteBillQue                
                             ry.common.kdsvc "HTTP/1.1 200 OK"                  
[04/16/26 03:46:17] INFO     Processing request of type            server.py:727
                             CallToolRequest                                    
                    INFO     HTTP Request: POST                  _client.py:1740
                             http://erp1.enpack.com.cn:13580/k3C                
                             loud/Kingdee.BOS.WebApi.ServicesStu                
                             b.DynamicFormService.ExecuteBillQue                
                             ry.common.kdsvc "HTTP/1.1 200 OK"                  
[04/16/26 03:46:22] INFO     Processing request of type            server.py:727
                             CallToolRequest                                    
                    INFO     HTTP Request: POST                  _client.py:1740
                             http://erp1.enpack.com.cn:13580/k3C                
                             loud/Kingdee.BOS.WebApi.ServicesStu                
                             b.DynamicFormService.ExecuteBillQue                
                             ry.common.kdsvc "HTTP/1.1 200 OK"                  
[16/46] L3-01 (L3) — 26 fields / 12 tool calls: ['kingdee_list_cached_schemas', 'kingdee_get_schema', 'kingdee_get_schema', 'kingdee_get_schema', 'kingdee_get_relations', 'kingdee_query_bills', 'kingdee_query_bills', 'kingdee_search_forms_online', 'kingdee_query_bills', 'kingdee_query_bills', 'kingdee_query_bills', 'kingdee_query_bills']
[04/16/26 03:46:42] INFO     Processing request of type            server.py:727
                             CallToolRequest                                    
[04/16/26 03:46:45] INFO     Processing request of type            server.py:727
                             CallToolRequest                                    
[04/16/26 03:46:48] INFO     Processing request of type            server.py:727
                             CallToolRequest                                    
[04/16/26 03:46:51] INFO     Processing request of type            server.py:727
                             CallToolRequest                                    
[04/16/26 03:46:54] INFO     Processing request of type            server.py:727
                             CallToolRequest                                    
[04/16/26 03:46:57] INFO     Processing request of type            server.py:727
                             CallToolRequest                                    
[04/16/26 03:47:01] INFO     Processing request of type            server.py:727
                             CallToolRequest                                    
                    INFO     HTTP Request: POST                  _client.py:1740
                             http://erp1.enpack.com.cn:13580/k3C                
                             loud/Kingdee.BOS.WebApi.ServicesStu                
                             b.DynamicFormService.ExecuteBillQue                
                             ry.common.kdsvc "HTTP/1.1 200 OK"                  
[04/16/26 03:47:05] INFO     Processing request of type            server.py:727
                             CallToolRequest                                    
[04/16/26 03:47:09] INFO     Processing request of type            server.py:727
                             CallToolRequest                                    
                    INFO     HTTP Request: POST                  _client.py:1740
                             http://erp1.enpack.com.cn:13580/k3C                
                             loud/Kingdee.BOS.WebApi.ServicesStu                
                             b.DynamicFormService.ExecuteBillQue                
                             ry.common.kdsvc "HTTP/1.1 200 OK"                  
[04/16/26 03:47:13] INFO     Processing request of type            server.py:727
                             CallToolRequest                                    
[04/16/26 03:47:16] INFO     Processing request of type            server.py:727
                             CallToolRequest                                    
[04/16/26 03:47:21] INFO     Processing request of type            server.py:727
                             CallToolRequest                                    
[04/16/26 03:47:22] INFO     HTTP Request: POST                  _client.py:1740
                             http://erp1.enpack.com.cn:13580/k3C                
                             loud/Kingdee.BOS.WebApi.ServicesStu                
                             b.DynamicFormService.ExecuteBillQue                
                             ry.common.kdsvc "HTTP/1.1 200 OK"                  
[17/46] L3-02 (L3) — 7 fields / 12 tool calls: ['kingdee_list_cached_schemas', 'kingdee_get_schema', 'kingdee_get_schema', 'kingdee_get_schema', 'kingdee_search_forms_online', 'kingdee_search_forms_online', 'kingdee_query_bills', 'kingdee_search_forms_online', 'kingdee_query_bills', 'kingdee_get_schema', 'kingdee_describe_form', 'kingdee_query_bills']
[04/16/26 03:47:36] INFO     Processing request of type            server.py:727
                             CallToolRequest                                    
[04/16/26 03:47:40] INFO     Processing request of type            server.py:727
                             CallToolRequest                                    
[04/16/26 03:47:44] INFO     Processing request of type            server.py:727
                             CallToolRequest                                    
[04/16/26 03:47:48] INFO     Processing request of type            server.py:727
                             CallToolRequest                                    
[04/16/26 03:47:53] INFO     Processing request of type            server.py:727
                             CallToolRequest                                    
                    INFO     HTTP Request: POST                  _client.py:1740
                             http://erp1.enpack.com.cn:13580/k3C                
                             loud/Kingdee.BOS.WebApi.ServicesStu                
                             b.DynamicFormService.ExecuteBillQue                
                             ry.common.kdsvc "HTTP/1.1 200 OK"                  
[04/16/26 03:47:57] INFO     Processing request of type            server.py:727
                             CallToolRequest                                    
                    INFO     HTTP Request: POST                  _client.py:1740
                             http://erp1.enpack.com.cn:13580/k3C                
                             loud/Kingdee.BOS.WebApi.ServicesStu                
                             b.DynamicFormService.ExecuteBillQue                
                             ry.common.kdsvc "HTTP/1.1 200 OK"                  
[04/16/26 03:48:01] INFO     Processing request of type            server.py:727
                             CallToolRequest                                    
                    INFO     HTTP Request: POST                  _client.py:1740
                             http://erp1.enpack.com.cn:13580/k3C                
                             loud/Kingdee.BOS.WebApi.ServicesStu                
                             b.DynamicFormService.ExecuteBillQue                
                             ry.common.kdsvc "HTTP/1.1 200 OK"                  
[04/16/26 03:48:07] INFO     Processing request of type            server.py:727
                             CallToolRequest                                    
                    INFO     HTTP Request: POST                  _client.py:1740
                             http://erp1.enpack.com.cn:13580/k3C                
                             loud/Kingdee.BOS.WebApi.ServicesStu                
                             b.DynamicFormService.ExecuteBillQue                
                             ry.common.kdsvc "HTTP/1.1 200 OK"                  
[04/16/26 03:48:11] INFO     Processing request of type            server.py:727
                             CallToolRequest                                    
[04/16/26 03:48:14] INFO     Processing request of type            server.py:727
                             CallToolRequest                                    
[04/16/26 03:48:20] INFO     Processing request of type            server.py:727
                             CallToolRequest                                    
                    INFO     HTTP Request: POST                  _client.py:1740
                             http://erp1.enpack.com.cn:13580/k3C                
                             loud/Kingdee.BOS.WebApi.ServicesStu                
                             b.DynamicFormService.ExecuteBillQue                
                             ry.common.kdsvc "HTTP/1.1 200 OK"                  
[04/16/26 03:48:25] INFO     Processing request of type            server.py:727
                             CallToolRequest                                    
[04/16/26 03:48:26] INFO     HTTP Request: POST                  _client.py:1740
                             http://erp1.enpack.com.cn:13580/k3C                
                             loud/Kingdee.BOS.WebApi.ServicesStu                
                             b.DynamicFormService.ExecuteBillQue                
                             ry.common.kdsvc "HTTP/1.1 200 OK"                  
[18/46] L3-03 (L3) — 21 fields / 12 tool calls: ['kingdee_list_cached_schemas', 'kingdee_search_forms_online', 'kingdee_search_forms_online', 'kingdee_get_schema', 'kingdee_query_bills', 'kingdee_query_bills', 'kingdee_query_bills', 'kingdee_query_bills', 'kingdee_describe_form', 'kingdee_search_forms_online', 'kingdee_query_bills', 'kingdee_query_bills']
[04/16/26 03:48:42] INFO     Processing request of type            server.py:727
                             CallToolRequest                                    
[04/16/26 03:48:47] INFO     Processing request of type            server.py:727
                             CallToolRequest                                    
[04/16/26 03:48:50] INFO     Processing request of type            server.py:727
                             CallToolRequest                                    
[04/16/26 03:48:53] INFO     Processing request of type            server.py:727
                             CallToolRequest                                    
[04/16/26 03:48:57] INFO     Processing request of type            server.py:727
                             CallToolRequest                                    
[04/16/26 03:49:03] INFO     Processing request of type            server.py:727
                             CallToolRequest                                    
                    INFO     HTTP Request: POST                  _client.py:1740
                             http://erp1.enpack.com.cn:13580/k3C                
                             loud/Kingdee.BOS.WebApi.ServicesStu                
                             b.DynamicFormService.ExecuteBillQue                
                             ry.common.kdsvc "HTTP/1.1 200 OK"                  
[04/16/26 03:49:11] INFO     Processing request of type            server.py:727
                             CallToolRequest                                    
                    INFO     HTTP Request: POST                  _client.py:1740
                             http://erp1.enpack.com.cn:13580/k3C                
                             loud/Kingdee.BOS.WebApi.ServicesStu                
                             b.DynamicFormService.ExecuteBillQue                
                             ry.common.kdsvc "HTTP/1.1 200 OK"                  
[04/16/26 03:49:24] INFO     Processing request of type            server.py:727
                             CallToolRequest                                    
                    INFO     HTTP Request: POST                  _client.py:1740
                             http://erp1.enpack.com.cn:13580/k3C                
                             loud/Kingdee.BOS.WebApi.ServicesStu                
                             b.DynamicFormService.ExecuteBillQue                
                             ry.common.kdsvc "HTTP/1.1 200 OK"                  
[04/16/26 03:49:30] INFO     Processing request of type            server.py:727
                             CallToolRequest                                    
[04/16/26 03:49:35] INFO     Processing request of type            server.py:727
                             CallToolRequest                                    
                    INFO     HTTP Request: POST                  _client.py:1740
                             http://erp1.enpack.com.cn:13580/k3C                
                             loud/Kingdee.BOS.WebApi.ServicesStu                
                             b.DynamicFormService.ExecuteBillQue                
                             ry.common.kdsvc "HTTP/1.1 200 OK"                  
[04/16/26 03:49:47] INFO     Processing request of type            server.py:727
                             CallToolRequest                                    
[04/16/26 03:49:48] INFO     HTTP Request: POST                  _client.py:1740
                             http://erp1.enpack.com.cn:13580/k3C                
                             loud/Kingdee.BOS.WebApi.ServicesStu                
                             b.DynamicFormService.ExecuteBillQue                
                             ry.common.kdsvc "HTTP/1.1 200 OK"                  
[04/16/26 03:49:54] INFO     Processing request of type            server.py:727
                             CallToolRequest                                    
                    INFO     HTTP Request: POST                  _client.py:1740
                             http://erp1.enpack.com.cn:13580/k3C                
                             loud/Kingdee.BOS.WebApi.ServicesStu                
                             b.DynamicFormService.ExecuteBillQue                
                             ry.common.kdsvc "HTTP/1.1 200 OK"                  
[19/46] L3-04 (L3) — 13 fields / 12 tool calls: ['kingdee_list_cached_schemas', 'kingdee_get_schema', 'kingdee_get_schema', 'kingdee_get_schema', 'kingdee_get_relations', 'kingdee_query_bills', 'kingdee_query_bills', 'kingdee_query_inventory', 'kingdee_query_bills', 'kingdee_query_bills', 'kingdee_query_inventory', 'kingdee_query_bills']
[04/16/26 03:50:10] INFO     Processing request of type            server.py:727
                             CallToolRequest                                    
[04/16/26 03:50:13] INFO     Processing request of type            server.py:727
                             CallToolRequest                                    
[04/16/26 03:50:17] INFO     Processing request of type            server.py:727
                             CallToolRequest                                    
[04/16/26 03:50:20] INFO     Processing request of type            server.py:727
                             CallToolRequest                                    
[04/16/26 03:50:23] INFO     Processing request of type            server.py:727
                             CallToolRequest                                    
[04/16/26 03:50:28] INFO     Processing request of type            server.py:727
                             CallToolRequest                                    
[04/16/26 03:50:31] INFO     Processing request of type            server.py:727
                             CallToolRequest                                    
                    INFO     HTTP Request: POST                  _client.py:1740
                             http://erp1.enpack.com.cn:13580/k3C                
                             loud/Kingdee.BOS.WebApi.ServicesStu                
                             b.DynamicFormService.ExecuteBillQue                
                             ry.common.kdsvc "HTTP/1.1 200 OK"                  
[04/16/26 03:50:37] INFO     Processing request of type            server.py:727
                             CallToolRequest                                    
                    INFO     HTTP Request: POST                  _client.py:1740
                             http://erp1.enpack.com.cn:13580/k3C                
                             loud/Kingdee.BOS.WebApi.ServicesStu                
                             b.DynamicFormService.ExecuteBillQue                
                             ry.common.kdsvc "HTTP/1.1 200 OK"                  
[04/16/26 03:50:42] INFO     Processing request of type            server.py:727
                             CallToolRequest                                    
                    INFO     HTTP Request: POST                  _client.py:1740
                             http://erp1.enpack.com.cn:13580/k3C                
                             loud/Kingdee.BOS.WebApi.ServicesStu                
                             b.DynamicFormService.ExecuteBillQue                
                             ry.common.kdsvc "HTTP/1.1 200 OK"                  
[04/16/26 03:50:56] INFO     Processing request of type            server.py:727
                             CallToolRequest                                    
                    INFO     HTTP Request: POST                  _client.py:1740
                             http://erp1.enpack.com.cn:13580/k3C                
                             loud/Kingdee.BOS.WebApi.ServicesStu                
                             b.DynamicFormService.ExecuteBillQue                
                             ry.common.kdsvc "HTTP/1.1 200 OK"                  
[04/16/26 03:51:00] INFO     Processing request of type            server.py:727
                             CallToolRequest                                    
[04/16/26 03:51:01] INFO     HTTP Request: POST                  _client.py:1740
                             http://erp1.enpack.com.cn:13580/k3C                
                             loud/Kingdee.BOS.WebApi.ServicesStu                
                             b.DynamicFormService.ExecuteBillQue                
                             ry.common.kdsvc "HTTP/1.1 200 OK"                  
[04/16/26 03:51:04] INFO     Processing request of type            server.py:727
                             CallToolRequest                                    
                    INFO     HTTP Request: POST                  _client.py:1740
                             http://erp1.enpack.com.cn:13580/k3C                
                             loud/Kingdee.BOS.WebApi.ServicesStu                
                             b.DynamicFormService.ExecuteBillQue                
                             ry.common.kdsvc "HTTP/1.1 200 OK"                  
[20/46] L3-05 (L3) — 6 fields / 12 tool calls: ['kingdee_get_schema', 'kingdee_list_cached_schemas', 'kingdee_get_schema', 'kingdee_get_schema', 'kingdee_get_relations', 'kingdee_query_inventory', 'kingdee_query_inventory', 'kingdee_query_materials', 'kingdee_query_inventory', 'kingdee_query_materials', 'kingdee_query_materials', 'kingdee_query_materials']
[04/16/26 03:51:18] INFO     Processing request of type            server.py:727
                             CallToolRequest                                    
[04/16/26 03:51:22] INFO     Processing request of type            server.py:727
                             CallToolRequest                                    
[04/16/26 03:51:25] INFO     Processing request of type            server.py:727
                             CallToolRequest                                    
[04/16/26 03:51:29] INFO     Processing request of type            server.py:727
                             CallToolRequest                                    
[04/16/26 03:51:33] INFO     Processing request of type            server.py:727
                             CallToolRequest                                    
[04/16/26 03:51:36] INFO     Processing request of type            server.py:727
                             CallToolRequest                                    
[04/16/26 03:51:40] INFO     Processing request of type            server.py:727
                             CallToolRequest                                    
[04/16/26 03:51:44] INFO     Processing request of type            server.py:727
                             CallToolRequest                                    
[04/16/26 03:51:47] INFO     Processing request of type            server.py:727
                             CallToolRequest                                    
[04/16/26 03:51:57] INFO     Processing request of type            server.py:727
                             CallToolRequest                                    
                    INFO     HTTP Request: POST                  _client.py:1740
                             http://erp1.enpack.com.cn:13580/k3C                
                             loud/Kingdee.BOS.WebApi.ServicesStu                
                             b.DynamicFormService.ExecuteBillQue                
                             ry.common.kdsvc "HTTP/1.1 200 OK"                  
[04/16/26 03:52:04] INFO     Processing request of type            server.py:727
                             CallToolRequest                                    
                    INFO     HTTP Request: POST                  _client.py:1740
                             http://erp1.enpack.com.cn:13580/k3C                
                             loud/Kingdee.BOS.WebApi.ServicesStu                
                             b.DynamicFormService.ExecuteBillQue                
                             ry.common.kdsvc "HTTP/1.1 200 OK"                  
[04/16/26 03:52:11] INFO     Processing request of type            server.py:727
                             CallToolRequest                                    
                    INFO     HTTP Request: POST                  _client.py:1740
                             http://erp1.enpack.com.cn:13580/k3C                
                             loud/Kingdee.BOS.WebApi.ServicesStu                
                             b.DynamicFormService.ExecuteBillQue                
                             ry.common.kdsvc "HTTP/1.1 200 OK"                  
[21/46] L3-06 (L3) — 9 fields / 12 tool calls: ['kingdee_list_cached_schemas', 'kingdee_get_schema', 'kingdee_get_schema', 'kingdee_get_schema', 'kingdee_get_schema', 'kingdee_get_schema', 'kingdee_get_schema', 'kingdee_get_schema', 'kingdee_get_relations', 'kingdee_query_bills', 'kingdee_query_bills', 'kingdee_query_bills']
[04/16/26 03:52:24] INFO     Processing request of type            server.py:727
                             CallToolRequest                                    
[04/16/26 03:52:27] INFO     Processing request of type            server.py:727
                             CallToolRequest                                    
[04/16/26 03:52:30] INFO     Processing request of type            server.py:727
                             CallToolRequest                                    
[04/16/26 03:52:34] INFO     Processing request of type            server.py:727
                             CallToolRequest                                    
[04/16/26 03:52:39] INFO     Processing request of type            server.py:727
                             CallToolRequest                                    
                    INFO     HTTP Request: POST                  _client.py:1740
                             http://erp1.enpack.com.cn:13580/k3C                
                             loud/Kingdee.BOS.WebApi.ServicesStu                
                             b.DynamicFormService.ExecuteBillQue                
                             ry.common.kdsvc "HTTP/1.1 200 OK"                  
[04/16/26 03:52:46] INFO     Processing request of type            server.py:727
                             CallToolRequest                                    
                    INFO     HTTP Request: POST                  _client.py:1740
                             http://erp1.enpack.com.cn:13580/k3C                
                             loud/Kingdee.BOS.WebApi.ServicesStu                
                             b.DynamicFormService.ExecuteBillQue                
                             ry.common.kdsvc "HTTP/1.1 200 OK"                  
[04/16/26 03:52:51] INFO     Processing request of type            server.py:727
                             CallToolRequest                                    
                    INFO     HTTP Request: POST                  _client.py:1740
                             http://erp1.enpack.com.cn:13580/k3C                
                             loud/Kingdee.BOS.WebApi.ServicesStu                
                             b.DynamicFormService.ExecuteBillQue                
                             ry.common.kdsvc "HTTP/1.1 200 OK"                  
[04/16/26 03:52:56] INFO     Processing request of type            server.py:727
                             CallToolRequest                                    
                    INFO     HTTP Request: POST                  _client.py:1740
                             http://erp1.enpack.com.cn:13580/k3C                
                             loud/Kingdee.BOS.WebApi.ServicesStu                
                             b.DynamicFormService.ExecuteBillQue                
                             ry.common.kdsvc "HTTP/1.1 200 OK"                  
[04/16/26 03:53:02] INFO     Processing request of type            server.py:727
                             CallToolRequest                                    
[04/16/26 03:53:10] INFO     Processing request of type            server.py:727
                             CallToolRequest                                    
                    INFO     HTTP Request: POST                  _client.py:1740
                             http://erp1.enpack.com.cn:13580/k3C                
                             loud/Kingdee.BOS.WebApi.ServicesStu                
                             b.DynamicFormService.ExecuteBillQue                
                             ry.common.kdsvc "HTTP/1.1 200 OK"                  
[22/46] L4-01 (L4) — 5 fields / 10 tool calls: ['kingdee_get_schema', 'kingdee_get_schema', 'kingdee_list_cached_schemas', 'kingdee_get_schema', 'kingdee_query_bills', 'kingdee_query_bills', 'kingdee_query_bills', 'kingdee_query_bills', 'kingdee_get_relations', 'kingdee_query_bills']
[04/16/26 03:53:22] INFO     Processing request of type            server.py:727
                             CallToolRequest                                    
[04/16/26 03:53:25] INFO     Processing request of type            server.py:727
                             CallToolRequest                                    
[04/16/26 03:53:27] INFO     Processing request of type            server.py:727
                             CallToolRequest                                    
[04/16/26 03:53:31] INFO     Processing request of type            server.py:727
                             CallToolRequest                                    
[04/16/26 03:53:34] INFO     Processing request of type            server.py:727
                             CallToolRequest                                    
                    INFO     HTTP Request: POST                  _client.py:1740
                             http://erp1.enpack.com.cn:13580/k3C                
                             loud/Kingdee.BOS.WebApi.ServicesStu                
                             b.DynamicFormService.ExecuteBillQue                
                             ry.common.kdsvc "HTTP/1.1 200 OK"                  
[04/16/26 03:53:40] INFO     Processing request of type            server.py:727
                             CallToolRequest                                    
                    INFO     HTTP Request: POST                  _client.py:1740
                             http://erp1.enpack.com.cn:13580/k3C                
                             loud/Kingdee.BOS.WebApi.ServicesStu                
                             b.DynamicFormService.ExecuteBillQue                
                             ry.common.kdsvc "HTTP/1.1 200 OK"                  
[04/16/26 03:53:44] INFO     Processing request of type            server.py:727
                             CallToolRequest                                    
[04/16/26 03:53:45] INFO     HTTP Request: POST                  _client.py:1740
                             http://erp1.enpack.com.cn:13580/k3C                
                             loud/Kingdee.BOS.WebApi.ServicesStu                
                             b.DynamicFormService.ExecuteBillQue                
                             ry.common.kdsvc "HTTP/1.1 200 OK"                  
[04/16/26 03:53:48] INFO     Processing request of type            server.py:727
                             CallToolRequest                                    
[04/16/26 03:53:52] INFO     Processing request of type            server.py:727
                             CallToolRequest                                    
                    INFO     HTTP Request: POST                  _client.py:1740
                             http://erp1.enpack.com.cn:13580/k3C                
                             loud/Kingdee.BOS.WebApi.ServicesStu                
                             b.DynamicFormService.ExecuteBillQue                
                             ry.common.kdsvc "HTTP/1.1 200 OK"                  
[04/16/26 03:53:55] INFO     Processing request of type            server.py:727
                             CallToolRequest                                    
                    INFO     HTTP Request: POST                  _client.py:1740
                             http://erp1.enpack.com.cn:13580/k3C                
                             loud/Kingdee.BOS.WebApi.ServicesStu                
                             b.DynamicFormService.ExecuteBillQue                
                             ry.common.kdsvc "HTTP/1.1 200 OK"                  
[04/16/26 03:54:00] INFO     Processing request of type            server.py:727
                             CallToolRequest                                    
                    INFO     HTTP Request: POST                  _client.py:1740
                             http://erp1.enpack.com.cn:13580/k3C                
                             loud/Kingdee.BOS.WebApi.ServicesStu                
                             b.DynamicFormService.ExecuteBillQue                
                             ry.common.kdsvc "HTTP/1.1 200 OK"                  
[04/16/26 03:54:07] INFO     Processing request of type            server.py:727
                             CallToolRequest                                    
                    INFO     HTTP Request: POST                  _client.py:1740
                             http://erp1.enpack.com.cn:13580/k3C                
                             loud/Kingdee.BOS.WebApi.ServicesStu                
                             b.DynamicFormService.ExecuteBillQue                
                             ry.common.kdsvc "HTTP/1.1 200 OK"                  
[23/46] L4-02 (L4) — 9 fields / 12 tool calls: ['kingdee_get_schema', 'kingdee_get_schema', 'kingdee_list_cached_schemas', 'kingdee_get_schema', 'kingdee_query_materials', 'kingdee_query_bills', 'kingdee_query_bills', 'kingdee_describe_form', 'kingdee_search_forms_online', 'kingdee_search_forms_online', 'kingdee_query_materials', 'kingdee_query_materials']
[04/16/26 03:54:19] INFO     Processing request of type            server.py:727
                             CallToolRequest                                    
[04/16/26 03:54:23] INFO     Processing request of type            server.py:727
                             CallToolRequest                                    
[04/16/26 03:54:25] INFO     Processing request of type            server.py:727
                             CallToolRequest                                    
[04/16/26 03:54:28] INFO     Processing request of type            server.py:727
                             CallToolRequest                                    
[04/16/26 03:54:31] INFO     Processing request of type            server.py:727
                             CallToolRequest                                    
[04/16/26 03:54:34] INFO     Processing request of type            server.py:727
                             CallToolRequest                                    
                    INFO     HTTP Request: POST                  _client.py:1740
                             http://erp1.enpack.com.cn:13580/k3C                
                             loud/Kingdee.BOS.WebApi.ServicesStu                
                             b.DynamicFormService.ExecuteBillQue                
                             ry.common.kdsvc "HTTP/1.1 200 OK"                  
[04/16/26 03:54:38] INFO     Processing request of type            server.py:727
                             CallToolRequest                                    
[04/16/26 03:54:41] INFO     Processing request of type            server.py:727
                             CallToolRequest                                    
                    INFO     HTTP Request: POST                  _client.py:1740
                             http://erp1.enpack.com.cn:13580/k3C                
                             loud/Kingdee.BOS.WebApi.ServicesStu                
                             b.DynamicFormService.ExecuteBillQue                
                             ry.common.kdsvc "HTTP/1.1 200 OK"                  
[04/16/26 03:54:44] INFO     Processing request of type            server.py:727
                             CallToolRequest                                    
[04/16/26 03:54:49] INFO     Processing request of type            server.py:727
                             CallToolRequest                                    
                    INFO     HTTP Request: POST                  _client.py:1740
                             http://erp1.enpack.com.cn:13580/k3C                
                             loud/Kingdee.BOS.WebApi.ServicesStu                
                             b.DynamicFormService.ExecuteBillQue                
                             ry.common.kdsvc "HTTP/1.1 200 OK"                  
[04/16/26 03:54:53] INFO     Processing request of type            server.py:727
                             CallToolRequest                                    
                    INFO     HTTP Request: POST                  _client.py:1740
                             http://erp1.enpack.com.cn:13580/k3C                
                             loud/Kingdee.BOS.WebApi.ServicesStu                
                             b.DynamicFormService.ExecuteBillQue                
                             ry.common.kdsvc "HTTP/1.1 200 OK"                  
[04/16/26 03:54:57] INFO     Processing request of type            server.py:727
                             CallToolRequest                                    
                    INFO     HTTP Request: POST                  _client.py:1740
                             http://erp1.enpack.com.cn:13580/k3C                
                             loud/Kingdee.BOS.WebApi.ServicesStu                
                             b.DynamicFormService.ExecuteBillQue                
                             ry.common.kdsvc "HTTP/1.1 200 OK"                  
[24/46] L4-03 (L4) — 14 fields / 12 tool calls: ['kingdee_list_cached_schemas', 'kingdee_search_forms_online', 'kingdee_search_forms_online', 'kingdee_get_schema', 'kingdee_get_schema', 'kingdee_query_bills', 'kingdee_describe_form', 'kingdee_query_bills', 'kingdee_search_forms_online', 'kingdee_query_bills', 'kingdee_query_bills', 'kingdee_query_bills']
[04/16/26 03:55:08] INFO     Processing request of type            server.py:727
                             CallToolRequest                                    
[04/16/26 03:55:11] INFO     Processing request of type            server.py:727
                             CallToolRequest                                    
[04/16/26 03:55:14] INFO     Processing request of type            server.py:727
                             CallToolRequest                                    
[04/16/26 03:55:16] INFO     Processing request of type            server.py:727
                             CallToolRequest                                    
[04/16/26 03:55:23] INFO     Processing request of type            server.py:727
                             CallToolRequest                                    
                    INFO     HTTP Request: POST                  _client.py:1740
                             http://erp1.enpack.com.cn:13580/k3C                
                             loud/Kingdee.BOS.WebApi.ServicesStu                
                             b.DynamicFormService.ExecuteBillQue                
                             ry.common.kdsvc "HTTP/1.1 200 OK"                  
[04/16/26 03:55:28] INFO     Processing request of type            server.py:727
                             CallToolRequest                                    
                    INFO     HTTP Request: POST                  _client.py:1740
                             http://erp1.enpack.com.cn:13580/k3C                
                             loud/Kingdee.BOS.WebApi.ServicesStu                
                             b.DynamicFormService.ExecuteBillQue                
                             ry.common.kdsvc "HTTP/1.1 200 OK"                  
[04/16/26 03:55:34] INFO     Processing request of type            server.py:727
                             CallToolRequest                                    
                    INFO     HTTP Request: POST                  _client.py:1740
                             http://erp1.enpack.com.cn:13580/k3C                
                             loud/Kingdee.BOS.WebApi.ServicesStu                
                             b.DynamicFormService.ExecuteBillQue                
                             ry.common.kdsvc "HTTP/1.1 200 OK"                  
[04/16/26 03:55:41] INFO     Processing request of type            server.py:727
                             CallToolRequest                                    
                    INFO     HTTP Request: POST                  _client.py:1740
                             http://erp1.enpack.com.cn:13580/k3C                
                             loud/Kingdee.BOS.WebApi.ServicesStu                
                             b.DynamicFormService.ExecuteBillQue                
                             ry.common.kdsvc "HTTP/1.1 200 OK"                  
[04/16/26 03:55:44] INFO     Processing request of type            server.py:727
                             CallToolRequest                                    
                    INFO     HTTP Request: POST                  _client.py:1740
                             http://erp1.enpack.com.cn:13580/k3C                
                             loud/Kingdee.BOS.WebApi.ServicesStu                
                             b.DynamicFormService.ExecuteBillQue                
                             ry.common.kdsvc "HTTP/1.1 200 OK"                  
[04/16/26 03:55:47] INFO     Processing request of type            server.py:727
                             CallToolRequest                                    
                    INFO     HTTP Request: POST                  _client.py:1740
                             http://erp1.enpack.com.cn:13580/k3C                
                             loud/Kingdee.BOS.WebApi.ServicesStu                
                             b.DynamicFormService.ExecuteBillQue                
                             ry.common.kdsvc "HTTP/1.1 200 OK"                  
[04/16/26 03:55:51] INFO     Processing request of type            server.py:727
                             CallToolRequest                                    
[04/16/26 03:55:56] INFO     Processing request of type            server.py:727
                             CallToolRequest                                    
                    INFO     HTTP Request: POST                  _client.py:1740
                             http://erp1.enpack.com.cn:13580/k3C                
                             loud/Kingdee.BOS.WebApi.ServicesStu                
                             b.DynamicFormService.ExecuteBillQue                
                             ry.common.kdsvc "HTTP/1.1 200 OK"                  
[25/46] L4-04 (L4) — 16 fields / 12 tool calls: ['kingdee_list_cached_schemas', 'kingdee_get_schema', 'kingdee_get_schema', 'kingdee_get_schema', 'kingdee_query_bills', 'kingdee_query_bills', 'kingdee_query_bills', 'kingdee_query_bills', 'kingdee_search_forms_online', 'kingdee_search_forms_online', 'kingdee_get_schema', 'kingdee_query_bills']
[04/16/26 03:56:09] INFO     Processing request of type            server.py:727
                             CallToolRequest                                    
[04/16/26 03:56:11] INFO     Processing request of type            server.py:727
                             CallToolRequest                                    
[04/16/26 03:56:13] INFO     Processing request of type            server.py:727
                             CallToolRequest                                    
[04/16/26 03:56:17] INFO     Processing request of type            server.py:727
                             CallToolRequest                                    
[04/16/26 03:56:20] INFO     Processing request of type            server.py:727
                             CallToolRequest                                    
[04/16/26 03:56:25] INFO     Processing request of type            server.py:727
                             CallToolRequest                                    
                    INFO     HTTP Request: POST                  _client.py:1740
                             http://erp1.enpack.com.cn:13580/k3C                
                             loud/Kingdee.BOS.WebApi.ServicesStu                
                             b.DynamicFormService.ExecuteBillQue                
                             ry.common.kdsvc "HTTP/1.1 200 OK"                  
[04/16/26 03:56:28] INFO     Processing request of type            server.py:727
                             CallToolRequest                                    
                    INFO     HTTP Request: POST                  _client.py:1740
                             http://erp1.enpack.com.cn:13580/k3C                
                             loud/Kingdee.BOS.WebApi.ServicesStu                
                             b.DynamicFormService.ExecuteBillQue                
                             ry.common.kdsvc "HTTP/1.1 200 OK"                  
[04/16/26 03:56:38] INFO     Processing request of type            server.py:727
                             CallToolRequest                                    
                    INFO     HTTP Request: POST                  _client.py:1740
                             http://erp1.enpack.com.cn:13580/k3C                
                             loud/Kingdee.BOS.WebApi.ServicesStu                
                             b.DynamicFormService.ExecuteBillQue                
                             ry.common.kdsvc "HTTP/1.1 200 OK"                  
[04/16/26 03:56:47] INFO     Processing request of type            server.py:727
                             CallToolRequest                                    
                    INFO     HTTP Request: POST                  _client.py:1740
                             http://erp1.enpack.com.cn:13580/k3C                
                             loud/Kingdee.BOS.WebApi.ServicesStu                
                             b.DynamicFormService.ExecuteBillQue                
                             ry.common.kdsvc "HTTP/1.1 200 OK"                  
[04/16/26 03:56:55] INFO     Processing request of type            server.py:727
                             CallToolRequest                                    
[04/16/26 03:57:04] INFO     Processing request of type            server.py:727
                             CallToolRequest                                    
                    INFO     HTTP Request: POST                  _client.py:1740
                             http://erp1.enpack.com.cn:13580/k3C                
                             loud/Kingdee.BOS.WebApi.ServicesStu                
                             b.DynamicFormService.ExecuteBillQue                
                             ry.common.kdsvc "HTTP/1.1 200 OK"                  
[04/16/26 03:57:16] INFO     Processing request of type            server.py:727
                             CallToolRequest                                    
                    INFO     HTTP Request: POST                  _client.py:1740
                             http://erp1.enpack.com.cn:13580/k3C                
                             loud/Kingdee.BOS.WebApi.ServicesStu                
                             b.DynamicFormService.ExecuteBillQue                
                             ry.common.kdsvc "HTTP/1.1 200 OK"                  
[26/46] L4-05 (L4) — 7 fields / 12 tool calls: ['kingdee_get_schema', 'kingdee_get_schema', 'kingdee_list_cached_schemas', 'kingdee_get_schema', 'kingdee_get_schema', 'kingdee_query_bills', 'kingdee_query_bills', 'kingdee_search_forms_online', 'kingdee_search_forms_online', 'kingdee_describe_form', 'kingdee_query_bills', 'kingdee_query_bills']
[04/16/26 03:57:23] INFO     Processing request of type            server.py:727
                             CallToolRequest                                    
[04/16/26 03:57:27] INFO     Processing request of type            server.py:727
                             CallToolRequest                                    
[04/16/26 03:57:29] INFO     Processing request of type            server.py:727
                             CallToolRequest                                    
[04/16/26 03:57:32] INFO     Processing request of type            server.py:727
                             CallToolRequest                                    
[04/16/26 03:57:40] INFO     Processing request of type            server.py:727
                             CallToolRequest                                    
                    INFO     HTTP Request: POST                  _client.py:1740
                             http://erp1.enpack.com.cn:13580/k3C                
                             loud/Kingdee.BOS.WebApi.ServicesStu                
                             b.DynamicFormService.ExecuteBillQue                
                             ry.common.kdsvc "HTTP/1.1 200 OK"                  
[04/16/26 03:57:43] INFO     Processing request of type            server.py:727
                             CallToolRequest                                    
                    INFO     HTTP Request: POST                  _client.py:1740
                             http://erp1.enpack.com.cn:13580/k3C                
                             loud/Kingdee.BOS.WebApi.ServicesStu                
                             b.DynamicFormService.ExecuteBillQue                
                             ry.common.kdsvc "HTTP/1.1 200 OK"                  
[04/16/26 03:57:47] INFO     Processing request of type            server.py:727
                             CallToolRequest                                    
                    INFO     HTTP Request: POST                  _client.py:1740
                             http://erp1.enpack.com.cn:13580/k3C                
                             loud/Kingdee.BOS.WebApi.ServicesStu                
                             b.DynamicFormService.ExecuteBillQue                
                             ry.common.kdsvc "HTTP/1.1 200 OK"                  
[04/16/26 03:57:50] INFO     Processing request of type            server.py:727
                             CallToolRequest                                    
[04/16/26 03:57:51] INFO     HTTP Request: POST                  _client.py:1740
                             http://erp1.enpack.com.cn:13580/k3C                
                             loud/Kingdee.BOS.WebApi.ServicesStu                
                             b.DynamicFormService.ExecuteBillQue                
                             ry.common.kdsvc "HTTP/1.1 200 OK"                  
[04/16/26 03:57:54] INFO     Processing request of type            server.py:727
                             CallToolRequest                                    
                    INFO     HTTP Request: POST                  _client.py:1740
                             http://erp1.enpack.com.cn:13580/k3C                
                             loud/Kingdee.BOS.WebApi.ServicesStu                
                             b.DynamicFormService.QueryBusinessI                
                             nfo.common.kdsvc "HTTP/1.1 200 OK"                 
[04/16/26 03:57:57] INFO     Processing request of type            server.py:727
                             CallToolRequest                                    
                    INFO     HTTP Request: POST                  _client.py:1740
                             http://erp1.enpack.com.cn:13580/k3C                
                             loud/Kingdee.BOS.WebApi.ServicesStu                
                             b.DynamicFormService.ExecuteBillQue                
                             ry.common.kdsvc "HTTP/1.1 200 OK"                  
[04/16/26 03:58:00] INFO     Processing request of type            server.py:727
                             CallToolRequest                                    
                    INFO     HTTP Request: POST                  _client.py:1740
                             http://erp1.enpack.com.cn:13580/k3C                
                             loud/Kingdee.BOS.WebApi.ServicesStu                
                             b.DynamicFormService.ExecuteBillQue                
                             ry.common.kdsvc "HTTP/1.1 200 OK"                  
[04/16/26 03:58:03] INFO     Processing request of type            server.py:727
                             CallToolRequest                                    
                    INFO     HTTP Request: POST                  _client.py:1740
                             http://erp1.enpack.com.cn:13580/k3C                
                             loud/Kingdee.BOS.WebApi.ServicesStu                
                             b.DynamicFormService.ExecuteBillQue                
                             ry.common.kdsvc "HTTP/1.1 200 OK"                  
[27/46] L5-01 (L5) — 11 fields / 12 tool calls: ['kingdee_list_cached_schemas', 'kingdee_get_schema', 'kingdee_get_schema', 'kingdee_get_schema', 'kingdee_query_bills', 'kingdee_query_bills', 'kingdee_query_bills', 'kingdee_query_bills', 'kingdee_describe_form', 'kingdee_query_bills', 'kingdee_query_materials', 'kingdee_search_forms_online']
[04/16/26 03:58:13] INFO     Processing request of type            server.py:727
                             CallToolRequest                                    
[04/16/26 03:58:15] INFO     Processing request of type            server.py:727
                             CallToolRequest                                    
[04/16/26 03:58:17] INFO     Processing request of type            server.py:727
                             CallToolRequest                                    
[04/16/26 03:58:20] INFO     Processing request of type            server.py:727
                             CallToolRequest                                    
[04/16/26 03:58:22] INFO     Processing request of type            server.py:727
                             CallToolRequest                                    
[04/16/26 03:58:25] INFO     Processing request of type            server.py:727
                             CallToolRequest                                    
[04/16/26 03:58:28] INFO     Processing request of type            server.py:727
                             CallToolRequest                                    
                    INFO     HTTP Request: POST                  _client.py:1740
                             http://erp1.enpack.com.cn:13580/k3C                
                             loud/Kingdee.BOS.WebApi.ServicesStu                
                             b.DynamicFormService.ExecuteBillQue                
                             ry.common.kdsvc "HTTP/1.1 200 OK"                  
[04/16/26 03:58:30] INFO     Processing request of type            server.py:727
                             CallToolRequest                                    
[04/16/26 03:58:33] INFO     Processing request of type            server.py:727
                             CallToolRequest                                    
                    INFO     HTTP Request: POST                  _client.py:1740
                             http://erp1.enpack.com.cn:13580/k3C                
                             loud/Kingdee.BOS.WebApi.ServicesStu                
                             b.DynamicFormService.QueryBusinessI                
                             nfo.common.kdsvc "HTTP/1.1 200 OK"                 
[04/16/26 03:58:37] INFO     Processing request of type            server.py:727
                             CallToolRequest                                    
                    INFO     HTTP Request: POST                  _client.py:1740
                             http://erp1.enpack.com.cn:13580/k3C                
                             loud/Kingdee.BOS.WebApi.ServicesStu                
                             b.DynamicFormService.ExecuteBillQue                
                             ry.common.kdsvc "HTTP/1.1 200 OK"                  
[04/16/26 03:58:41] INFO     Processing request of type            server.py:727
                             CallToolRequest                                    
                    INFO     HTTP Request: POST                  _client.py:1740
                             http://erp1.enpack.com.cn:13580/k3C                
                             loud/Kingdee.BOS.WebApi.ServicesStu                
                             b.DynamicFormService.ExecuteBillQue                
                             ry.common.kdsvc "HTTP/1.1 200 OK"                  
[04/16/26 03:58:53] INFO     Processing request of type            server.py:727
                             CallToolRequest                                    
                    INFO     HTTP Request: POST                  _client.py:1740
                             http://erp1.enpack.com.cn:13580/k3C                
                             loud/Kingdee.BOS.WebApi.ServicesStu                
                             b.DynamicFormService.ExecuteBillQue                
                             ry.common.kdsvc "HTTP/1.1 200 OK"                  
[28/46] L5-02 (L5) — 22 fields / 12 tool calls: ['kingdee_get_schema', 'kingdee_get_schema', 'kingdee_list_cached_schemas', 'kingdee_get_schema', 'kingdee_get_schema', 'kingdee_query_materials', 'kingdee_query_materials', 'kingdee_describe_form', 'kingdee_describe_form', 'kingdee_query_materials', 'kingdee_query_materials', 'kingdee_query_materials']
[04/16/26 03:59:06] INFO     Processing request of type            server.py:727
                             CallToolRequest                                    
[04/16/26 03:59:09] INFO     Processing request of type            server.py:727
                             CallToolRequest                                    
[04/16/26 03:59:11] INFO     Processing request of type            server.py:727
                             CallToolRequest                                    
[04/16/26 03:59:14] INFO     Processing request of type            server.py:727
                             CallToolRequest                                    
[04/16/26 03:59:19] INFO     Processing request of type            server.py:727
                             CallToolRequest                                    
                    INFO     HTTP Request: POST                  _client.py:1740
                             http://erp1.enpack.com.cn:13580/k3C                
                             loud/Kingdee.BOS.WebApi.ServicesStu                
                             b.DynamicFormService.ExecuteBillQue                
                             ry.common.kdsvc "HTTP/1.1 200 OK"                  
[04/16/26 03:59:23] INFO     Processing request of type            server.py:727
                             CallToolRequest                                    
                    INFO     HTTP Request: POST                  _client.py:1740
                             http://erp1.enpack.com.cn:13580/k3C                
                             loud/Kingdee.BOS.WebApi.ServicesStu                
                             b.DynamicFormService.ExecuteBillQue                
                             ry.common.kdsvc "HTTP/1.1 200 OK"                  
[04/16/26 03:59:26] INFO     Processing request of type            server.py:727
                             CallToolRequest                                    
                    INFO     HTTP Request: POST                  _client.py:1740
                             http://erp1.enpack.com.cn:13580/k3C                
                             loud/Kingdee.BOS.WebApi.ServicesStu                
                             b.DynamicFormService.ExecuteBillQue                
                             ry.common.kdsvc "HTTP/1.1 200 OK"                  
[04/16/26 03:59:29] INFO     Processing request of type            server.py:727
                             CallToolRequest                                    
                    INFO     HTTP Request: POST                  _client.py:1740
                             http://erp1.enpack.com.cn:13580/k3C                
                             loud/Kingdee.BOS.WebApi.ServicesStu                
                             b.DynamicFormService.QueryBusinessI                
                             nfo.common.kdsvc "HTTP/1.1 200 OK"                 
[04/16/26 03:59:34] INFO     Processing request of type            server.py:727
                             CallToolRequest                                    
                    INFO     HTTP Request: POST                  _client.py:1740
                             http://erp1.enpack.com.cn:13580/k3C                
                             loud/Kingdee.BOS.WebApi.ServicesStu                
                             b.DynamicFormService.ExecuteBillQue                
                             ry.common.kdsvc "HTTP/1.1 200 OK"                  
[04/16/26 03:59:42] INFO     Processing request of type            server.py:727
                             CallToolRequest                                    
                    INFO     HTTP Request: POST                  _client.py:1740
                             http://erp1.enpack.com.cn:13580/k3C                
                             loud/Kingdee.BOS.WebApi.ServicesStu                
                             b.DynamicFormService.ExecuteBillQue                
                             ry.common.kdsvc "HTTP/1.1 200 OK"                  
[04/16/26 03:59:48] INFO     Processing request of type            server.py:727
                             CallToolRequest                                    
                    INFO     HTTP Request: POST                  _client.py:1740
                             http://erp1.enpack.com.cn:13580/k3C                
                             loud/Kingdee.BOS.WebApi.ServicesStu                
                             b.DynamicFormService.ExecuteBillQue                
                             ry.common.kdsvc "HTTP/1.1 200 OK"                  
[04/16/26 03:59:51] INFO     Processing request of type            server.py:727
                             CallToolRequest                                    
                    INFO     HTTP Request: POST                  _client.py:1740
                             http://erp1.enpack.com.cn:13580/k3C                
                             loud/Kingdee.BOS.WebApi.ServicesStu                
                             b.DynamicFormService.ExecuteBillQue                
                             ry.common.kdsvc "HTTP/1.1 200 OK"                  
[29/46] L5-03 (L5) — 10 fields / 12 tool calls: ['kingdee_list_cached_schemas', 'kingdee_get_schema', 'kingdee_get_schema', 'kingdee_get_schema', 'kingdee_query_bills', 'kingdee_search_forms_online', 'kingdee_search_forms_online', 'kingdee_describe_form', 'kingdee_query_bills', 'kingdee_query_bills', 'kingdee_query_bills', 'kingdee_query_bills']
[04/16/26 04:00:03] INFO     Processing request of type            server.py:727
                             CallToolRequest                                    
[04/16/26 04:00:06] INFO     Processing request of type            server.py:727
                             CallToolRequest                                    
[04/16/26 04:00:10] INFO     Processing request of type            server.py:727
                             CallToolRequest                                    
[04/16/26 04:00:12] INFO     Processing request of type            server.py:727
                             CallToolRequest                                    
[04/16/26 04:00:15] INFO     Processing request of type            server.py:727
                             CallToolRequest                                    
[04/16/26 04:00:20] INFO     Processing request of type            server.py:727
                             CallToolRequest                                    
                    INFO     HTTP Request: POST                  _client.py:1740
                             http://erp1.enpack.com.cn:13580/k3C                
                             loud/Kingdee.BOS.WebApi.ServicesStu                
                             b.DynamicFormService.ExecuteBillQue                
                             ry.common.kdsvc "HTTP/1.1 200 OK"                  
[04/16/26 04:00:24] INFO     Processing request of type            server.py:727
                             CallToolRequest                                    
                    INFO     HTTP Request: POST                  _client.py:1740
                             http://erp1.enpack.com.cn:13580/k3C                
                             loud/Kingdee.BOS.WebApi.ServicesStu                
                             b.DynamicFormService.ExecuteBillQue                
                             ry.common.kdsvc "HTTP/1.1 200 OK"                  
[04/16/26 04:00:27] INFO     Processing request of type            server.py:727
                             CallToolRequest                                    
                    INFO     HTTP Request: POST                  _client.py:1740
                             http://erp1.enpack.com.cn:13580/k3C                
                             loud/Kingdee.BOS.WebApi.ServicesStu                
                             b.DynamicFormService.ExecuteBillQue                
                             ry.common.kdsvc "HTTP/1.1 200 OK"                  
[04/16/26 04:00:31] INFO     Processing request of type            server.py:727
                             CallToolRequest                                    
                    INFO     HTTP Request: POST                  _client.py:1740
                             http://erp1.enpack.com.cn:13580/k3C                
                             loud/Kingdee.BOS.WebApi.ServicesStu                
                             b.DynamicFormService.ExecuteBillQue                
                             ry.common.kdsvc "HTTP/1.1 200 OK"                  
[04/16/26 04:00:34] INFO     Processing request of type            server.py:727
                             CallToolRequest                                    
[04/16/26 04:00:35] INFO     HTTP Request: POST                  _client.py:1740
                             http://erp1.enpack.com.cn:13580/k3C                
                             loud/Kingdee.BOS.WebApi.ServicesStu                
                             b.DynamicFormService.ExecuteBillQue                
                             ry.common.kdsvc "HTTP/1.1 200 OK"                  
[04/16/26 04:00:38] INFO     Processing request of type            server.py:727
                             CallToolRequest                                    
                    INFO     HTTP Request: POST                  _client.py:1740
                             http://erp1.enpack.com.cn:13580/k3C                
                             loud/Kingdee.BOS.WebApi.ServicesStu                
                             b.DynamicFormService.ExecuteBillQue                
                             ry.common.kdsvc "HTTP/1.1 200 OK"                  
[04/16/26 04:00:42] INFO     Processing request of type            server.py:727
                             CallToolRequest                                    
[30/46] L6-01 (L6) — 7 fields / 12 tool calls: ['kingdee_get_schema', 'kingdee_list_cached_schemas', 'kingdee_get_schema', 'kingdee_get_schema', 'kingdee_get_schema', 'kingdee_query_bills', 'kingdee_search_forms_online', 'kingdee_search_forms_online', 'kingdee_query_bills', 'kingdee_query_bills', 'kingdee_query_bills', 'kingdee_describe_form']
[04/16/26 04:00:50] INFO     Processing request of type            server.py:727
                             CallToolRequest                                    
[04/16/26 04:00:54] INFO     Processing request of type            server.py:727
                             CallToolRequest                                    
[04/16/26 04:00:57] INFO     Processing request of type            server.py:727
                             CallToolRequest                                    
[04/16/26 04:01:00] INFO     Processing request of type            server.py:727
                             CallToolRequest                                    
[04/16/26 04:01:02] INFO     Processing request of type            server.py:727
                             CallToolRequest                                    
[04/16/26 04:01:09] INFO     Processing request of type            server.py:727
                             CallToolRequest                                    
                    INFO     HTTP Request: POST                  _client.py:1740
                             http://erp1.enpack.com.cn:13580/k3C                
                             loud/Kingdee.BOS.WebApi.ServicesStu                
                             b.DynamicFormService.ExecuteBillQue                
                             ry.common.kdsvc "HTTP/1.1 200 OK"                  
[04/16/26 04:01:12] INFO     Processing request of type            server.py:727
                             CallToolRequest                                    
[04/16/26 04:01:18] INFO     Processing request of type            server.py:727
                             CallToolRequest                                    
                    INFO     HTTP Request: POST                  _client.py:1740
                             http://erp1.enpack.com.cn:13580/k3C                
                             loud/Kingdee.BOS.WebApi.ServicesStu                
                             b.DynamicFormService.ExecuteBillQue                
                             ry.common.kdsvc "HTTP/1.1 200 OK"                  
[04/16/26 04:01:24] INFO     Processing request of type            server.py:727
                             CallToolRequest                                    
                    INFO     HTTP Request: POST                  _client.py:1740
                             http://erp1.enpack.com.cn:13580/k3C                
                             loud/Kingdee.BOS.WebApi.ServicesStu                
                             b.DynamicFormService.ExecuteBillQue                
                             ry.common.kdsvc "HTTP/1.1 200 OK"                  
[04/16/26 04:01:30] INFO     Processing request of type            server.py:727
                             CallToolRequest                                    
                    INFO     HTTP Request: POST                  _client.py:1740
                             http://erp1.enpack.com.cn:13580/k3C                
                             loud/Kingdee.BOS.WebApi.ServicesStu                
                             b.DynamicFormService.ExecuteBillQue                
                             ry.common.kdsvc "HTTP/1.1 200 OK"                  
[04/16/26 04:01:33] INFO     Processing request of type            server.py:727
                             CallToolRequest                                    
[04/16/26 04:01:37] INFO     Processing request of type            server.py:727
                             CallToolRequest                                    
                    INFO     HTTP Request: POST                  _client.py:1740
                             http://erp1.enpack.com.cn:13580/k3C                
                             loud/Kingdee.BOS.WebApi.ServicesStu                
                             b.DynamicFormService.ExecuteBillQue                
                             ry.common.kdsvc "HTTP/1.1 200 OK"                  
[31/46] L6-02 (L6) — 9 fields / 12 tool calls: ['kingdee_list_cached_schemas', 'kingdee_get_schema', 'kingdee_get_schema', 'kingdee_get_schema', 'kingdee_get_relations', 'kingdee_query_bills', 'kingdee_get_schema', 'kingdee_query_bills', 'kingdee_query_bills', 'kingdee_query_materials', 'kingdee_get_schema', 'kingdee_query_materials']
[04/16/26 04:01:53] INFO     Processing request of type            server.py:727
                             CallToolRequest                                    
[04/16/26 04:01:57] INFO     Processing request of type            server.py:727
                             CallToolRequest                                    
[04/16/26 04:02:00] INFO     Processing request of type            server.py:727
                             CallToolRequest                                    
[04/16/26 04:02:03] INFO     Processing request of type            server.py:727
                             CallToolRequest                                    
[04/16/26 04:02:06] INFO     Processing request of type            server.py:727
                             CallToolRequest                                    
                    INFO     HTTP Request: POST                  _client.py:1740
                             http://erp1.enpack.com.cn:13580/k3C                
                             loud/Kingdee.BOS.WebApi.ServicesStu                
                             b.DynamicFormService.ExecuteBillQue                
                             ry.common.kdsvc "HTTP/1.1 200 OK"                  
[04/16/26 04:02:10] INFO     Processing request of type            server.py:727
                             CallToolRequest                                    
[04/16/26 04:02:11] INFO     HTTP Request: POST                  _client.py:1740
                             http://erp1.enpack.com.cn:13580/k3C                
                             loud/Kingdee.BOS.WebApi.ServicesStu                
                             b.DynamicFormService.ExecuteBillQue                
                             ry.common.kdsvc "HTTP/1.1 200 OK"                  
[04/16/26 04:02:15] INFO     Processing request of type            server.py:727
                             CallToolRequest                                    
                    INFO     HTTP Request: POST                  _client.py:1740
                             http://erp1.enpack.com.cn:13580/k3C                
                             loud/Kingdee.BOS.WebApi.ServicesStu                
                             b.DynamicFormService.ExecuteBillQue                
                             ry.common.kdsvc "HTTP/1.1 200 OK"                  
[04/16/26 04:02:19] INFO     Processing request of type            server.py:727
                             CallToolRequest                                    
                    INFO     HTTP Request: POST                  _client.py:1740
                             http://erp1.enpack.com.cn:13580/k3C                
                             loud/Kingdee.BOS.WebApi.ServicesStu                
                             b.DynamicFormService.ExecuteBillQue                
                             ry.common.kdsvc "HTTP/1.1 200 OK"                  
[04/16/26 04:02:23] INFO     Processing request of type            server.py:727
                             CallToolRequest                                    
                    INFO     HTTP Request: POST                  _client.py:1740
                             http://erp1.enpack.com.cn:13580/k3C                
                             loud/Kingdee.BOS.WebApi.ServicesStu                
                             b.DynamicFormService.ExecuteBillQue                
                             ry.common.kdsvc "HTTP/1.1 200 OK"                  
[04/16/26 04:02:27] INFO     Processing request of type            server.py:727
                             CallToolRequest                                    
                    INFO     HTTP Request: POST                  _client.py:1740
                             http://erp1.enpack.com.cn:13580/k3C                
                             loud/Kingdee.BOS.WebApi.ServicesStu                
                             b.DynamicFormService.ExecuteBillQue                
                             ry.common.kdsvc "HTTP/1.1 200 OK"                  
[04/16/26 04:02:31] INFO     Processing request of type            server.py:727
                             CallToolRequest                                    
                    INFO     HTTP Request: POST                  _client.py:1740
                             http://erp1.enpack.com.cn:13580/k3C                
                             loud/Kingdee.BOS.WebApi.ServicesStu                
                             b.DynamicFormService.ExecuteBillQue                
                             ry.common.kdsvc "HTTP/1.1 200 OK"                  
[04/16/26 04:02:36] INFO     Processing request of type            server.py:727
                             CallToolRequest                                    
                    INFO     HTTP Request: POST                  _client.py:1740
                             http://erp1.enpack.com.cn:13580/k3C                
                             loud/Kingdee.BOS.WebApi.ServicesStu                
                             b.DynamicFormService.ExecuteBillQue                
                             ry.common.kdsvc "HTTP/1.1 200 OK"                  
[32/46] L6-03 (L6) — 8 fields / 12 tool calls: ['kingdee_list_cached_schemas', 'kingdee_get_schema', 'kingdee_get_schema', 'kingdee_get_schema', 'kingdee_query_materials', 'kingdee_query_inventory', 'kingdee_query_bills', 'kingdee_query_materials', 'kingdee_query_inventory', 'kingdee_query_inventory', 'kingdee_query_bills', 'kingdee_query_bills']
[04/16/26 04:02:51] INFO     Processing request of type            server.py:727
                             CallToolRequest                                    
[04/16/26 04:02:54] INFO     Processing request of type            server.py:727
                             CallToolRequest                                    
[04/16/26 04:02:57] INFO     Processing request of type            server.py:727
                             CallToolRequest                                    
[04/16/26 04:02:59] INFO     Processing request of type            server.py:727
                             CallToolRequest                                    
                    INFO     HTTP Request: POST                  _client.py:1740
                             http://erp1.enpack.com.cn:13580/k3C                
                             loud/Kingdee.BOS.WebApi.ServicesStu                
                             b.DynamicFormService.ExecuteBillQue                
                             ry.common.kdsvc "HTTP/1.1 200 OK"                  
[04/16/26 04:03:03] INFO     Processing request of type            server.py:727
                             CallToolRequest                                    
                    INFO     HTTP Request: POST                  _client.py:1740
                             http://erp1.enpack.com.cn:13580/k3C                
                             loud/Kingdee.BOS.WebApi.ServicesStu                
                             b.DynamicFormService.ExecuteBillQue                
                             ry.common.kdsvc "HTTP/1.1 200 OK"                  
[04/16/26 04:03:05] INFO     Processing request of type            server.py:727
                             CallToolRequest                                    
                    INFO     HTTP Request: POST                  _client.py:1740
                             http://erp1.enpack.com.cn:13580/k3C                
                             loud/Kingdee.BOS.WebApi.ServicesStu                
                             b.DynamicFormService.ExecuteBillQue                
                             ry.common.kdsvc "HTTP/1.1 200 OK"                  
[04/16/26 04:03:10] INFO     Processing request of type            server.py:727
                             CallToolRequest                                    
                    INFO     HTTP Request: POST                  _client.py:1740
                             http://erp1.enpack.com.cn:13580/k3C                
                             loud/Kingdee.BOS.WebApi.ServicesStu                
                             b.DynamicFormService.ExecuteBillQue                
                             ry.common.kdsvc "HTTP/1.1 200 OK"                  
[04/16/26 04:03:13] INFO     Processing request of type            server.py:727
                             CallToolRequest                                    
                    INFO     HTTP Request: POST                  _client.py:1740
                             http://erp1.enpack.com.cn:13580/k3C                
                             loud/Kingdee.BOS.WebApi.ServicesStu                
                             b.DynamicFormService.QueryBusinessI                
                             nfo.common.kdsvc "HTTP/1.1 200 OK"                 
[04/16/26 04:03:17] INFO     Processing request of type            server.py:727
                             CallToolRequest                                    
                    INFO     HTTP Request: POST                  _client.py:1740
                             http://erp1.enpack.com.cn:13580/k3C                
                             loud/Kingdee.BOS.WebApi.ServicesStu                
                             b.DynamicFormService.QueryBusinessI                
                             nfo.common.kdsvc "HTTP/1.1 200 OK"                 
[04/16/26 04:03:21] INFO     Processing request of type            server.py:727
                             CallToolRequest                                    
                    INFO     HTTP Request: POST                  _client.py:1740
                             http://erp1.enpack.com.cn:13580/k3C                
                             loud/Kingdee.BOS.WebApi.ServicesStu                
                             b.DynamicFormService.QueryBusinessI                
                             nfo.common.kdsvc "HTTP/1.1 200 OK"                 
[04/16/26 04:03:28] INFO     Processing request of type            server.py:727
                             CallToolRequest                                    
                    INFO     HTTP Request: POST                  _client.py:1740
                             http://erp1.enpack.com.cn:13580/k3C                
                             loud/Kingdee.BOS.WebApi.ServicesStu                
                             b.DynamicFormService.ExecuteBillQue                
                             ry.common.kdsvc "HTTP/1.1 200 OK"                  
[04/16/26 04:03:32] INFO     Processing request of type            server.py:727
                             CallToolRequest                                    
[04/16/26 04:03:33] INFO     HTTP Request: POST                  _client.py:1740
                             http://erp1.enpack.com.cn:13580/k3C                
                             loud/Kingdee.BOS.WebApi.ServicesStu                
                             b.DynamicFormService.ExecuteBillQue                
                             ry.common.kdsvc "HTTP/1.1 200 OK"                  
[33/46] L6-04 (L6) — 11 fields / 12 tool calls: ['kingdee_list_cached_schemas', 'kingdee_search_forms_online', 'kingdee_search_forms_online', 'kingdee_search_forms_online', 'kingdee_search_forms_online', 'kingdee_search_forms_online', 'kingdee_query_bills', 'kingdee_get_schema', 'kingdee_get_schema', 'kingdee_get_schema', 'kingdee_query_bills', 'kingdee_query_bills']
[04/16/26 04:03:45] INFO     Processing request of type            server.py:727
                             CallToolRequest                                    
[04/16/26 04:03:48] INFO     Processing request of type            server.py:727
                             CallToolRequest                                    
[04/16/26 04:03:51] INFO     Processing request of type            server.py:727
                             CallToolRequest                                    
[04/16/26 04:03:54] INFO     Processing request of type            server.py:727
                             CallToolRequest                                    
[04/16/26 04:03:56] INFO     Processing request of type            server.py:727
                             CallToolRequest                                    
[04/16/26 04:04:00] INFO     Processing request of type            server.py:727
                             CallToolRequest                                    
                    INFO     HTTP Request: POST                  _client.py:1740
                             http://erp1.enpack.com.cn:13580/k3C                
                             loud/Kingdee.BOS.WebApi.ServicesStu                
                             b.DynamicFormService.ExecuteBillQue                
                             ry.common.kdsvc "HTTP/1.1 200 OK"                  
[04/16/26 04:04:03] INFO     Processing request of type            server.py:727
                             CallToolRequest                                    
                    INFO     HTTP Request: POST                  _client.py:1740
                             http://erp1.enpack.com.cn:13580/k3C                
                             loud/Kingdee.BOS.WebApi.ServicesStu                
                             b.DynamicFormService.ExecuteBillQue                
                             ry.common.kdsvc "HTTP/1.1 200 OK"                  
[04/16/26 04:04:07] INFO     Processing request of type            server.py:727
                             CallToolRequest                                    
                    INFO     HTTP Request: POST                  _client.py:1740
                             http://erp1.enpack.com.cn:13580/k3C                
                             loud/Kingdee.BOS.WebApi.ServicesStu                
                             b.DynamicFormService.ExecuteBillQue                
                             ry.common.kdsvc "HTTP/1.1 200 OK"                  
[04/16/26 04:04:11] INFO     Processing request of type            server.py:727
                             CallToolRequest                                    
                    INFO     HTTP Request: POST                  _client.py:1740
                             http://erp1.enpack.com.cn:13580/k3C                
                             loud/Kingdee.BOS.WebApi.ServicesStu                
                             b.DynamicFormService.ExecuteBillQue                
                             ry.common.kdsvc "HTTP/1.1 200 OK"                  
[04/16/26 04:04:14] INFO     Processing request of type            server.py:727
                             CallToolRequest                                    
                    INFO     HTTP Request: POST                  _client.py:1740
                             http://erp1.enpack.com.cn:13580/k3C                
                             loud/Kingdee.BOS.WebApi.ServicesStu                
                             b.DynamicFormService.ExecuteBillQue                
                             ry.common.kdsvc "HTTP/1.1 200 OK"                  
[04/16/26 04:04:17] INFO     Processing request of type            server.py:727
                             CallToolRequest                                    
[04/16/26 04:04:20] INFO     Processing request of type            server.py:727
                             CallToolRequest                                    
[34/46] L6-05 (L6) — 11 fields / 12 tool calls: ['kingdee_list_cached_schemas', 'kingdee_get_schema', 'kingdee_get_schema', 'kingdee_get_schema', 'kingdee_get_schema', 'kingdee_query_bills', 'kingdee_search_forms_online', 'kingdee_query_bills', 'kingdee_query_bills', 'kingdee_query_bills', 'kingdee_get_schema', 'kingdee_describe_form']
[04/16/26 04:04:35] INFO     Processing request of type            server.py:727
                             CallToolRequest                                    
[04/16/26 04:04:38] INFO     Processing request of type            server.py:727
                             CallToolRequest                                    
[04/16/26 04:04:41] INFO     Processing request of type            server.py:727
                             CallToolRequest                                    
[04/16/26 04:04:44] INFO     Processing request of type            server.py:727
                             CallToolRequest                                    
[04/16/26 04:04:46] INFO     Processing request of type            server.py:727
                             CallToolRequest                                    
[04/16/26 04:04:49] INFO     Processing request of type            server.py:727
                             CallToolRequest                                    
                    INFO     HTTP Request: POST                  _client.py:1740
                             http://erp1.enpack.com.cn:13580/k3C                
                             loud/Kingdee.BOS.WebApi.ServicesStu                
                             b.DynamicFormService.ExecuteBillQue                
                             ry.common.kdsvc "HTTP/1.1 200 OK"                  
[04/16/26 04:04:54] INFO     Processing request of type            server.py:727
                             CallToolRequest                                    
                    INFO     HTTP Request: POST                  _client.py:1740
                             http://erp1.enpack.com.cn:13580/k3C                
                             loud/Kingdee.BOS.WebApi.ServicesStu                
                             b.DynamicFormService.ExecuteBillQue                
                             ry.common.kdsvc "HTTP/1.1 200 OK"                  
[04/16/26 04:04:59] INFO     Processing request of type            server.py:727
                             CallToolRequest                                    
                    INFO     HTTP Request: POST                  _client.py:1740
                             http://erp1.enpack.com.cn:13580/k3C                
                             loud/Kingdee.BOS.WebApi.ServicesStu                
                             b.DynamicFormService.ExecuteBillQue                
                             ry.common.kdsvc "HTTP/1.1 200 OK"                  
[04/16/26 04:05:03] INFO     Processing request of type            server.py:727
                             CallToolRequest                                    
                    INFO     HTTP Request: POST                  _client.py:1740
                             http://erp1.enpack.com.cn:13580/k3C                
                             loud/Kingdee.BOS.WebApi.ServicesStu                
                             b.DynamicFormService.ExecuteBillQue                
                             ry.common.kdsvc "HTTP/1.1 200 OK"                  
[04/16/26 04:05:07] INFO     Processing request of type            server.py:727
                             CallToolRequest                                    
                    INFO     HTTP Request: POST                  _client.py:1740
                             http://erp1.enpack.com.cn:13580/k3C                
                             loud/Kingdee.BOS.WebApi.ServicesStu                
                             b.DynamicFormService.ExecuteBillQue                
                             ry.common.kdsvc "HTTP/1.1 200 OK"                  
[04/16/26 04:05:10] INFO     Processing request of type            server.py:727
                             CallToolRequest                                    
[04/16/26 04:05:11] INFO     HTTP Request: POST                  _client.py:1740
                             http://erp1.enpack.com.cn:13580/k3C                
                             loud/Kingdee.BOS.WebApi.ServicesStu                
                             b.DynamicFormService.ExecuteBillQue                
                             ry.common.kdsvc "HTTP/1.1 200 OK"                  
[04/16/26 04:05:14] INFO     Processing request of type            server.py:727
                             CallToolRequest                                    
                    INFO     HTTP Request: POST                  _client.py:1740
                             http://erp1.enpack.com.cn:13580/k3C                
                             loud/Kingdee.BOS.WebApi.ServicesStu                
                             b.DynamicFormService.ExecuteBillQue                
                             ry.common.kdsvc "HTTP/1.1 200 OK"                  
[35/46] L6-06 (L6) — 15 fields / 12 tool calls: ['kingdee_list_cached_schemas', 'kingdee_get_schema', 'kingdee_get_schema', 'kingdee_get_schema', 'kingdee_get_schema', 'kingdee_query_materials', 'kingdee_query_inventory', 'kingdee_query_inventory', 'kingdee_query_bills', 'kingdee_query_bills', 'kingdee_query_bills', 'kingdee_query_bills']
[04/16/26 04:05:28] INFO     Processing request of type            server.py:727
                             CallToolRequest                                    
[04/16/26 04:05:32] INFO     Processing request of type            server.py:727
                             CallToolRequest                                    
[04/16/26 04:05:34] INFO     Processing request of type            server.py:727
                             CallToolRequest                                    
[04/16/26 04:05:37] INFO     Processing request of type            server.py:727
                             CallToolRequest                                    
[04/16/26 04:05:39] INFO     Processing request of type            server.py:727
                             CallToolRequest                                    
[04/16/26 04:05:42] INFO     Processing request of type            server.py:727
                             CallToolRequest                                    
[04/16/26 04:05:46] INFO     Processing request of type            server.py:727
                             CallToolRequest                                    
                    INFO     HTTP Request: POST                  _client.py:1740
                             http://erp1.enpack.com.cn:13580/k3C                
                             loud/Kingdee.BOS.WebApi.ServicesStu                
                             b.DynamicFormService.ExecuteBillQue                
                             ry.common.kdsvc "HTTP/1.1 200 OK"                  
[04/16/26 04:05:49] INFO     Processing request of type            server.py:727
                             CallToolRequest                                    
                    INFO     HTTP Request: POST                  _client.py:1740
                             http://erp1.enpack.com.cn:13580/k3C                
                             loud/Kingdee.BOS.WebApi.ServicesStu                
                             b.DynamicFormService.ExecuteBillQue                
                             ry.common.kdsvc "HTTP/1.1 200 OK"                  
[04/16/26 04:05:52] INFO     Processing request of type            server.py:727
                             CallToolRequest                                    
                    INFO     HTTP Request: POST                  _client.py:1740
                             http://erp1.enpack.com.cn:13580/k3C                
                             loud/Kingdee.BOS.WebApi.ServicesStu                
                             b.DynamicFormService.ExecuteBillQue                
                             ry.common.kdsvc "HTTP/1.1 200 OK"                  
[04/16/26 04:05:55] INFO     Processing request of type            server.py:727
                             CallToolRequest                                    
                    INFO     HTTP Request: POST                  _client.py:1740
                             http://erp1.enpack.com.cn:13580/k3C                
                             loud/Kingdee.BOS.WebApi.ServicesStu                
                             b.DynamicFormService.ExecuteBillQue                
                             ry.common.kdsvc "HTTP/1.1 200 OK"                  
[04/16/26 04:05:57] INFO     Processing request of type            server.py:727
                             CallToolRequest                                    
                    INFO     HTTP Request: POST                  _client.py:1740
                             http://erp1.enpack.com.cn:13580/k3C                
                             loud/Kingdee.BOS.WebApi.ServicesStu                
                             b.DynamicFormService.ExecuteBillQue                
                             ry.common.kdsvc "HTTP/1.1 200 OK"                  
[04/16/26 04:06:00] INFO     Processing request of type            server.py:727
                             CallToolRequest                                    
[36/46] L6-07 (L6) — 7 fields / 12 tool calls: ['kingdee_list_cached_schemas', 'kingdee_get_schema', 'kingdee_get_schema', 'kingdee_get_schema', 'kingdee_search_forms_online', 'kingdee_search_forms_online', 'kingdee_query_bills', 'kingdee_query_bills', 'kingdee_search_forms_online', 'kingdee_search_forms_online', 'kingdee_search_forms_online', 'kingdee_get_schema']
[04/16/26 04:06:12] INFO     Processing request of type            server.py:727
                             CallToolRequest                                    
[04/16/26 04:06:15] INFO     Processing request of type            server.py:727
                             CallToolRequest                                    
[04/16/26 04:06:18] INFO     Processing request of type            server.py:727
                             CallToolRequest                                    
[04/16/26 04:06:21] INFO     Processing request of type            server.py:727
                             CallToolRequest                                    
                    INFO     HTTP Request: POST                  _client.py:1740
                             http://erp1.enpack.com.cn:13580/k3C                
                             loud/Kingdee.BOS.WebApi.ServicesStu                
                             b.DynamicFormService.ExecuteBillQue                
                             ry.common.kdsvc "HTTP/1.1 200 OK"                  
[04/16/26 04:06:24] INFO     Processing request of type            server.py:727
                             CallToolRequest                                    
                    INFO     HTTP Request: POST                  _client.py:1740
                             http://erp1.enpack.com.cn:13580/k3C                
                             loud/Kingdee.BOS.WebApi.ServicesStu                
                             b.DynamicFormService.ExecuteBillQue                
                             ry.common.kdsvc "HTTP/1.1 200 OK"                  
[04/16/26 04:06:27] INFO     Processing request of type            server.py:727
                             CallToolRequest                                    
                    INFO     HTTP Request: POST                  _client.py:1740
                             http://erp1.enpack.com.cn:13580/k3C                
                             loud/Kingdee.BOS.WebApi.ServicesStu                
                             b.DynamicFormService.ExecuteBillQue                
                             ry.common.kdsvc "HTTP/1.1 200 OK"                  
[04/16/26 04:06:29] INFO     Processing request of type            server.py:727
                             CallToolRequest                                    
[04/16/26 04:06:32] INFO     Processing request of type            server.py:727
                             CallToolRequest                                    
[04/16/26 04:06:37] INFO     Processing request of type            server.py:727
                             CallToolRequest                                    
                    INFO     HTTP Request: POST                  _client.py:1740
                             http://erp1.enpack.com.cn:13580/k3C                
                             loud/Kingdee.BOS.WebApi.ServicesStu                
                             b.DynamicFormService.ExecuteBillQue                
                             ry.common.kdsvc "HTTP/1.1 200 OK"                  
[04/16/26 04:06:41] INFO     Processing request of type            server.py:727
                             CallToolRequest                                    
                    INFO     HTTP Request: POST                  _client.py:1740
                             http://erp1.enpack.com.cn:13580/k3C                
                             loud/Kingdee.BOS.WebApi.ServicesStu                
                             b.DynamicFormService.ExecuteBillQue                
                             ry.common.kdsvc "HTTP/1.1 200 OK"                  
[04/16/26 04:06:44] INFO     Processing request of type            server.py:727
                             CallToolRequest                                    
                    INFO     HTTP Request: POST                  _client.py:1740
                             http://erp1.enpack.com.cn:13580/k3C                
                             loud/Kingdee.BOS.WebApi.ServicesStu                
                             b.DynamicFormService.ExecuteBillQue                
                             ry.common.kdsvc "HTTP/1.1 200 OK"                  
[04/16/26 04:06:47] INFO     Processing request of type            server.py:727
                             CallToolRequest                                    
                    INFO     HTTP Request: POST                  _client.py:1740
                             http://erp1.enpack.com.cn:13580/k3C                
                             loud/Kingdee.BOS.WebApi.ServicesStu                
                             b.DynamicFormService.ExecuteBillQue                
                             ry.common.kdsvc "HTTP/1.1 200 OK"                  
[37/46] L7-01 (L7) — 9 fields / 12 tool calls: ['kingdee_list_cached_schemas', 'kingdee_search_forms_online', 'kingdee_search_forms_online', 'kingdee_search_forms_online', 'kingdee_search_forms_online', 'kingdee_search_forms_online', 'kingdee_get_schema', 'kingdee_get_schema', 'kingdee_query_bills', 'kingdee_query_bills', 'kingdee_search_forms_online', 'kingdee_search_forms_online']
[04/16/26 04:06:56] INFO     Processing request of type            server.py:727
                             CallToolRequest                                    
[04/16/26 04:07:00] INFO     Processing request of type            server.py:727
                             CallToolRequest                                    
[04/16/26 04:07:02] INFO     Processing request of type            server.py:727
                             CallToolRequest                                    
[04/16/26 04:07:05] INFO     Processing request of type            server.py:727
                             CallToolRequest                                    
[04/16/26 04:07:08] INFO     Processing request of type            server.py:727
                             CallToolRequest                                    
[04/16/26 04:07:11] INFO     Processing request of type            server.py:727
                             CallToolRequest                                    
                    INFO     HTTP Request: POST                  _client.py:1740
                             http://erp1.enpack.com.cn:13580/k3C                
                             loud/Kingdee.BOS.WebApi.ServicesStu                
                             b.DynamicFormService.ExecuteBillQue                
                             ry.common.kdsvc "HTTP/1.1 200 OK"                  
[04/16/26 04:07:14] INFO     Processing request of type            server.py:727
                             CallToolRequest                                    
                    INFO     HTTP Request: POST                  _client.py:1740
                             http://erp1.enpack.com.cn:13580/k3C                
                             loud/Kingdee.BOS.WebApi.ServicesStu                
                             b.DynamicFormService.ExecuteBillQue                
                             ry.common.kdsvc "HTTP/1.1 200 OK"                  
[04/16/26 04:07:17] INFO     Processing request of type            server.py:727
                             CallToolRequest                                    
                    INFO     HTTP Request: POST                  _client.py:1740
                             http://erp1.enpack.com.cn:13580/k3C                
                             loud/Kingdee.BOS.WebApi.ServicesStu                
                             b.DynamicFormService.ExecuteBillQue                
                             ry.common.kdsvc "HTTP/1.1 200 OK"                  
[04/16/26 04:07:20] INFO     Processing request of type            server.py:727
                             CallToolRequest                                    
[04/16/26 04:07:22] INFO     Processing request of type            server.py:727
                             CallToolRequest                                    
[04/16/26 04:07:26] INFO     Processing request of type            server.py:727
                             CallToolRequest                                    
[04/16/26 04:07:27] INFO     HTTP Request: POST                  _client.py:1740
                             http://erp1.enpack.com.cn:13580/k3C                
                             loud/Kingdee.BOS.WebApi.ServicesStu                
                             b.DynamicFormService.ExecuteBillQue                
                             ry.common.kdsvc "HTTP/1.1 200 OK"                  
[04/16/26 04:07:29] INFO     Processing request of type            server.py:727
                             CallToolRequest                                    
                    INFO     HTTP Request: POST                  _client.py:1740
                             http://erp1.enpack.com.cn:13580/k3C                
                             loud/Kingdee.BOS.WebApi.ServicesStu                
                             b.DynamicFormService.ExecuteBillQue                
                             ry.common.kdsvc "HTTP/1.1 200 OK"                  
[38/46] L7-02 (L7) — 5 fields / 12 tool calls: ['kingdee_list_cached_schemas', 'kingdee_search_forms_online', 'kingdee_search_forms_online', 'kingdee_search_forms_online', 'kingdee_search_forms_online', 'kingdee_search_forms_online', 'kingdee_search_forms_online', 'kingdee_search_forms_online', 'kingdee_get_schema', 'kingdee_get_schema', 'kingdee_search_forms_online', 'kingdee_search_forms_online']
[04/16/26 04:07:39] INFO     Processing request of type            server.py:727
                             CallToolRequest                                    
[04/16/26 04:07:43] INFO     Processing request of type            server.py:727
                             CallToolRequest                                    
[04/16/26 04:07:45] INFO     Processing request of type            server.py:727
                             CallToolRequest                                    
[04/16/26 04:07:48] INFO     Processing request of type            server.py:727
                             CallToolRequest                                    
[04/16/26 04:07:50] INFO     Processing request of type            server.py:727
                             CallToolRequest                                    
[04/16/26 04:07:53] INFO     Processing request of type            server.py:727
                             CallToolRequest                                    
[04/16/26 04:07:57] INFO     Processing request of type            server.py:727
                             CallToolRequest                                    
[04/16/26 04:08:02] INFO     Processing request of type            server.py:727
                             CallToolRequest                                    
                    INFO     HTTP Request: POST                  _client.py:1740
                             http://erp1.enpack.com.cn:13580/k3C                
                             loud/Kingdee.BOS.WebApi.ServicesStu                
                             b.DynamicFormService.ExecuteBillQue                
                             ry.common.kdsvc "HTTP/1.1 200 OK"                  
[04/16/26 04:08:05] INFO     Processing request of type            server.py:727
                             CallToolRequest                                    
                    INFO     HTTP Request: POST                  _client.py:1740
                             http://erp1.enpack.com.cn:13580/k3C                
                             loud/Kingdee.BOS.WebApi.ServicesStu                
                             b.DynamicFormService.ExecuteBillQue                
                             ry.common.kdsvc "HTTP/1.1 200 OK"                  
[04/16/26 04:08:09] INFO     Processing request of type            server.py:727
                             CallToolRequest                                    
                    INFO     HTTP Request: POST                  _client.py:1740
                             http://erp1.enpack.com.cn:13580/k3C                
                             loud/Kingdee.BOS.WebApi.ServicesStu                
                             b.DynamicFormService.ExecuteBillQue                
                             ry.common.kdsvc "HTTP/1.1 200 OK"                  
[04/16/26 04:08:13] INFO     Processing request of type            server.py:727
                             CallToolRequest                                    
                    INFO     HTTP Request: POST                  _client.py:1740
                             http://erp1.enpack.com.cn:13580/k3C                
                             loud/Kingdee.BOS.WebApi.ServicesStu                
                             b.DynamicFormService.ExecuteBillQue                
                             ry.common.kdsvc "HTTP/1.1 200 OK"                  
[04/16/26 04:08:18] INFO     Processing request of type            server.py:727
                             CallToolRequest                                    
                    INFO     HTTP Request: POST                  _client.py:1740
                             http://erp1.enpack.com.cn:13580/k3C                
                             loud/Kingdee.BOS.WebApi.ServicesStu                
                             b.DynamicFormService.ExecuteBillQue                
                             ry.common.kdsvc "HTTP/1.1 200 OK"                  
[39/46] L7-03 (L7) — 8 fields / 12 tool calls: ['kingdee_list_cached_schemas', 'kingdee_search_forms_online', 'kingdee_search_forms_online', 'kingdee_search_forms_online', 'kingdee_get_schema', 'kingdee_get_schema', 'kingdee_query_bills', 'kingdee_query_bills', 'kingdee_query_materials', 'kingdee_query_bills', 'kingdee_query_bills', 'kingdee_query_bills']
[04/16/26 04:08:28] INFO     Processing request of type            server.py:727
                             CallToolRequest                                    
[04/16/26 04:08:32] INFO     Processing request of type            server.py:727
                             CallToolRequest                                    
[04/16/26 04:08:34] INFO     Processing request of type            server.py:727
                             CallToolRequest                                    
[04/16/26 04:08:37] INFO     Processing request of type            server.py:727
                             CallToolRequest                                    
[04/16/26 04:08:40] INFO     Processing request of type            server.py:727
                             CallToolRequest                                    
[04/16/26 04:08:43] INFO     Processing request of type            server.py:727
                             CallToolRequest                                    
                    INFO     HTTP Request: POST                  _client.py:1740
                             http://erp1.enpack.com.cn:13580/k3C                
                             loud/Kingdee.BOS.WebApi.ServicesStu                
                             b.DynamicFormService.ExecuteBillQue                
                             ry.common.kdsvc "HTTP/1.1 200 OK"                  
[04/16/26 04:08:46] INFO     Processing request of type            server.py:727
                             CallToolRequest                                    
                    INFO     HTTP Request: POST                  _client.py:1740
                             http://erp1.enpack.com.cn:13580/k3C                
                             loud/Kingdee.BOS.WebApi.ServicesStu                
                             b.DynamicFormService.ExecuteBillQue                
                             ry.common.kdsvc "HTTP/1.1 200 OK"                  
[04/16/26 04:08:49] INFO     Processing request of type            server.py:727
                             CallToolRequest                                    
[04/16/26 04:08:52] INFO     Processing request of type            server.py:727
                             CallToolRequest                                    
[04/16/26 04:08:55] INFO     Processing request of type            server.py:727
                             CallToolRequest                                    
[04/16/26 04:08:58] INFO     Processing request of type            server.py:727
                             CallToolRequest                                    
                    INFO     HTTP Request: POST                  _client.py:1740
                             http://erp1.enpack.com.cn:13580/k3C                
                             loud/Kingdee.BOS.WebApi.ServicesStu                
                             b.DynamicFormService.ExecuteBillQue                
                             ry.common.kdsvc "HTTP/1.1 200 OK"                  
[04/16/26 04:09:02] INFO     Processing request of type            server.py:727
                             CallToolRequest                                    
                    INFO     HTTP Request: POST                  _client.py:1740
                             http://erp1.enpack.com.cn:13580/k3C                
                             loud/Kingdee.BOS.WebApi.ServicesStu                
                             b.DynamicFormService.ExecuteBillQue                
                             ry.common.kdsvc "HTTP/1.1 200 OK"                  
[40/46] L7-04 (L7) — 12 fields / 12 tool calls: ['kingdee_list_cached_schemas', 'kingdee_search_forms_online', 'kingdee_search_forms_online', 'kingdee_get_schema', 'kingdee_get_schema', 'kingdee_query_bills', 'kingdee_query_fixed_assets', 'kingdee_search_forms_online', 'kingdee_search_forms_online', 'kingdee_search_forms_online', 'kingdee_query_bills', 'kingdee_query_bills']
[04/16/26 04:09:11] INFO     Processing request of type            server.py:727
                             CallToolRequest                                    
[04/16/26 04:09:14] INFO     Processing request of type            server.py:727
                             CallToolRequest                                    
[04/16/26 04:09:17] INFO     Processing request of type            server.py:727
                             CallToolRequest                                    
[04/16/26 04:09:19] INFO     Processing request of type            server.py:727
                             CallToolRequest                                    
                    INFO     HTTP Request: POST                  _client.py:1740
                             http://erp1.enpack.com.cn:13580/k3C                
                             loud/Kingdee.BOS.WebApi.ServicesStu                
                             b.DynamicFormService.ExecuteBillQue                
                             ry.common.kdsvc "HTTP/1.1 200 OK"                  
[04/16/26 04:09:23] INFO     Processing request of type            server.py:727
                             CallToolRequest                                    
                    INFO     HTTP Request: POST                  _client.py:1740
                             http://erp1.enpack.com.cn:13580/k3C                
                             loud/Kingdee.BOS.WebApi.ServicesStu                
                             b.DynamicFormService.ExecuteBillQue                
                             ry.common.kdsvc "HTTP/1.1 200 OK"                  
[04/16/26 04:09:25] INFO     Processing request of type            server.py:727
                             CallToolRequest                                    
                    INFO     HTTP Request: POST                  _client.py:1740
                             http://erp1.enpack.com.cn:13580/k3C                
                             loud/Kingdee.BOS.WebApi.ServicesStu                
                             b.DynamicFormService.ExecuteBillQue                
                             ry.common.kdsvc "HTTP/1.1 200 OK"                  
[04/16/26 04:09:28] INFO     Processing request of type            server.py:727
                             CallToolRequest                                    
                    INFO     HTTP Request: POST                  _client.py:1740
                             http://erp1.enpack.com.cn:13580/k3C                
                             loud/Kingdee.BOS.WebApi.ServicesStu                
                             b.DynamicFormService.ExecuteBillQue                
                             ry.common.kdsvc "HTTP/1.1 200 OK"                  
[04/16/26 04:09:30] INFO     Processing request of type            server.py:727
                             CallToolRequest                                    
                    INFO     HTTP Request: POST                  _client.py:1740
                             http://erp1.enpack.com.cn:13580/k3C                
                             loud/Kingdee.BOS.WebApi.ServicesStu                
                             b.DynamicFormService.ExecuteBillQue                
                             ry.common.kdsvc "HTTP/1.1 200 OK"                  
[04/16/26 04:09:34] INFO     Processing request of type            server.py:727
                             CallToolRequest                                    
[04/16/26 04:09:37] INFO     Processing request of type            server.py:727
                             CallToolRequest                                    
[04/16/26 04:09:38] INFO     HTTP Request: POST                  _client.py:1740
                             http://erp1.enpack.com.cn:13580/k3C                
                             loud/Kingdee.BOS.WebApi.ServicesStu                
                             b.DynamicFormService.ExecuteBillQue                
                             ry.common.kdsvc "HTTP/1.1 200 OK"                  
[04/16/26 04:09:41] INFO     Processing request of type            server.py:727
                             CallToolRequest                                    
                    INFO     HTTP Request: POST                  _client.py:1740
                             http://erp1.enpack.com.cn:13580/k3C                
                             loud/Kingdee.BOS.WebApi.ServicesStu                
                             b.DynamicFormService.ExecuteBillQue                
                             ry.common.kdsvc "HTTP/1.1 200 OK"                  
[04/16/26 04:09:44] INFO     Processing request of type            server.py:727
                             CallToolRequest                                    
                    INFO     HTTP Request: POST                  _client.py:1740
                             http://erp1.enpack.com.cn:13580/k3C                
                             loud/Kingdee.BOS.WebApi.ServicesStu                
                             b.DynamicFormService.ExecuteBillQue                
                             ry.common.kdsvc "HTTP/1.1 200 OK"                  
[41/46] L7-05 (L7) — 7 fields / 12 tool calls: ['kingdee_list_cached_schemas', 'kingdee_search_forms_online', 'kingdee_search_forms_online', 'kingdee_search_forms_online', 'kingdee_search_forms_online', 'kingdee_search_forms_online', 'kingdee_search_forms_online', 'kingdee_search_forms_online', 'kingdee_get_schema', 'kingdee_query_bills', 'kingdee_search_forms_online', 'kingdee_search_forms_online']
[04/16/26 04:09:52] INFO     Processing request of type            server.py:727
                             CallToolRequest                                    
[04/16/26 04:09:55] INFO     Processing request of type            server.py:727
                             CallToolRequest                                    
[04/16/26 04:09:57] INFO     Processing request of type            server.py:727
                             CallToolRequest                                    
[04/16/26 04:10:00] INFO     Processing request of type            server.py:727
                             CallToolRequest                                    
[04/16/26 04:10:03] INFO     Processing request of type            server.py:727
                             CallToolRequest                                    
[04/16/26 04:10:07] INFO     Processing request of type            server.py:727
                             CallToolRequest                                    
                    INFO     HTTP Request: POST                  _client.py:1740
                             http://erp1.enpack.com.cn:13580/k3C                
                             loud/Kingdee.BOS.WebApi.ServicesStu                
                             b.DynamicFormService.ExecuteBillQue                
                             ry.common.kdsvc "HTTP/1.1 200 OK"                  
[04/16/26 04:10:09] INFO     Processing request of type            server.py:727
                             CallToolRequest                                    
[04/16/26 04:10:12] INFO     Processing request of type            server.py:727
                             CallToolRequest                                    
[04/16/26 04:10:13] INFO     HTTP Request: POST                  _client.py:1740
                             http://erp1.enpack.com.cn:13580/k3C                
                             loud/Kingdee.BOS.WebApi.ServicesStu                
                             b.DynamicFormService.ExecuteBillQue                
                             ry.common.kdsvc "HTTP/1.1 200 OK"                  
[04/16/26 04:10:16] INFO     Processing request of type            server.py:727
                             CallToolRequest                                    
                    INFO     HTTP Request: POST                  _client.py:1740
                             http://erp1.enpack.com.cn:13580/k3C                
                             loud/Kingdee.BOS.WebApi.ServicesStu                
                             b.DynamicFormService.ExecuteBillQue                
                             ry.common.kdsvc "HTTP/1.1 200 OK"                  
[04/16/26 04:10:20] INFO     Processing request of type            server.py:727
                             CallToolRequest                                    
                    INFO     HTTP Request: POST                  _client.py:1740
                             http://erp1.enpack.com.cn:13580/k3C                
                             loud/Kingdee.BOS.WebApi.ServicesStu                
                             b.DynamicFormService.ExecuteBillQue                
                             ry.common.kdsvc "HTTP/1.1 200 OK"                  
[04/16/26 04:10:23] INFO     Processing request of type            server.py:727
                             CallToolRequest                                    
                    INFO     HTTP Request: POST                  _client.py:1740
                             http://erp1.enpack.com.cn:13580/k3C                
                             loud/Kingdee.BOS.WebApi.ServicesStu                
                             b.DynamicFormService.ExecuteBillQue                
                             ry.common.kdsvc "HTTP/1.1 200 OK"                  
[04/16/26 04:10:26] INFO     Processing request of type            server.py:727
                             CallToolRequest                                    
                    INFO     HTTP Request: POST                  _client.py:1740
                             http://erp1.enpack.com.cn:13580/k3C                
                             loud/Kingdee.BOS.WebApi.ServicesStu                
                             b.DynamicFormService.ExecuteBillQue                
                             ry.common.kdsvc "HTTP/1.1 200 OK"                  
[42/46] L7-06 (L7) — 10 fields / 12 tool calls: ['kingdee_list_cached_schemas', 'kingdee_search_forms_online', 'kingdee_search_forms_online', 'kingdee_search_forms_online', 'kingdee_get_schema', 'kingdee_query_bills', 'kingdee_describe_form', 'kingdee_query_bills', 'kingdee_query_bills', 'kingdee_query_bills', 'kingdee_query_bills', 'kingdee_query_materials']
[04/16/26 04:10:34] INFO     Processing request of type            server.py:727
                             CallToolRequest                                    
[04/16/26 04:10:37] INFO     Processing request of type            server.py:727
                             CallToolRequest                                    
[04/16/26 04:10:39] INFO     Processing request of type            server.py:727
                             CallToolRequest                                    
[04/16/26 04:10:41] INFO     Processing request of type            server.py:727
                             CallToolRequest                                    
[04/16/26 04:10:45] INFO     Processing request of type            server.py:727
                             CallToolRequest                                    
                    INFO     HTTP Request: POST                  _client.py:1740
                             http://erp1.enpack.com.cn:13580/k3C                
                             loud/Kingdee.BOS.WebApi.ServicesStu                
                             b.DynamicFormService.ExecuteBillQue                
                             ry.common.kdsvc "HTTP/1.1 200 OK"                  
[04/16/26 04:10:49] INFO     Processing request of type            server.py:727
                             CallToolRequest                                    
                    INFO     HTTP Request: POST                  _client.py:1740
                             http://erp1.enpack.com.cn:13580/k3C                
                             loud/Kingdee.BOS.WebApi.ServicesStu                
                             b.DynamicFormService.ExecuteBillQue                
                             ry.common.kdsvc "HTTP/1.1 200 OK"                  
[04/16/26 04:10:51] INFO     Processing request of type            server.py:727
                             CallToolRequest                                    
[04/16/26 04:10:56] INFO     Processing request of type            server.py:727
                             CallToolRequest                                    
                    INFO     HTTP Request: POST                  _client.py:1740
                             http://erp1.enpack.com.cn:13580/k3C                
                             loud/Kingdee.BOS.WebApi.ServicesStu                
                             b.DynamicFormService.ExecuteBillQue                
                             ry.common.kdsvc "HTTP/1.1 200 OK"                  
[04/16/26 04:11:02] INFO     Processing request of type            server.py:727
                             CallToolRequest                                    
                    INFO     HTTP Request: POST                  _client.py:1740
                             http://erp1.enpack.com.cn:13580/k3C                
                             loud/Kingdee.BOS.WebApi.ServicesStu                
                             b.DynamicFormService.ExecuteBillQue                
                             ry.common.kdsvc "HTTP/1.1 200 OK"                  
[04/16/26 04:11:07] INFO     Processing request of type            server.py:727
                             CallToolRequest                                    
                    INFO     HTTP Request: POST                  _client.py:1740
                             http://erp1.enpack.com.cn:13580/k3C                
                             loud/Kingdee.BOS.WebApi.ServicesStu                
                             b.DynamicFormService.ExecuteBillQue                
                             ry.common.kdsvc "HTTP/1.1 200 OK"                  
[04/16/26 04:11:11] INFO     Processing request of type            server.py:727
                             CallToolRequest                                    
                    INFO     HTTP Request: POST                  _client.py:1740
                             http://erp1.enpack.com.cn:13580/k3C                
                             loud/Kingdee.BOS.WebApi.ServicesStu                
                             b.DynamicFormService.ExecuteBillQue                
                             ry.common.kdsvc "HTTP/1.1 200 OK"                  
[04/16/26 04:11:15] INFO     Processing request of type            server.py:727
                             CallToolRequest                                    
                    INFO     HTTP Request: POST                  _client.py:1740
                             http://erp1.enpack.com.cn:13580/k3C                
                             loud/Kingdee.BOS.WebApi.ServicesStu                
                             b.DynamicFormService.ExecuteBillQue                
                             ry.common.kdsvc "HTTP/1.1 200 OK"                  
[43/46] L8-01 (L8) — 19 fields / 12 tool calls: ['kingdee_list_cached_schemas', 'kingdee_get_schema', 'kingdee_get_schema', 'kingdee_get_schema', 'kingdee_query_bills', 'kingdee_query_bills', 'kingdee_get_relations', 'kingdee_query_bills', 'kingdee_query_bills', 'kingdee_query_bills', 'kingdee_search_forms_online', 'kingdee_search_forms_online']
[04/16/26 04:11:35] INFO     Processing request of type            server.py:727
                             CallToolRequest                                    
[04/16/26 04:11:39] INFO     Processing request of type            server.py:727
                             CallToolRequest                                    
[04/16/26 04:11:42] INFO     Processing request of type            server.py:727
                             CallToolRequest                                    
[04/16/26 04:11:45] INFO     Processing request of type            server.py:727
                             CallToolRequest                                    
[04/16/26 04:11:48] INFO     Processing request of type            server.py:727
                             CallToolRequest                                    
[04/16/26 04:11:51] INFO     Processing request of type            server.py:727
                             CallToolRequest                                    
                    INFO     HTTP Request: POST                  _client.py:1740
                             http://erp1.enpack.com.cn:13580/k3C                
                             loud/Kingdee.BOS.WebApi.ServicesStu                
                             b.DynamicFormService.ExecuteBillQue                
                             ry.common.kdsvc "HTTP/1.1 200 OK"                  
[04/16/26 04:11:54] INFO     Processing request of type            server.py:727
                             CallToolRequest                                    
[04/16/26 04:11:55] INFO     HTTP Request: POST                  _client.py:1740
                             http://erp1.enpack.com.cn:13580/k3C                
                             loud/Kingdee.BOS.WebApi.ServicesStu                
                             b.DynamicFormService.ExecuteBillQue                
                             ry.common.kdsvc "HTTP/1.1 200 OK"                  
[04/16/26 04:11:59] INFO     Processing request of type            server.py:727
                             CallToolRequest                                    
                    INFO     HTTP Request: POST                  _client.py:1740
                             http://erp1.enpack.com.cn:13580/k3C                
                             loud/Kingdee.BOS.WebApi.ServicesStu                
                             b.DynamicFormService.ExecuteBillQue                
                             ry.common.kdsvc "HTTP/1.1 200 OK"                  
[04/16/26 04:12:05] INFO     Processing request of type            server.py:727
                             CallToolRequest                                    
                    INFO     HTTP Request: POST                  _client.py:1740
                             http://erp1.enpack.com.cn:13580/k3C                
                             loud/Kingdee.BOS.WebApi.ServicesStu                
                             b.DynamicFormService.ExecuteBillQue                
                             ry.common.kdsvc "HTTP/1.1 200 OK"                  
[04/16/26 04:12:11] INFO     Processing request of type            server.py:727
                             CallToolRequest                                    
                    INFO     HTTP Request: POST                  _client.py:1740
                             http://erp1.enpack.com.cn:13580/k3C                
                             loud/Kingdee.BOS.WebApi.ServicesStu                
                             b.DynamicFormService.ExecuteBillQue                
                             ry.common.kdsvc "HTTP/1.1 200 OK"                  
[04/16/26 04:12:18] INFO     Processing request of type            server.py:727
                             CallToolRequest                                    
                    INFO     HTTP Request: POST                  _client.py:1740
                             http://erp1.enpack.com.cn:13580/k3C                
                             loud/Kingdee.BOS.WebApi.ServicesStu                
                             b.DynamicFormService.ExecuteBillQue                
                             ry.common.kdsvc "HTTP/1.1 200 OK"                  
[04/16/26 04:12:27] INFO     Processing request of type            server.py:727
                             CallToolRequest                                    
                    INFO     HTTP Request: POST                  _client.py:1740
                             http://erp1.enpack.com.cn:13580/k3C                
                             loud/Kingdee.BOS.WebApi.ServicesStu                
                             b.DynamicFormService.ExecuteBillQue                
                             ry.common.kdsvc "HTTP/1.1 200 OK"                  
[44/46] L8-02 (L8) — 10 fields / 12 tool calls: ['kingdee_list_cached_schemas', 'kingdee_get_schema', 'kingdee_get_schema', 'kingdee_get_schema', 'kingdee_get_schema', 'kingdee_query_materials', 'kingdee_query_materials', 'kingdee_query_bills', 'kingdee_query_bills', 'kingdee_query_bills', 'kingdee_query_bills', 'kingdee_query_bills']
[04/16/26 04:12:38] INFO     Processing request of type            server.py:727
                             CallToolRequest                                    
[04/16/26 04:12:42] INFO     Processing request of type            server.py:727
                             CallToolRequest                                    
[04/16/26 04:12:45] INFO     Processing request of type            server.py:727
                             CallToolRequest                                    
[04/16/26 04:12:48] INFO     Processing request of type            server.py:727
                             CallToolRequest                                    
[04/16/26 04:12:51] INFO     Processing request of type            server.py:727
                             CallToolRequest                                    
                    INFO     HTTP Request: POST                  _client.py:1740
                             http://erp1.enpack.com.cn:13580/k3C                
                             loud/Kingdee.BOS.WebApi.ServicesStu                
                             b.DynamicFormService.ExecuteBillQue                
                             ry.common.kdsvc "HTTP/1.1 200 OK"                  
[04/16/26 04:12:54] INFO     Processing request of type            server.py:727
                             CallToolRequest                                    
                    INFO     HTTP Request: POST                  _client.py:1740
                             http://erp1.enpack.com.cn:13580/k3C                
                             loud/Kingdee.BOS.WebApi.ServicesStu                
                             b.DynamicFormService.ExecuteBillQue                
                             ry.common.kdsvc "HTTP/1.1 200 OK"                  
[04/16/26 04:12:57] INFO     Processing request of type            server.py:727
                             CallToolRequest                                    
                    INFO     HTTP Request: POST                  _client.py:1740
                             http://erp1.enpack.com.cn:13580/k3C                
                             loud/Kingdee.BOS.WebApi.ServicesStu                
                             b.DynamicFormService.ExecuteBillQue                
                             ry.common.kdsvc "HTTP/1.1 200 OK"                  
[04/16/26 04:13:00] INFO     Processing request of type            server.py:727
                             CallToolRequest                                    
                    INFO     HTTP Request: POST                  _client.py:1740
                             http://erp1.enpack.com.cn:13580/k3C                
                             loud/Kingdee.BOS.WebApi.ServicesStu                
                             b.DynamicFormService.ExecuteBillQue                
                             ry.common.kdsvc "HTTP/1.1 200 OK"                  
[04/16/26 04:13:03] INFO     Processing request of type            server.py:727
                             CallToolRequest                                    
                    INFO     HTTP Request: POST                  _client.py:1740
                             http://erp1.enpack.com.cn:13580/k3C                
                             loud/Kingdee.BOS.WebApi.ServicesStu                
                             b.DynamicFormService.ExecuteBillQue                
                             ry.common.kdsvc "HTTP/1.1 200 OK"                  
[04/16/26 04:13:09] INFO     Processing request of type            server.py:727
                             CallToolRequest                                    
                    INFO     HTTP Request: POST                  _client.py:1740
                             http://erp1.enpack.com.cn:13580/k3C                
                             loud/Kingdee.BOS.WebApi.ServicesStu                
                             b.DynamicFormService.ExecuteBillQue                
                             ry.common.kdsvc "HTTP/1.1 200 OK"                  
[04/16/26 04:13:13] INFO     Processing request of type            server.py:727
                             CallToolRequest                                    
                    INFO     HTTP Request: POST                  _client.py:1740
                             http://erp1.enpack.com.cn:13580/k3C                
                             loud/Kingdee.BOS.WebApi.ServicesStu                
                             b.DynamicFormService.ExecuteBillQue                
                             ry.common.kdsvc "HTTP/1.1 200 OK"                  
[04/16/26 04:13:16] INFO     Processing request of type            server.py:727
                             CallToolRequest                                    
[45/46] L8-03 (L8) — 15 fields / 12 tool calls: ['kingdee_list_cached_schemas', 'kingdee_get_schema', 'kingdee_get_schema', 'kingdee_get_schema', 'kingdee_query_inventory', 'kingdee_query_bills', 'kingdee_search_forms_online', 'kingdee_search_forms_online', 'kingdee_search_forms_online', 'kingdee_query_bills', 'kingdee_query_bills', 'kingdee_describe_form']
[04/16/26 04:13:30] INFO     Processing request of type            server.py:727
                             CallToolRequest                                    
[04/16/26 04:13:34] INFO     Processing request of type            server.py:727
                             CallToolRequest                                    
[04/16/26 04:13:37] INFO     Processing request of type            server.py:727
                             CallToolRequest                                    
[04/16/26 04:13:41] INFO     Processing request of type            server.py:727
                             CallToolRequest                                    
[04/16/26 04:13:43] INFO     Processing request of type            server.py:727
                             CallToolRequest                                    
[04/16/26 04:13:47] INFO     Processing request of type            server.py:727
                             CallToolRequest                                    
                    INFO     HTTP Request: POST                  _client.py:1740
                             http://erp1.enpack.com.cn:13580/k3C                
                             loud/Kingdee.BOS.WebApi.ServicesStu                
                             b.DynamicFormService.ExecuteBillQue                
                             ry.common.kdsvc "HTTP/1.1 200 OK"                  
[04/16/26 04:13:50] INFO     Processing request of type            server.py:727
                             CallToolRequest                                    
                    INFO     HTTP Request: POST                  _client.py:1740
                             http://erp1.enpack.com.cn:13580/k3C                
                             loud/Kingdee.BOS.WebApi.ServicesStu                
                             b.DynamicFormService.ExecuteBillQue                
                             ry.common.kdsvc "HTTP/1.1 200 OK"                  
[04/16/26 04:13:54] INFO     Processing request of type            server.py:727
                             CallToolRequest                                    
                    INFO     HTTP Request: POST                  _client.py:1740
                             http://erp1.enpack.com.cn:13580/k3C                
                             loud/Kingdee.BOS.WebApi.ServicesStu                
                             b.DynamicFormService.ExecuteBillQue                
                             ry.common.kdsvc "HTTP/1.1 200 OK"                  
[04/16/26 04:13:58] INFO     Processing request of type            server.py:727
                             CallToolRequest                                    
                    INFO     HTTP Request: POST                  _client.py:1740
                             http://erp1.enpack.com.cn:13580/k3C                
                             loud/Kingdee.BOS.WebApi.ServicesStu                
                             b.DynamicFormService.ExecuteBillQue                
                             ry.common.kdsvc "HTTP/1.1 200 OK"                  
[04/16/26 04:14:01] INFO     Processing request of type            server.py:727
                             CallToolRequest                                    
[04/16/26 04:14:02] INFO     HTTP Request: POST                  _client.py:1740
                             http://erp1.enpack.com.cn:13580/k3C                
                             loud/Kingdee.BOS.WebApi.ServicesStu                
                             b.DynamicFormService.ExecuteBillQue                
                             ry.common.kdsvc "HTTP/1.1 200 OK"                  
[04/16/26 04:14:06] INFO     Processing request of type            server.py:727
                             CallToolRequest                                    
                    INFO     HTTP Request: POST                  _client.py:1740
                             http://erp1.enpack.com.cn:13580/k3C                
                             loud/Kingdee.BOS.WebApi.ServicesStu                
                             b.DynamicFormService.ExecuteBillQue                
                             ry.common.kdsvc "HTTP/1.1 200 OK"                  
[46/46] L8-04 (L8) — 12 fields / 11 tool calls: ['kingdee_list_cached_schemas', 'kingdee_search_forms_online', 'kingdee_search_forms_online', 'kingdee_get_schema', 'kingdee_get_schema', 'kingdee_query_bills', 'kingdee_query_inventory', 'kingdee_query_bills', 'kingdee_query_bills', 'kingdee_query_bills', 'kingdee_query_materials']
答案: results/T1_mcp/answers.jsonl

==> Running T2 (Thu Apr 16 04:14:21 CST 2026)
[04/16/26 04:14:22] INFO     Processing request of type            server.py:727
                             ListToolsRequest                                   
[stage=T2] MCP server 暴露 14 个工具；本阶段启用 10 个：
  - kingdee_query_bills
  - kingdee_query_materials
  - kingdee_describe_form
  - kingdee_search_forms_online
  - kingdee_query_inventory
  - kingdee_query_fixed_assets
  - kingdee_get_schema
  - kingdee_get_relations
  - kingdee_list_cached_schemas
  - kingdee_get_wiki
[04/16/26 04:14:27] INFO     Processing request of type            server.py:727
                             CallToolRequest                                    
[04/16/26 04:14:30] INFO     Processing request of type            server.py:727
                             CallToolRequest                                    
[04/16/26 04:14:32] INFO     Processing request of type            server.py:727
                             CallToolRequest                                    
[04/16/26 04:14:36] INFO     Processing request of type            server.py:727
                             CallToolRequest                                    
[04/16/26 04:14:39] INFO     Processing request of type            server.py:727
                             CallToolRequest                                    
                    INFO     HTTP Request: POST                  _client.py:1740
                             http://erp1.enpack.com.cn:13580/k3C                
                             loud/Kingdee.BOS.WebApi.ServicesStu                
                             b.AuthService.LoginByAppSecret.comm                
                             on.kdsvc "HTTP/1.1 200 OK"                         
                    INFO     HTTP Request: POST                  _client.py:1740
                             http://erp1.enpack.com.cn:13580/k3C                
                             loud/Kingdee.BOS.WebApi.ServicesStu                
                             b.DynamicFormService.ExecuteBillQue                
                             ry.common.kdsvc "HTTP/1.1 200 OK"                  
[04/16/26 04:14:44] INFO     Processing request of type            server.py:727
                             CallToolRequest                                    
[04/16/26 04:14:48] INFO     Processing request of type            server.py:727
                             CallToolRequest                                    
[04/16/26 04:14:51] INFO     Processing request of type            server.py:727
                             CallToolRequest                                    
[1/46] L1-01 (L1) — 6 fields / 8 tool calls: ['kingdee_get_schema', 'kingdee_get_schema', 'kingdee_list_cached_schemas', 'kingdee_query_materials', 'kingdee_query_materials', 'kingdee_query_materials', 'kingdee_get_wiki', 'kingdee_get_wiki']
[04/16/26 04:15:04] INFO     Processing request of type            server.py:727
                             CallToolRequest                                    
[04/16/26 04:15:06] INFO     Processing request of type            server.py:727
                             CallToolRequest                                    
[04/16/26 04:15:09] INFO     Processing request of type            server.py:727
                             CallToolRequest                                    
[04/16/26 04:15:12] INFO     Processing request of type            server.py:727
                             CallToolRequest                                    
[04/16/26 04:15:16] INFO     Processing request of type            server.py:727
                             CallToolRequest                                    
                    INFO     HTTP Request: POST                  _client.py:1740
                             http://erp1.enpack.com.cn:13580/k3C                
                             loud/Kingdee.BOS.WebApi.ServicesStu                
                             b.DynamicFormService.ExecuteBillQue                
                             ry.common.kdsvc "HTTP/1.1 200 OK"                  
[04/16/26 04:15:19] INFO     Processing request of type            server.py:727
                             CallToolRequest                                    
                    INFO     HTTP Request: POST                  _client.py:1740
                             http://erp1.enpack.com.cn:13580/k3C                
                             loud/Kingdee.BOS.WebApi.ServicesStu                
                             b.DynamicFormService.ExecuteBillQue                
                             ry.common.kdsvc "HTTP/1.1 200 OK"                  
[04/16/26 04:15:23] INFO     Processing request of type            server.py:727
                             CallToolRequest                                    
                    INFO     HTTP Request: POST                  _client.py:1740
                             http://erp1.enpack.com.cn:13580/k3C                
                             loud/Kingdee.BOS.WebApi.ServicesStu                
                             b.DynamicFormService.ExecuteBillQue                
                             ry.common.kdsvc "HTTP/1.1 200 OK"                  
[04/16/26 04:15:26] INFO     Processing request of type            server.py:727
                             CallToolRequest                                    
                    INFO     HTTP Request: POST                  _client.py:1740
                             http://erp1.enpack.com.cn:13580/k3C                
                             loud/Kingdee.BOS.WebApi.ServicesStu                
                             b.DynamicFormService.ExecuteBillQue                
                             ry.common.kdsvc "HTTP/1.1 200 OK"                  
[04/16/26 04:15:29] INFO     Processing request of type            server.py:727
                             CallToolRequest                                    
[04/16/26 04:15:32] INFO     Processing request of type            server.py:727
                             CallToolRequest                                    
[04/16/26 04:15:36] INFO     Processing request of type            server.py:727
                             CallToolRequest                                    
                    INFO     HTTP Request: POST                  _client.py:1740
                             http://erp1.enpack.com.cn:13580/k3C                
                             loud/Kingdee.BOS.WebApi.ServicesStu                
                             b.DynamicFormService.ExecuteBillQue                
                             ry.common.kdsvc "HTTP/1.1 200 OK"                  
[04/16/26 04:15:39] INFO     Processing request of type            server.py:727
                             CallToolRequest                                    
[04/16/26 04:15:40] INFO     HTTP Request: POST                  _client.py:1740
                             http://erp1.enpack.com.cn:13580/k3C                
                             loud/Kingdee.BOS.WebApi.ServicesStu                
                             b.DynamicFormService.ExecuteBillQue                
                             ry.common.kdsvc "HTTP/1.1 200 OK"                  
[2/46] L1-02 (L1) — 6 fields / 12 tool calls: ['kingdee_get_schema', 'kingdee_get_schema', 'kingdee_list_cached_schemas', 'kingdee_get_schema', 'kingdee_query_bills', 'kingdee_query_bills', 'kingdee_search_forms_online', 'kingdee_search_forms_online', 'kingdee_describe_form', 'kingdee_get_wiki', 'kingdee_query_bills', 'kingdee_query_bills']
[04/16/26 04:15:49] INFO     Processing request of type            server.py:727
                             CallToolRequest                                    
[04/16/26 04:15:52] INFO     Processing request of type            server.py:727
                             CallToolRequest                                    
[04/16/26 04:15:55] INFO     Processing request of type            server.py:727
                             CallToolRequest                                    
[04/16/26 04:15:58] INFO     Processing request of type            server.py:727
                             CallToolRequest                                    
[04/16/26 04:16:01] INFO     Processing request of type            server.py:727
                             CallToolRequest                                    
[04/16/26 04:16:07] INFO     Processing request of type            server.py:727
                             CallToolRequest                                    
                    INFO     HTTP Request: POST                  _client.py:1740
                             http://erp1.enpack.com.cn:13580/k3C                
                             loud/Kingdee.BOS.WebApi.ServicesStu                
                             b.DynamicFormService.ExecuteBillQue                
                             ry.common.kdsvc "HTTP/1.1 200 OK"                  
[04/16/26 04:16:11] INFO     Processing request of type            server.py:727
                             CallToolRequest                                    
                    INFO     HTTP Request: POST                  _client.py:1740
                             http://erp1.enpack.com.cn:13580/k3C                
                             loud/Kingdee.BOS.WebApi.ServicesStu                
                             b.DynamicFormService.ExecuteBillQue                
                             ry.common.kdsvc "HTTP/1.1 200 OK"                  
[04/16/26 04:16:16] INFO     Processing request of type            server.py:727
                             CallToolRequest                                    
                    INFO     HTTP Request: POST                  _client.py:1740
                             http://erp1.enpack.com.cn:13580/k3C                
                             loud/Kingdee.BOS.WebApi.ServicesStu                
                             b.DynamicFormService.ExecuteBillQue                
                             ry.common.kdsvc "HTTP/1.1 200 OK"                  
[04/16/26 04:16:20] INFO     Processing request of type            server.py:727
                             CallToolRequest                                    
                    INFO     HTTP Request: POST                  _client.py:1740
                             http://erp1.enpack.com.cn:13580/k3C                
                             loud/Kingdee.BOS.WebApi.ServicesStu                
                             b.DynamicFormService.ExecuteBillQue                
                             ry.common.kdsvc "HTTP/1.1 200 OK"                  
[04/16/26 04:16:24] INFO     Processing request of type            server.py:727
                             CallToolRequest                                    
                    INFO     HTTP Request: POST                  _client.py:1740
                             http://erp1.enpack.com.cn:13580/k3C                
                             loud/Kingdee.BOS.WebApi.ServicesStu                
                             b.DynamicFormService.ExecuteBillQue                
                             ry.common.kdsvc "HTTP/1.1 200 OK"                  
[3/46] L1-03 (L1) — 4 fields / 10 tool calls: ['kingdee_get_schema', 'kingdee_get_schema', 'kingdee_list_cached_schemas', 'kingdee_get_schema', 'kingdee_get_schema', 'kingdee_query_bills', 'kingdee_query_bills', 'kingdee_query_bills', 'kingdee_query_bills', 'kingdee_query_bills']
[04/16/26 04:16:35] INFO     Processing request of type            server.py:727
                             CallToolRequest                                    
[04/16/26 04:16:38] INFO     Processing request of type            server.py:727
                             CallToolRequest                                    
[04/16/26 04:16:41] INFO     Processing request of type            server.py:727
                             CallToolRequest                                    
[04/16/26 04:16:44] INFO     Processing request of type            server.py:727
                             CallToolRequest                                    
[04/16/26 04:16:48] INFO     Processing request of type            server.py:727
                             CallToolRequest                                    
[04/16/26 04:16:53] INFO     Processing request of type            server.py:727
                             CallToolRequest                                    
                    INFO     HTTP Request: POST                  _client.py:1740
                             http://erp1.enpack.com.cn:13580/k3C                
                             loud/Kingdee.BOS.WebApi.ServicesStu                
                             b.DynamicFormService.ExecuteBillQue                
                             ry.common.kdsvc "HTTP/1.1 200 OK"                  
[04/16/26 04:16:57] INFO     Processing request of type            server.py:727
                             CallToolRequest                                    
[04/16/26 04:17:02] INFO     Processing request of type            server.py:727
                             CallToolRequest                                    
                    INFO     HTTP Request: POST                  _client.py:1740
                             http://erp1.enpack.com.cn:13580/k3C                
                             loud/Kingdee.BOS.WebApi.ServicesStu                
                             b.DynamicFormService.ExecuteBillQue                
                             ry.common.kdsvc "HTTP/1.1 200 OK"                  
[04/16/26 04:17:08] INFO     Processing request of type            server.py:727
                             CallToolRequest                                    
[04/16/26 04:17:12] INFO     Processing request of type            server.py:727
                             CallToolRequest                                    
                    INFO     HTTP Request: POST                  _client.py:1740
                             http://erp1.enpack.com.cn:13580/k3C                
                             loud/Kingdee.BOS.WebApi.ServicesStu                
                             b.DynamicFormService.ExecuteBillQue                
                             ry.common.kdsvc "HTTP/1.1 200 OK"                  
[04/16/26 04:17:18] INFO     Processing request of type            server.py:727
                             CallToolRequest                                    
                    INFO     HTTP Request: POST                  _client.py:1740
                             http://erp1.enpack.com.cn:13580/k3C                
                             loud/Kingdee.BOS.WebApi.ServicesStu                
                             b.DynamicFormService.ExecuteBillQue                
                             ry.common.kdsvc "HTTP/1.1 200 OK"                  
[04/16/26 04:17:22] INFO     Processing request of type            server.py:727
                             CallToolRequest                                    
[4/46] L1-04 (L1) — 4 fields / 12 tool calls: ['kingdee_get_schema', 'kingdee_get_schema', 'kingdee_list_cached_schemas', 'kingdee_get_schema', 'kingdee_get_schema', 'kingdee_query_bills', 'kingdee_get_wiki', 'kingdee_query_bills', 'kingdee_query_bills', 'kingdee_query_bills', 'kingdee_query_bills', 'kingdee_get_relations']
[04/16/26 04:17:33] INFO     Processing request of type            server.py:727
                             CallToolRequest                                    
[04/16/26 04:17:36] INFO     Processing request of type            server.py:727
                             CallToolRequest                                    
[04/16/26 04:17:39] INFO     Processing request of type            server.py:727
                             CallToolRequest                                    
[04/16/26 04:17:42] INFO     Processing request of type            server.py:727
                             CallToolRequest                                    
[04/16/26 04:17:45] INFO     Processing request of type            server.py:727
                             CallToolRequest                                    
[04/16/26 04:17:47] INFO     Processing request of type            server.py:727
                             CallToolRequest                                    
[04/16/26 04:17:51] INFO     Processing request of type            server.py:727
                             CallToolRequest                                    
                    INFO     HTTP Request: POST                  _client.py:1740
                             http://erp1.enpack.com.cn:13580/k3C                
                             loud/Kingdee.BOS.WebApi.ServicesStu                
                             b.DynamicFormService.ExecuteBillQue                
                             ry.common.kdsvc "HTTP/1.1 200 OK"                  
[04/16/26 04:17:54] INFO     Processing request of type            server.py:727
                             CallToolRequest                                    
                    INFO     HTTP Request: POST                  _client.py:1740
                             http://erp1.enpack.com.cn:13580/k3C                
                             loud/Kingdee.BOS.WebApi.ServicesStu                
                             b.DynamicFormService.ExecuteBillQue                
                             ry.common.kdsvc "HTTP/1.1 200 OK"                  
[04/16/26 04:17:57] INFO     Processing request of type            server.py:727
                             CallToolRequest                                    
                    INFO     HTTP Request: POST                  _client.py:1740
                             http://erp1.enpack.com.cn:13580/k3C                
                             loud/Kingdee.BOS.WebApi.ServicesStu                
                             b.DynamicFormService.ExecuteBillQue                
                             ry.common.kdsvc "HTTP/1.1 200 OK"                  
[04/16/26 04:18:00] INFO     Processing request of type            server.py:727
                             CallToolRequest                                    
[04/16/26 04:18:04] INFO     Processing request of type            server.py:727
                             CallToolRequest                                    
                    INFO     HTTP Request: POST                  _client.py:1740
                             http://erp1.enpack.com.cn:13580/k3C                
                             loud/Kingdee.BOS.WebApi.ServicesStu                
                             b.DynamicFormService.ExecuteBillQue                
                             ry.common.kdsvc "HTTP/1.1 200 OK"                  
[04/16/26 04:18:08] INFO     Processing request of type            server.py:727
                             CallToolRequest                                    
                    INFO     HTTP Request: POST                  _client.py:1740
                             http://erp1.enpack.com.cn:13580/k3C                
                             loud/Kingdee.BOS.WebApi.ServicesStu                
                             b.DynamicFormService.ExecuteBillQue                
                             ry.common.kdsvc "HTTP/1.1 200 OK"                  
[5/46] L1-05 (L1) — 15 fields / 12 tool calls: ['kingdee_list_cached_schemas', 'kingdee_get_schema', 'kingdee_get_schema', 'kingdee_get_schema', 'kingdee_get_wiki', 'kingdee_get_wiki', 'kingdee_query_bills', 'kingdee_search_forms_online', 'kingdee_search_forms_online', 'kingdee_describe_form', 'kingdee_query_bills', 'kingdee_query_bills']
[04/16/26 04:18:21] INFO     Processing request of type            server.py:727
                             CallToolRequest                                    
[04/16/26 04:18:23] INFO     Processing request of type            server.py:727
                             CallToolRequest                                    
[04/16/26 04:18:26] INFO     Processing request of type            server.py:727
                             CallToolRequest                                    
[04/16/26 04:18:29] INFO     Processing request of type            server.py:727
                             CallToolRequest                                    
[04/16/26 04:18:32] INFO     Processing request of type            server.py:727
                             CallToolRequest                                    
[04/16/26 04:18:35] INFO     Processing request of type            server.py:727
                             CallToolRequest                                    
[04/16/26 04:18:38] INFO     Processing request of type            server.py:727
                             CallToolRequest                                    
[04/16/26 04:18:40] INFO     Processing request of type            server.py:727
                             CallToolRequest                                    
[04/16/26 04:18:43] INFO     Processing request of type            server.py:727
                             CallToolRequest                                    
[04/16/26 04:18:50] INFO     Processing request of type            server.py:727
                             CallToolRequest                                    
                    INFO     HTTP Request: POST                  _client.py:1740
                             http://erp1.enpack.com.cn:13580/k3C                
                             loud/Kingdee.BOS.WebApi.ServicesStu                
                             b.DynamicFormService.ExecuteBillQue                
                             ry.common.kdsvc "HTTP/1.1 200 OK"                  
[04/16/26 04:18:55] INFO     Processing request of type            server.py:727
                             CallToolRequest                                    
                    INFO     HTTP Request: POST                  _client.py:1740
                             http://erp1.enpack.com.cn:13580/k3C                
                             loud/Kingdee.BOS.WebApi.ServicesStu                
                             b.DynamicFormService.ExecuteBillQue                
                             ry.common.kdsvc "HTTP/1.1 200 OK"                  
[04/16/26 04:19:00] INFO     Processing request of type            server.py:727
                             CallToolRequest                                    
                    INFO     HTTP Request: POST                  _client.py:1740
                             http://erp1.enpack.com.cn:13580/k3C                
                             loud/Kingdee.BOS.WebApi.ServicesStu                
                             b.DynamicFormService.ExecuteBillQue                
                             ry.common.kdsvc "HTTP/1.1 200 OK"                  
[6/46] L2-01 (L2) — 9 fields / 12 tool calls: ['kingdee_get_schema', 'kingdee_get_schema', 'kingdee_list_cached_schemas', 'kingdee_get_schema', 'kingdee_get_schema', 'kingdee_get_wiki', 'kingdee_get_wiki', 'kingdee_get_wiki', 'kingdee_get_relations', 'kingdee_query_bills', 'kingdee_query_bills', 'kingdee_query_bills']
[04/16/26 04:19:10] INFO     Processing request of type            server.py:727
                             CallToolRequest                                    
[04/16/26 04:19:13] INFO     Processing request of type            server.py:727
                             CallToolRequest                                    
[04/16/26 04:19:15] INFO     Processing request of type            server.py:727
                             CallToolRequest                                    
[04/16/26 04:19:17] INFO     Processing request of type            server.py:727
                             CallToolRequest                                    
[04/16/26 04:19:22] INFO     Processing request of type            server.py:727
                             CallToolRequest                                    
                    INFO     HTTP Request: POST                  _client.py:1740
                             http://erp1.enpack.com.cn:13580/k3C                
                             loud/Kingdee.BOS.WebApi.ServicesStu                
                             b.DynamicFormService.ExecuteBillQue                
                             ry.common.kdsvc "HTTP/1.1 200 OK"                  
[04/16/26 04:19:26] INFO     Processing request of type            server.py:727
                             CallToolRequest                                    
[04/16/26 04:19:31] INFO     Processing request of type            server.py:727
                             CallToolRequest                                    
                    INFO     HTTP Request: POST                  _client.py:1740
                             http://erp1.enpack.com.cn:13580/k3C                
                             loud/Kingdee.BOS.WebApi.ServicesStu                
                             b.DynamicFormService.ExecuteBillQue                
                             ry.common.kdsvc "HTTP/1.1 200 OK"                  
[04/16/26 04:19:35] INFO     Processing request of type            server.py:727
                             CallToolRequest                                    
[04/16/26 04:19:39] INFO     Processing request of type            server.py:727
                             CallToolRequest                                    
                    INFO     HTTP Request: POST                  _client.py:1740
                             http://erp1.enpack.com.cn:13580/k3C                
                             loud/Kingdee.BOS.WebApi.ServicesStu                
                             b.DynamicFormService.ExecuteBillQue                
                             ry.common.kdsvc "HTTP/1.1 200 OK"                  
[04/16/26 04:19:43] INFO     Processing request of type            server.py:727
                             CallToolRequest                                    
[04/16/26 04:19:51] INFO     Processing request of type            server.py:727
                             CallToolRequest                                    
                    INFO     HTTP Request: POST                  _client.py:1740
                             http://erp1.enpack.com.cn:13580/k3C                
                             loud/Kingdee.BOS.WebApi.ServicesStu                
                             b.DynamicFormService.ExecuteBillQue                
                             ry.common.kdsvc "HTTP/1.1 200 OK"                  
[04/16/26 04:19:55] INFO     Processing request of type            server.py:727
                             CallToolRequest                                    
                    INFO     HTTP Request: POST                  _client.py:1740
                             http://erp1.enpack.com.cn:13580/k3C                
                             loud/Kingdee.BOS.WebApi.ServicesStu                
                             b.DynamicFormService.ExecuteBillQue                
                             ry.common.kdsvc "HTTP/1.1 200 OK"                  
[7/46] L2-02 (L2) — 10 fields / 12 tool calls: ['kingdee_list_cached_schemas', 'kingdee_get_schema', 'kingdee_get_schema', 'kingdee_get_relations', 'kingdee_query_bills', 'kingdee_get_schema', 'kingdee_query_bills', 'kingdee_get_wiki', 'kingdee_query_bills', 'kingdee_get_wiki', 'kingdee_query_bills', 'kingdee_query_bills']
[04/16/26 04:20:05] INFO     Processing request of type            server.py:727
                             CallToolRequest                                    
[04/16/26 04:20:07] INFO     Processing request of type            server.py:727
                             CallToolRequest                                    
[04/16/26 04:20:09] INFO     Processing request of type            server.py:727
                             CallToolRequest                                    
[04/16/26 04:20:12] INFO     Processing request of type            server.py:727
                             CallToolRequest                                    
[04/16/26 04:20:15] INFO     Processing request of type            server.py:727
                             CallToolRequest                                    
[04/16/26 04:20:18] INFO     Processing request of type            server.py:727
                             CallToolRequest                                    
[04/16/26 04:20:22] INFO     Processing request of type            server.py:727
                             CallToolRequest                                    
[04/16/26 04:20:25] INFO     Processing request of type            server.py:727
                             CallToolRequest                                    
[04/16/26 04:20:26] INFO     HTTP Request: POST                  _client.py:1740
                             http://erp1.enpack.com.cn:13580/k3C                
                             loud/Kingdee.BOS.WebApi.ServicesStu                
                             b.DynamicFormService.ExecuteBillQue                
                             ry.common.kdsvc "HTTP/1.1 200 OK"                  
[04/16/26 04:20:29] INFO     Processing request of type            server.py:727
                             CallToolRequest                                    
[04/16/26 04:20:32] INFO     Processing request of type            server.py:727
                             CallToolRequest                                    
[04/16/26 04:20:35] INFO     Processing request of type            server.py:727
                             CallToolRequest                                    
                    INFO     HTTP Request: POST                  _client.py:1740
                             http://erp1.enpack.com.cn:13580/k3C                
                             loud/Kingdee.BOS.WebApi.ServicesStu                
                             b.DynamicFormService.QueryBusinessI                
                             nfo.common.kdsvc "HTTP/1.1 200 OK"                 
[04/16/26 04:20:42] INFO     Processing request of type            server.py:727
                             CallToolRequest                                    
                    INFO     HTTP Request: POST                  _client.py:1740
                             http://erp1.enpack.com.cn:13580/k3C                
                             loud/Kingdee.BOS.WebApi.ServicesStu                
                             b.DynamicFormService.ExecuteBillQue                
                             ry.common.kdsvc "HTTP/1.1 200 OK"                  
[8/46] L2-03 (L2) — 7 fields / 12 tool calls: ['kingdee_get_schema', 'kingdee_get_schema', 'kingdee_list_cached_schemas', 'kingdee_search_forms_online', 'kingdee_search_forms_online', 'kingdee_query_bills', 'kingdee_query_bills', 'kingdee_query_bills', 'kingdee_get_relations', 'kingdee_describe_form', 'kingdee_describe_form', 'kingdee_query_bills']
[04/16/26 04:20:51] INFO     Processing request of type            server.py:727
                             CallToolRequest                                    
[04/16/26 04:20:54] INFO     Processing request of type            server.py:727
                             CallToolRequest                                    
[04/16/26 04:20:56] INFO     Processing request of type            server.py:727
                             CallToolRequest                                    
[04/16/26 04:20:59] INFO     Processing request of type            server.py:727
                             CallToolRequest                                    
[04/16/26 04:21:02] INFO     Processing request of type            server.py:727
                             CallToolRequest                                    
[04/16/26 04:21:05] INFO     Processing request of type            server.py:727
                             CallToolRequest                                    
                    INFO     HTTP Request: POST                  _client.py:1740
                             http://erp1.enpack.com.cn:13580/k3C                
                             loud/Kingdee.BOS.WebApi.ServicesStu                
                             b.DynamicFormService.ExecuteBillQue                
                             ry.common.kdsvc "HTTP/1.1 200 OK"                  
[04/16/26 04:21:08] INFO     Processing request of type            server.py:727
                             CallToolRequest                                    
[04/16/26 04:21:10] INFO     Processing request of type            server.py:727
                             CallToolRequest                                    
[04/16/26 04:21:14] INFO     Processing request of type            server.py:727
                             CallToolRequest                                    
                    INFO     HTTP Request: POST                  _client.py:1740
                             http://erp1.enpack.com.cn:13580/k3C                
                             loud/Kingdee.BOS.WebApi.ServicesStu                
                             b.DynamicFormService.ExecuteBillQue                
                             ry.common.kdsvc "HTTP/1.1 200 OK"                  
[04/16/26 04:21:19] INFO     Processing request of type            server.py:727
                             CallToolRequest                                    
                    INFO     HTTP Request: POST                  _client.py:1740
                             http://erp1.enpack.com.cn:13580/k3C                
                             loud/Kingdee.BOS.WebApi.ServicesStu                
                             b.DynamicFormService.ExecuteBillQue                
                             ry.common.kdsvc "HTTP/1.1 200 OK"                  
[04/16/26 04:21:22] INFO     Processing request of type            server.py:727
                             CallToolRequest                                    
                    INFO     HTTP Request: POST                  _client.py:1740
                             http://erp1.enpack.com.cn:13580/k3C                
                             loud/Kingdee.BOS.WebApi.ServicesStu                
                             b.DynamicFormService.ExecuteBillQue                
                             ry.common.kdsvc "HTTP/1.1 200 OK"                  
[04/16/26 04:21:25] INFO     Processing request of type            server.py:727
                             CallToolRequest                                    
[9/46] L2-04 (L2) — 7 fields / 12 tool calls: ['kingdee_get_schema', 'kingdee_get_schema', 'kingdee_list_cached_schemas', 'kingdee_get_schema', 'kingdee_describe_form', 'kingdee_query_bills', 'kingdee_get_wiki', 'kingdee_get_relations', 'kingdee_search_forms_online', 'kingdee_query_bills', 'kingdee_query_bills', 'kingdee_get_wiki']
[04/16/26 04:21:34] INFO     Processing request of type            server.py:727
                             CallToolRequest                                    
[04/16/26 04:21:36] INFO     Processing request of type            server.py:727
                             CallToolRequest                                    
[04/16/26 04:21:39] INFO     Processing request of type            server.py:727
                             CallToolRequest                                    
[04/16/26 04:21:42] INFO     Processing request of type            server.py:727
                             CallToolRequest                                    
[04/16/26 04:21:45] INFO     Processing request of type            server.py:727
                             CallToolRequest                                    
                    INFO     HTTP Request: POST                  _client.py:1740
                             http://erp1.enpack.com.cn:13580/k3C                
                             loud/Kingdee.BOS.WebApi.ServicesStu                
                             b.DynamicFormService.ExecuteBillQue                
                             ry.common.kdsvc "HTTP/1.1 200 OK"                  
[04/16/26 04:21:48] INFO     Processing request of type            server.py:727
                             CallToolRequest                                    
[04/16/26 04:21:50] INFO     Processing request of type            server.py:727
                             CallToolRequest                                    
[04/16/26 04:21:53] INFO     Processing request of type            server.py:727
                             CallToolRequest                                    
[04/16/26 04:21:58] INFO     Processing request of type            server.py:727
                             CallToolRequest                                    
[04/16/26 04:21:59] INFO     HTTP Request: POST                  _client.py:1740
                             http://erp1.enpack.com.cn:13580/k3C                
                             loud/Kingdee.BOS.WebApi.ServicesStu                
                             b.DynamicFormService.ExecuteBillQue                
                             ry.common.kdsvc "HTTP/1.1 200 OK"                  
[04/16/26 04:22:01] INFO     Processing request of type            server.py:727
                             CallToolRequest                                    
[04/16/26 04:22:06] INFO     Processing request of type            server.py:727
                             CallToolRequest                                    
                    INFO     HTTP Request: POST                  _client.py:1740
                             http://erp1.enpack.com.cn:13580/k3C                
                             loud/Kingdee.BOS.WebApi.ServicesStu                
                             b.DynamicFormService.ExecuteBillQue                
                             ry.common.kdsvc "HTTP/1.1 200 OK"                  
[04/16/26 04:22:09] INFO     Processing request of type            server.py:727
                             CallToolRequest                                    
                    INFO     HTTP Request: POST                  _client.py:1740
                             http://erp1.enpack.com.cn:13580/k3C                
                             loud/Kingdee.BOS.WebApi.ServicesStu                
                             b.DynamicFormService.ExecuteBillQue                
                             ry.common.kdsvc "HTTP/1.1 200 OK"                  
[10/46] L2-05 (L2) — 14 fields / 12 tool calls: ['kingdee_get_schema', 'kingdee_get_schema', 'kingdee_list_cached_schemas', 'kingdee_get_schema', 'kingdee_query_bills', 'kingdee_get_wiki', 'kingdee_get_wiki', 'kingdee_describe_form', 'kingdee_query_bills', 'kingdee_get_relations', 'kingdee_query_bills', 'kingdee_search_forms_online']
[04/16/26 04:22:18] INFO     Processing request of type            server.py:727
                             CallToolRequest                                    
[04/16/26 04:22:20] INFO     Processing request of type            server.py:727
                             CallToolRequest                                    
[04/16/26 04:22:22] INFO     Processing request of type            server.py:727
                             CallToolRequest                                    
[04/16/26 04:22:25] INFO     Processing request of type            server.py:727
                             CallToolRequest                                    
[04/16/26 04:22:27] INFO     Processing request of type            server.py:727
                             CallToolRequest                                    
[04/16/26 04:22:30] INFO     Processing request of type            server.py:727
                             CallToolRequest                                    
[04/16/26 04:22:34] INFO     Processing request of type            server.py:727
                             CallToolRequest                                    
                    INFO     HTTP Request: POST                  _client.py:1740
                             http://erp1.enpack.com.cn:13580/k3C                
                             loud/Kingdee.BOS.WebApi.ServicesStu                
                             b.DynamicFormService.ExecuteBillQue                
                             ry.common.kdsvc "HTTP/1.1 200 OK"                  
[04/16/26 04:22:37] INFO     Processing request of type            server.py:727
                             CallToolRequest                                    
[04/16/26 04:22:43] INFO     Processing request of type            server.py:727
                             CallToolRequest                                    
                    INFO     HTTP Request: POST                  _client.py:1740
                             http://erp1.enpack.com.cn:13580/k3C                
                             loud/Kingdee.BOS.WebApi.ServicesStu                
                             b.DynamicFormService.ExecuteBillQue                
                             ry.common.kdsvc "HTTP/1.1 200 OK"                  
[04/16/26 04:22:47] INFO     Processing request of type            server.py:727
                             CallToolRequest                                    
[04/16/26 04:22:48] INFO     HTTP Request: POST                  _client.py:1740
                             http://erp1.enpack.com.cn:13580/k3C                
                             loud/Kingdee.BOS.WebApi.ServicesStu                
                             b.DynamicFormService.ExecuteBillQue                
                             ry.common.kdsvc "HTTP/1.1 200 OK"                  
[04/16/26 04:22:51] INFO     Processing request of type            server.py:727
                             CallToolRequest                                    
                    INFO     HTTP Request: POST                  _client.py:1740
                             http://erp1.enpack.com.cn:13580/k3C                
                             loud/Kingdee.BOS.WebApi.ServicesStu                
                             b.DynamicFormService.ExecuteBillQue                
                             ry.common.kdsvc "HTTP/1.1 200 OK"                  
[04/16/26 04:22:55] INFO     Processing request of type            server.py:727
                             CallToolRequest                                    
                    INFO     HTTP Request: POST                  _client.py:1740
                             http://erp1.enpack.com.cn:13580/k3C                
                             loud/Kingdee.BOS.WebApi.ServicesStu                
                             b.DynamicFormService.ExecuteBillQue                
                             ry.common.kdsvc "HTTP/1.1 200 OK"                  
[11/46] L2-06 (L2) — 12 fields / 12 tool calls: ['kingdee_get_schema', 'kingdee_get_schema', 'kingdee_list_cached_schemas', 'kingdee_get_schema', 'kingdee_describe_form', 'kingdee_get_wiki', 'kingdee_query_bills', 'kingdee_get_relations', 'kingdee_query_bills', 'kingdee_query_bills', 'kingdee_search_forms_online', 'kingdee_query_bills']
[04/16/26 04:23:04] INFO     Processing request of type            server.py:727
                             CallToolRequest                                    
[04/16/26 04:23:07] INFO     Processing request of type            server.py:727
                             CallToolRequest                                    
[04/16/26 04:23:10] INFO     Processing request of type            server.py:727
                             CallToolRequest                                    
[04/16/26 04:23:12] INFO     Processing request of type            server.py:727
                             CallToolRequest                                    
[04/16/26 04:23:15] INFO     Processing request of type            server.py:727
                             CallToolRequest                                    
[04/16/26 04:23:18] INFO     Processing request of type            server.py:727
                             CallToolRequest                                    
[04/16/26 04:23:22] INFO     Processing request of type            server.py:727
                             CallToolRequest                                    
[04/16/26 04:23:25] INFO     Processing request of type            server.py:727
                             CallToolRequest                                    
[04/16/26 04:23:28] INFO     Processing request of type            server.py:727
                             CallToolRequest                                    
[04/16/26 04:23:31] INFO     Processing request of type            server.py:727
                             CallToolRequest                                    
[04/16/26 04:23:34] INFO     Processing request of type            server.py:727
                             CallToolRequest                                    
[04/16/26 04:23:37] INFO     Processing request of type            server.py:727
                             CallToolRequest                                    
[12/46] L2-07 (L2) — 7 fields / 12 tool calls: ['kingdee_list_cached_schemas', 'kingdee_search_forms_online', 'kingdee_search_forms_online', 'kingdee_search_forms_online', 'kingdee_get_wiki', 'kingdee_get_wiki', 'kingdee_get_schema', 'kingdee_get_schema', 'kingdee_get_schema', 'kingdee_get_schema', 'kingdee_get_schema', 'kingdee_get_schema']
[04/16/26 04:23:46] INFO     Processing request of type            server.py:727
                             CallToolRequest                                    
[04/16/26 04:23:49] INFO     Processing request of type            server.py:727
                             CallToolRequest                                    
[04/16/26 04:23:51] INFO     Processing request of type            server.py:727
                             CallToolRequest                                    
[04/16/26 04:23:54] INFO     Processing request of type            server.py:727
                             CallToolRequest                                    
[04/16/26 04:23:57] INFO     Processing request of type            server.py:727
                             CallToolRequest                                    
                    INFO     HTTP Request: POST                  _client.py:1740
                             http://erp1.enpack.com.cn:13580/k3C                
                             loud/Kingdee.BOS.WebApi.ServicesStu                
                             b.DynamicFormService.ExecuteBillQue                
                             ry.common.kdsvc "HTTP/1.1 200 OK"                  
[04/16/26 04:24:00] INFO     Processing request of type            server.py:727
                             CallToolRequest                                    
[04/16/26 04:24:03] INFO     Processing request of type            server.py:727
                             CallToolRequest                                    
                    INFO     HTTP Request: POST                  _client.py:1740
                             http://erp1.enpack.com.cn:13580/k3C                
                             loud/Kingdee.BOS.WebApi.ServicesStu                
                             b.DynamicFormService.ExecuteBillQue                
                             ry.common.kdsvc "HTTP/1.1 200 OK"                  
[04/16/26 04:24:06] INFO     Processing request of type            server.py:727
                             CallToolRequest                                    
                    INFO     HTTP Request: POST                  _client.py:1740
                             http://erp1.enpack.com.cn:13580/k3C                
                             loud/Kingdee.BOS.WebApi.ServicesStu                
                             b.DynamicFormService.ExecuteBillQue                
                             ry.common.kdsvc "HTTP/1.1 200 OK"                  
[04/16/26 04:24:08] INFO     Processing request of type            server.py:727
                             CallToolRequest                                    
                    INFO     HTTP Request: POST                  _client.py:1740
                             http://erp1.enpack.com.cn:13580/k3C                
                             loud/Kingdee.BOS.WebApi.ServicesStu                
                             b.DynamicFormService.ExecuteBillQue                
                             ry.common.kdsvc "HTTP/1.1 200 OK"                  
[04/16/26 04:24:12] INFO     Processing request of type            server.py:727
                             CallToolRequest                                    
[04/16/26 04:24:14] INFO     Processing request of type            server.py:727
                             CallToolRequest                                    
[04/16/26 04:24:17] INFO     Processing request of type            server.py:727
                             CallToolRequest                                    
                    INFO     HTTP Request: POST                  _client.py:1740
                             http://erp1.enpack.com.cn:13580/k3C                
                             loud/Kingdee.BOS.WebApi.ServicesStu                
                             b.DynamicFormService.ExecuteBillQue                
                             ry.common.kdsvc "HTTP/1.1 200 OK"                  
[13/46] L2-08 (L2) — 5 fields / 12 tool calls: ['kingdee_get_schema', 'kingdee_get_schema', 'kingdee_list_cached_schemas', 'kingdee_get_schema', 'kingdee_query_fixed_assets', 'kingdee_describe_form', 'kingdee_query_bills', 'kingdee_search_forms_online', 'kingdee_search_forms_online', 'kingdee_get_wiki', 'kingdee_get_wiki', 'kingdee_query_bills']
[04/16/26 04:24:24] INFO     Processing request of type            server.py:727
                             CallToolRequest                                    
[04/16/26 04:24:27] INFO     Processing request of type            server.py:727
                             CallToolRequest                                    
[04/16/26 04:24:29] INFO     Processing request of type            server.py:727
                             CallToolRequest                                    
[04/16/26 04:24:32] INFO     Processing request of type            server.py:727
                             CallToolRequest                                    
[04/16/26 04:24:35] INFO     Processing request of type            server.py:727
                             CallToolRequest                                    
[04/16/26 04:24:38] INFO     Processing request of type            server.py:727
                             CallToolRequest                                    
                    INFO     HTTP Request: POST                  _client.py:1740
                             http://erp1.enpack.com.cn:13580/k3C                
                             loud/Kingdee.BOS.WebApi.ServicesStu                
                             b.DynamicFormService.ExecuteBillQue                
                             ry.common.kdsvc "HTTP/1.1 200 OK"                  
[04/16/26 04:24:42] INFO     Processing request of type            server.py:727
                             CallToolRequest                                    
[04/16/26 04:24:44] INFO     Processing request of type            server.py:727
                             CallToolRequest                                    
[04/16/26 04:24:46] INFO     Processing request of type            server.py:727
                             CallToolRequest                                    
                    INFO     HTTP Request: POST                  _client.py:1740
                             http://erp1.enpack.com.cn:13580/k3C                
                             loud/Kingdee.BOS.WebApi.ServicesStu                
                             b.DynamicFormService.ExecuteBillQue                
                             ry.common.kdsvc "HTTP/1.1 200 OK"                  
[04/16/26 04:24:50] INFO     Processing request of type            server.py:727
                             CallToolRequest                                    
                    INFO     HTTP Request: POST                  _client.py:1740
                             http://erp1.enpack.com.cn:13580/k3C                
                             loud/Kingdee.BOS.WebApi.ServicesStu                
                             b.DynamicFormService.ExecuteBillQue                
                             ry.common.kdsvc "HTTP/1.1 200 OK"                  
[04/16/26 04:24:55] INFO     Processing request of type            server.py:727
                             CallToolRequest                                    
                    INFO     HTTP Request: POST                  _client.py:1740
                             http://erp1.enpack.com.cn:13580/k3C                
                             loud/Kingdee.BOS.WebApi.ServicesStu                
                             b.DynamicFormService.ExecuteBillQue                
                             ry.common.kdsvc "HTTP/1.1 200 OK"                  
[04/16/26 04:24:58] INFO     Processing request of type            server.py:727
                             CallToolRequest                                    
                    INFO     HTTP Request: POST                  _client.py:1740
                             http://erp1.enpack.com.cn:13580/k3C                
                             loud/Kingdee.BOS.WebApi.ServicesStu                
                             b.DynamicFormService.ExecuteBillQue                
                             ry.common.kdsvc "HTTP/1.1 200 OK"                  
[14/46] L2-09 (L2) — 11 fields / 12 tool calls: ['kingdee_get_schema', 'kingdee_get_schema', 'kingdee_list_cached_schemas', 'kingdee_get_schema', 'kingdee_describe_form', 'kingdee_query_bills', 'kingdee_get_wiki', 'kingdee_get_wiki', 'kingdee_search_forms_online', 'kingdee_query_bills', 'kingdee_query_bills', 'kingdee_query_bills']
[04/16/26 04:25:08] INFO     Processing request of type            server.py:727
                             CallToolRequest                                    
[04/16/26 04:25:10] INFO     Processing request of type            server.py:727
                             CallToolRequest                                    
[04/16/26 04:25:12] INFO     Processing request of type            server.py:727
                             CallToolRequest                                    
[04/16/26 04:25:15] INFO     Processing request of type            server.py:727
                             CallToolRequest                                    
                    INFO     HTTP Request: POST                  _client.py:1740
                             http://erp1.enpack.com.cn:13580/k3C                
                             loud/Kingdee.BOS.WebApi.ServicesStu                
                             b.DynamicFormService.ExecuteBillQue                
                             ry.common.kdsvc "HTTP/1.1 200 OK"                  
[04/16/26 04:25:18] INFO     Processing request of type            server.py:727
                             CallToolRequest                                    
                    INFO     HTTP Request: POST                  _client.py:1740
                             http://erp1.enpack.com.cn:13580/k3C                
                             loud/Kingdee.BOS.WebApi.ServicesStu                
                             b.DynamicFormService.ExecuteBillQue                
                             ry.common.kdsvc "HTTP/1.1 200 OK"                  
[04/16/26 04:25:21] INFO     Processing request of type            server.py:727
                             CallToolRequest                                    
                    INFO     HTTP Request: POST                  _client.py:1740
                             http://erp1.enpack.com.cn:13580/k3C                
                             loud/Kingdee.BOS.WebApi.ServicesStu                
                             b.DynamicFormService.ExecuteBillQue                
                             ry.common.kdsvc "HTTP/1.1 200 OK"                  
[04/16/26 04:25:23] INFO     Processing request of type            server.py:727
                             CallToolRequest                                    
[04/16/26 04:25:26] INFO     Processing request of type            server.py:727
                             CallToolRequest                                    
[04/16/26 04:25:30] INFO     Processing request of type            server.py:727
                             CallToolRequest                                    
[04/16/26 04:25:32] INFO     Processing request of type            server.py:727
                             CallToolRequest                                    
[04/16/26 04:25:35] INFO     Processing request of type            server.py:727
                             CallToolRequest                                    
[04/16/26 04:25:40] INFO     Processing request of type            server.py:727
                             CallToolRequest                                    
                    INFO     HTTP Request: POST                  _client.py:1740
                             http://erp1.enpack.com.cn:13580/k3C                
                             loud/Kingdee.BOS.WebApi.ServicesStu                
                             b.DynamicFormService.ExecuteBillQue                
                             ry.common.kdsvc "HTTP/1.1 200 OK"                  
[15/46] L2-10 (L2) — 7 fields / 12 tool calls: ['kingdee_get_schema', 'kingdee_list_cached_schemas', 'kingdee_search_forms_online', 'kingdee_search_forms_online', 'kingdee_search_forms_online', 'kingdee_search_forms_online', 'kingdee_get_wiki', 'kingdee_get_wiki', 'kingdee_get_schema', 'kingdee_get_schema', 'kingdee_get_relations', 'kingdee_query_bills']
[04/16/26 04:25:51] INFO     Processing request of type            server.py:727
                             CallToolRequest                                    
[04/16/26 04:25:54] INFO     Processing request of type            server.py:727
                             CallToolRequest                                    
[04/16/26 04:25:56] INFO     Processing request of type            server.py:727
                             CallToolRequest                                    
[04/16/26 04:25:59] INFO     Processing request of type            server.py:727
                             CallToolRequest                                    
[04/16/26 04:26:02] INFO     Processing request of type            server.py:727
                             CallToolRequest                                    
[04/16/26 04:26:04] INFO     Processing request of type            server.py:727
                             CallToolRequest                                    
[04/16/26 04:26:08] INFO     Processing request of type            server.py:727
                             CallToolRequest                                    
                    INFO     HTTP Request: POST                  _client.py:1740
                             http://erp1.enpack.com.cn:13580/k3C                
                             loud/Kingdee.BOS.WebApi.ServicesStu                
                             b.DynamicFormService.ExecuteBillQue                
                             ry.common.kdsvc "HTTP/1.1 200 OK"                  
[04/16/26 04:26:12] INFO     Processing request of type            server.py:727
                             CallToolRequest                                    
                    INFO     HTTP Request: POST                  _client.py:1740
                             http://erp1.enpack.com.cn:13580/k3C                
                             loud/Kingdee.BOS.WebApi.ServicesStu                
                             b.DynamicFormService.ExecuteBillQue                
                             ry.common.kdsvc "HTTP/1.1 200 OK"                  
[04/16/26 04:26:15] INFO     Processing request of type            server.py:727
                             CallToolRequest                                    
[04/16/26 04:26:16] INFO     HTTP Request: POST                  _client.py:1740
                             http://erp1.enpack.com.cn:13580/k3C                
                             loud/Kingdee.BOS.WebApi.ServicesStu                
                             b.DynamicFormService.ExecuteBillQue                
                             ry.common.kdsvc "HTTP/1.1 200 OK"                  
[04/16/26 04:26:21] INFO     Processing request of type            server.py:727
                             CallToolRequest                                    
                    INFO     HTTP Request: POST                  _client.py:1740
                             http://erp1.enpack.com.cn:13580/k3C                
                             loud/Kingdee.BOS.WebApi.ServicesStu                
                             b.DynamicFormService.ExecuteBillQue                
                             ry.common.kdsvc "HTTP/1.1 200 OK"                  
[04/16/26 04:26:23] INFO     Processing request of type            server.py:727
                             CallToolRequest                                    
                    INFO     HTTP Request: POST                  _client.py:1740
                             http://erp1.enpack.com.cn:13580/k3C                
                             loud/Kingdee.BOS.WebApi.ServicesStu                
                             b.DynamicFormService.ExecuteBillQue                
                             ry.common.kdsvc "HTTP/1.1 200 OK"                  
[04/16/26 04:26:28] INFO     Processing request of type            server.py:727
                             CallToolRequest                                    
                    INFO     HTTP Request: POST                  _client.py:1740
                             http://erp1.enpack.com.cn:13580/k3C                
                             loud/Kingdee.BOS.WebApi.ServicesStu                
                             b.DynamicFormService.ExecuteBillQue                
                             ry.common.kdsvc "HTTP/1.1 200 OK"                  
[16/46] L3-01 (L3) — 23 fields / 12 tool calls: ['kingdee_list_cached_schemas', 'kingdee_get_schema', 'kingdee_get_schema', 'kingdee_get_schema', 'kingdee_get_wiki', 'kingdee_get_wiki', 'kingdee_query_bills', 'kingdee_query_bills', 'kingdee_query_bills', 'kingdee_query_bills', 'kingdee_search_forms_online', 'kingdee_query_bills']
[04/16/26 04:26:44] INFO     Processing request of type            server.py:727
                             CallToolRequest                                    
[04/16/26 04:26:47] INFO     Processing request of type            server.py:727
                             CallToolRequest                                    
[04/16/26 04:26:49] INFO     Processing request of type            server.py:727
                             CallToolRequest                                    
[04/16/26 04:26:52] INFO     Processing request of type            server.py:727
                             CallToolRequest                                    
[04/16/26 04:26:54] INFO     Processing request of type            server.py:727
                             CallToolRequest                                    
[04/16/26 04:26:57] INFO     Processing request of type            server.py:727
                             CallToolRequest                                    
[04/16/26 04:26:59] INFO     Processing request of type            server.py:727
                             CallToolRequest                                    
[04/16/26 04:27:04] INFO     Processing request of type            server.py:727
                             CallToolRequest                                    
[04/16/26 04:27:08] INFO     Processing request of type            server.py:727
                             CallToolRequest                                    
[04/16/26 04:27:12] INFO     Processing request of type            server.py:727
                             CallToolRequest                                    
                    INFO     HTTP Request: POST                  _client.py:1740
                             http://erp1.enpack.com.cn:13580/k3C                
                             loud/Kingdee.BOS.WebApi.ServicesStu                
                             b.DynamicFormService.ExecuteBillQue                
                             ry.common.kdsvc "HTTP/1.1 200 OK"                  
[04/16/26 04:27:15] INFO     Processing request of type            server.py:727
                             CallToolRequest                                    
                    INFO     HTTP Request: POST                  _client.py:1740
                             http://erp1.enpack.com.cn:13580/k3C                
                             loud/Kingdee.BOS.WebApi.ServicesStu                
                             b.DynamicFormService.ExecuteBillQue                
                             ry.common.kdsvc "HTTP/1.1 200 OK"                  
[04/16/26 04:27:18] INFO     Processing request of type            server.py:727
                             CallToolRequest                                    
                    INFO     HTTP Request: POST                  _client.py:1740
                             http://erp1.enpack.com.cn:13580/k3C                
                             loud/Kingdee.BOS.WebApi.ServicesStu                
                             b.DynamicFormService.ExecuteBillQue                
                             ry.common.kdsvc "HTTP/1.1 200 OK"                  
[17/46] L3-02 (L3) — 9 fields / 12 tool calls: ['kingdee_list_cached_schemas', 'kingdee_get_schema', 'kingdee_get_schema', 'kingdee_search_forms_online', 'kingdee_search_forms_online', 'kingdee_get_wiki', 'kingdee_get_wiki', 'kingdee_query_bills', 'kingdee_query_bills', 'kingdee_query_bills', 'kingdee_search_forms_online', 'kingdee_search_forms_online']
[04/16/26 04:27:30] INFO     Processing request of type            server.py:727
                             CallToolRequest                                    
[04/16/26 04:27:32] INFO     Processing request of type            server.py:727
                             CallToolRequest                                    
[04/16/26 04:27:34] INFO     Processing request of type            server.py:727
                             CallToolRequest                                    
[04/16/26 04:27:36] INFO     Processing request of type            server.py:727
                             CallToolRequest                                    
[04/16/26 04:27:39] INFO     Processing request of type            server.py:727
                             CallToolRequest                                    
[04/16/26 04:27:42] INFO     Processing request of type            server.py:727
                             CallToolRequest                                    
[04/16/26 04:27:44] INFO     Processing request of type            server.py:727
                             CallToolRequest                                    
[04/16/26 04:27:47] INFO     Processing request of type            server.py:727
                             CallToolRequest                                    
                    INFO     HTTP Request: POST                  _client.py:1740
                             http://erp1.enpack.com.cn:13580/k3C                
                             loud/Kingdee.BOS.WebApi.ServicesStu                
                             b.DynamicFormService.ExecuteBillQue                
                             ry.common.kdsvc "HTTP/1.1 200 OK"                  
[04/16/26 04:27:50] INFO     Processing request of type            server.py:727
                             CallToolRequest                                    
                    INFO     HTTP Request: POST                  _client.py:1740
                             http://erp1.enpack.com.cn:13580/k3C                
                             loud/Kingdee.BOS.WebApi.ServicesStu                
                             b.DynamicFormService.ExecuteBillQue                
                             ry.common.kdsvc "HTTP/1.1 200 OK"                  
[04/16/26 04:27:53] INFO     Processing request of type            server.py:727
                             CallToolRequest                                    
                    INFO     HTTP Request: POST                  _client.py:1740
                             http://erp1.enpack.com.cn:13580/k3C                
                             loud/Kingdee.BOS.WebApi.ServicesStu                
                             b.DynamicFormService.ExecuteBillQue                
                             ry.common.kdsvc "HTTP/1.1 200 OK"                  
[04/16/26 04:27:56] INFO     Processing request of type            server.py:727
                             CallToolRequest                                    
[04/16/26 04:27:59] INFO     Processing request of type            server.py:727
                             CallToolRequest                                    
                    INFO     HTTP Request: POST                  _client.py:1740
                             http://erp1.enpack.com.cn:13580/k3C                
                             loud/Kingdee.BOS.WebApi.ServicesStu                
                             b.DynamicFormService.ExecuteBillQue                
                             ry.common.kdsvc "HTTP/1.1 200 OK"                  
[18/46] L3-03 (L3) — 11 fields / 12 tool calls: ['kingdee_get_wiki', 'kingdee_get_wiki', 'kingdee_list_cached_schemas', 'kingdee_search_forms_online', 'kingdee_search_forms_online', 'kingdee_get_schema', 'kingdee_get_schema', 'kingdee_query_bills', 'kingdee_query_bills', 'kingdee_query_bills', 'kingdee_search_forms_online', 'kingdee_query_bills']
[04/16/26 04:28:09] INFO     Processing request of type            server.py:727
                             CallToolRequest                                    
[04/16/26 04:28:12] INFO     Processing request of type            server.py:727
                             CallToolRequest                                    
[04/16/26 04:28:14] INFO     Processing request of type            server.py:727
                             CallToolRequest                                    
[04/16/26 04:28:17] INFO     Processing request of type            server.py:727
                             CallToolRequest                                    
[04/16/26 04:28:21] INFO     Processing request of type            server.py:727
                             CallToolRequest                                    
                    INFO     HTTP Request: POST                  _client.py:1740
                             http://erp1.enpack.com.cn:13580/k3C                
                             loud/Kingdee.BOS.WebApi.ServicesStu                
                             b.DynamicFormService.ExecuteBillQue                
                             ry.common.kdsvc "HTTP/1.1 200 OK"                  
[04/16/26 04:28:25] INFO     Processing request of type            server.py:727
                             CallToolRequest                                    
[04/16/26 04:28:27] INFO     Processing request of type            server.py:727
                             CallToolRequest                                    
[04/16/26 04:28:30] INFO     Processing request of type            server.py:727
                             CallToolRequest                                    
[04/16/26 04:28:31] INFO     HTTP Request: POST                  _client.py:1740
                             http://erp1.enpack.com.cn:13580/k3C                
                             loud/Kingdee.BOS.WebApi.ServicesStu                
                             b.DynamicFormService.ExecuteBillQue                
                             ry.common.kdsvc "HTTP/1.1 200 OK"                  
[04/16/26 04:28:36] INFO     Processing request of type            server.py:727
                             CallToolRequest                                    
[04/16/26 04:28:40] INFO     Processing request of type            server.py:727
                             CallToolRequest                                    
                    INFO     HTTP Request: POST                  _client.py:1740
                             http://erp1.enpack.com.cn:13580/k3C                
                             loud/Kingdee.BOS.WebApi.ServicesStu                
                             b.DynamicFormService.ExecuteBillQue                
                             ry.common.kdsvc "HTTP/1.1 200 OK"                  
[04/16/26 04:28:45] INFO     Processing request of type            server.py:727
                             CallToolRequest                                    
                    INFO     HTTP Request: POST                  _client.py:1740
                             http://erp1.enpack.com.cn:13580/k3C                
                             loud/Kingdee.BOS.WebApi.ServicesStu                
                             b.DynamicFormService.ExecuteBillQue                
                             ry.common.kdsvc "HTTP/1.1 200 OK"                  
[04/16/26 04:28:49] INFO     Processing request of type            server.py:727
                             CallToolRequest                                    
[04/16/26 04:28:53] INFO     HTTP Request: POST                  _client.py:1740
                             http://erp1.enpack.com.cn:13580/k3C                
                             loud/Kingdee.BOS.WebApi.ServicesStu                
                             b.DynamicFormService.ExecuteBillQue                
                             ry.common.kdsvc "HTTP/1.1 200 OK"                  
[19/46] L3-04 (L3) — 12 fields / 12 tool calls: ['kingdee_list_cached_schemas', 'kingdee_get_schema', 'kingdee_get_schema', 'kingdee_get_relations', 'kingdee_query_bills', 'kingdee_get_wiki', 'kingdee_get_wiki', 'kingdee_query_materials', 'kingdee_query_bills', 'kingdee_query_bills', 'kingdee_query_inventory', 'kingdee_query_bills']
[04/16/26 04:29:05] INFO     Processing request of type            server.py:727
                             CallToolRequest                                    
[04/16/26 04:29:07] INFO     Processing request of type            server.py:727
                             CallToolRequest                                    
[04/16/26 04:29:09] INFO     Processing request of type            server.py:727
                             CallToolRequest                                    
[04/16/26 04:29:12] INFO     Processing request of type            server.py:727
                             CallToolRequest                                    
[04/16/26 04:29:15] INFO     Processing request of type            server.py:727
                             CallToolRequest                                    
[04/16/26 04:29:18] INFO     Processing request of type            server.py:727
                             CallToolRequest                                    
[04/16/26 04:29:21] INFO     Processing request of type            server.py:727
                             CallToolRequest                                    
[04/16/26 04:29:25] INFO     Processing request of type            server.py:727
                             CallToolRequest                                    
                    INFO     HTTP Request: POST                  _client.py:1740
                             http://erp1.enpack.com.cn:13580/k3C                
                             loud/Kingdee.BOS.WebApi.ServicesStu                
                             b.DynamicFormService.ExecuteBillQue                
                             ry.common.kdsvc "HTTP/1.1 200 OK"                  
[04/16/26 04:29:29] INFO     Processing request of type            server.py:727
                             CallToolRequest                                    
                    INFO     HTTP Request: POST                  _client.py:1740
                             http://erp1.enpack.com.cn:13580/k3C                
                             loud/Kingdee.BOS.WebApi.ServicesStu                
                             b.DynamicFormService.ExecuteBillQue                
                             ry.common.kdsvc "HTTP/1.1 200 OK"                  
[04/16/26 04:29:32] INFO     Processing request of type            server.py:727
                             CallToolRequest                                    
[04/16/26 04:29:33] INFO     HTTP Request: POST                  _client.py:1740
                             http://erp1.enpack.com.cn:13580/k3C                
                             loud/Kingdee.BOS.WebApi.ServicesStu                
                             b.DynamicFormService.ExecuteBillQue                
                             ry.common.kdsvc "HTTP/1.1 200 OK"                  
[04/16/26 04:29:35] INFO     Processing request of type            server.py:727
                             CallToolRequest                                    
                    INFO     HTTP Request: POST                  _client.py:1740
                             http://erp1.enpack.com.cn:13580/k3C                
                             loud/Kingdee.BOS.WebApi.ServicesStu                
                             b.DynamicFormService.ExecuteBillQue                
                             ry.common.kdsvc "HTTP/1.1 200 OK"                  
[20/46] L3-05 (L3) — 5 fields / 11 tool calls: ['kingdee_get_schema', 'kingdee_get_schema', 'kingdee_list_cached_schemas', 'kingdee_get_schema', 'kingdee_get_schema', 'kingdee_get_schema', 'kingdee_get_relations', 'kingdee_query_inventory', 'kingdee_query_materials', 'kingdee_query_materials', 'kingdee_query_materials']
[04/16/26 04:29:45] INFO     Processing request of type            server.py:727
                             CallToolRequest                                    
[04/16/26 04:29:49] INFO     Processing request of type            server.py:727
                             CallToolRequest                                    
[04/16/26 04:29:52] INFO     Processing request of type            server.py:727
                             CallToolRequest                                    
[04/16/26 04:29:54] INFO     Processing request of type            server.py:727
                             CallToolRequest                                    
[04/16/26 04:29:57] INFO     Processing request of type            server.py:727
                             CallToolRequest                                    
[04/16/26 04:30:03] INFO     Processing request of type            server.py:727
                             CallToolRequest                                    
                    INFO     HTTP Request: POST                  _client.py:1740
                             http://erp1.enpack.com.cn:13580/k3C                
                             loud/Kingdee.BOS.WebApi.ServicesStu                
                             b.DynamicFormService.ExecuteBillQue                
                             ry.common.kdsvc "HTTP/1.1 200 OK"                  
[04/16/26 04:30:07] INFO     Processing request of type            server.py:727
                             CallToolRequest                                    
[04/16/26 04:30:11] INFO     Processing request of type            server.py:727
                             CallToolRequest                                    
                    INFO     HTTP Request: POST                  _client.py:1740
                             http://erp1.enpack.com.cn:13580/k3C                
                             loud/Kingdee.BOS.WebApi.ServicesStu                
                             b.DynamicFormService.ExecuteBillQue                
                             ry.common.kdsvc "HTTP/1.1 200 OK"                  
[04/16/26 04:30:15] INFO     Processing request of type            server.py:727
                             CallToolRequest                                    
                    INFO     HTTP Request: POST                  _client.py:1740
                             http://erp1.enpack.com.cn:13580/k3C                
                             loud/Kingdee.BOS.WebApi.ServicesStu                
                             b.DynamicFormService.ExecuteBillQue                
                             ry.common.kdsvc "HTTP/1.1 200 OK"                  
[04/16/26 04:30:18] INFO     Processing request of type            server.py:727
                             CallToolRequest                                    
[04/16/26 04:30:19] INFO     HTTP Request: POST                  _client.py:1740
                             http://erp1.enpack.com.cn:13580/k3C                
                             loud/Kingdee.BOS.WebApi.ServicesStu                
                             b.DynamicFormService.ExecuteBillQue                
                             ry.common.kdsvc "HTTP/1.1 200 OK"                  
[04/16/26 04:30:22] INFO     Processing request of type            server.py:727
                             CallToolRequest                                    
                    INFO     HTTP Request: POST                  _client.py:1740
                             http://erp1.enpack.com.cn:13580/k3C                
                             loud/Kingdee.BOS.WebApi.ServicesStu                
                             b.DynamicFormService.ExecuteBillQue                
                             ry.common.kdsvc "HTTP/1.1 200 OK"                  
[04/16/26 04:30:26] INFO     Processing request of type            server.py:727
                             CallToolRequest                                    
                    INFO     HTTP Request: POST                  _client.py:1740
                             http://erp1.enpack.com.cn:13580/k3C                
                             loud/Kingdee.BOS.WebApi.ServicesStu                
                             b.DynamicFormService.ExecuteBillQue                
                             ry.common.kdsvc "HTTP/1.1 200 OK"                  
[21/46] L3-06 (L3) — 9 fields / 12 tool calls: ['kingdee_list_cached_schemas', 'kingdee_get_schema', 'kingdee_get_schema', 'kingdee_get_schema', 'kingdee_get_relations', 'kingdee_query_bills', 'kingdee_describe_form', 'kingdee_query_bills', 'kingdee_query_bills', 'kingdee_search_forms_online', 'kingdee_query_bills', 'kingdee_query_bills']
[04/16/26 04:30:36] INFO     Processing request of type            server.py:727
                             CallToolRequest                                    
[04/16/26 04:30:38] INFO     Processing request of type            server.py:727
                             CallToolRequest                                    
[04/16/26 04:30:41] INFO     Processing request of type            server.py:727
                             CallToolRequest                                    
[04/16/26 04:30:44] INFO     Processing request of type            server.py:727
                             CallToolRequest                                    
[04/16/26 04:30:48] INFO     Processing request of type            server.py:727
                             CallToolRequest                                    
                    INFO     HTTP Request: POST                  _client.py:1740
                             http://erp1.enpack.com.cn:13580/k3C                
                             loud/Kingdee.BOS.WebApi.ServicesStu                
                             b.DynamicFormService.ExecuteBillQue                
                             ry.common.kdsvc "HTTP/1.1 200 OK"                  
[04/16/26 04:30:51] INFO     Processing request of type            server.py:727
                             CallToolRequest                                    
[04/16/26 04:30:54] INFO     Processing request of type            server.py:727
                             CallToolRequest                                    
[04/16/26 04:30:57] INFO     Processing request of type            server.py:727
                             CallToolRequest                                    
[04/16/26 04:31:00] INFO     Processing request of type            server.py:727
                             CallToolRequest                                    
[04/16/26 04:31:01] INFO     HTTP Request: POST                  _client.py:1740
                             http://erp1.enpack.com.cn:13580/k3C                
                             loud/Kingdee.BOS.WebApi.ServicesStu                
                             b.DynamicFormService.ExecuteBillQue                
                             ry.common.kdsvc "HTTP/1.1 200 OK"                  
[04/16/26 04:31:06] INFO     Processing request of type            server.py:727
                             CallToolRequest                                    
                    INFO     HTTP Request: POST                  _client.py:1740
                             http://erp1.enpack.com.cn:13580/k3C                
                             loud/Kingdee.BOS.WebApi.ServicesStu                
                             b.DynamicFormService.ExecuteBillQue                
                             ry.common.kdsvc "HTTP/1.1 200 OK"                  
[04/16/26 04:31:09] INFO     Processing request of type            server.py:727
                             CallToolRequest                                    
[04/16/26 04:31:16] INFO     Processing request of type            server.py:727
                             CallToolRequest                                    
                    INFO     HTTP Request: POST                  _client.py:1740
                             http://erp1.enpack.com.cn:13580/k3C                
                             loud/Kingdee.BOS.WebApi.ServicesStu                
                             b.DynamicFormService.ExecuteBillQue                
                             ry.common.kdsvc "HTTP/1.1 200 OK"                  
[22/46] L4-01 (L4) — 8 fields / 12 tool calls: ['kingdee_get_schema', 'kingdee_get_schema', 'kingdee_list_cached_schemas', 'kingdee_get_schema', 'kingdee_query_bills', 'kingdee_get_wiki', 'kingdee_get_wiki', 'kingdee_describe_form', 'kingdee_query_bills', 'kingdee_query_bills', 'kingdee_get_relations', 'kingdee_query_bills']
[04/16/26 04:31:26] INFO     Processing request of type            server.py:727
                             CallToolRequest                                    
[04/16/26 04:31:29] INFO     Processing request of type            server.py:727
                             CallToolRequest                                    
[04/16/26 04:31:31] INFO     Processing request of type            server.py:727
                             CallToolRequest                                    
[04/16/26 04:31:34] INFO     Processing request of type            server.py:727
                             CallToolRequest                                    
[04/16/26 04:31:38] INFO     Processing request of type            server.py:727
                             CallToolRequest                                    
                    INFO     HTTP Request: POST                  _client.py:1740
                             http://erp1.enpack.com.cn:13580/k3C                
                             loud/Kingdee.BOS.WebApi.ServicesStu                
                             b.DynamicFormService.ExecuteBillQue                
                             ry.common.kdsvc "HTTP/1.1 200 OK"                  
[04/16/26 04:31:43] INFO     Processing request of type            server.py:727
                             CallToolRequest                                    
                    INFO     HTTP Request: POST                  _client.py:1740
                             http://erp1.enpack.com.cn:13580/k3C                
                             loud/Kingdee.BOS.WebApi.ServicesStu                
                             b.DynamicFormService.ExecuteBillQue                
                             ry.common.kdsvc "HTTP/1.1 200 OK"                  
[04/16/26 04:31:46] INFO     Processing request of type            server.py:727
                             CallToolRequest                                    
                    INFO     HTTP Request: POST                  _client.py:1740
                             http://erp1.enpack.com.cn:13580/k3C                
                             loud/Kingdee.BOS.WebApi.ServicesStu                
                             b.DynamicFormService.ExecuteBillQue                
                             ry.common.kdsvc "HTTP/1.1 200 OK"                  
[04/16/26 04:31:49] INFO     Processing request of type            server.py:727
                             CallToolRequest                                    
[04/16/26 04:31:52] INFO     Processing request of type            server.py:727
                             CallToolRequest                                    
[04/16/26 04:31:55] INFO     Processing request of type            server.py:727
                             CallToolRequest                                    
[04/16/26 04:32:01] INFO     Processing request of type            server.py:727
                             CallToolRequest                                    
[04/16/26 04:32:02] INFO     HTTP Request: POST                  _client.py:1740
                             http://erp1.enpack.com.cn:13580/k3C                
                             loud/Kingdee.BOS.WebApi.ServicesStu                
                             b.DynamicFormService.ExecuteBillQue                
                             ry.common.kdsvc "HTTP/1.1 200 OK"                  
[04/16/26 04:32:06] INFO     Processing request of type            server.py:727
                             CallToolRequest                                    
                    INFO     HTTP Request: POST                  _client.py:1740
                             http://erp1.enpack.com.cn:13580/k3C                
                             loud/Kingdee.BOS.WebApi.ServicesStu                
                             b.DynamicFormService.ExecuteBillQue                
                             ry.common.kdsvc "HTTP/1.1 200 OK"                  
[23/46] L4-02 (L4) — 9 fields / 12 tool calls: ['kingdee_get_schema', 'kingdee_get_schema', 'kingdee_list_cached_schemas', 'kingdee_get_schema', 'kingdee_query_materials', 'kingdee_query_bills', 'kingdee_search_forms_online', 'kingdee_describe_form', 'kingdee_get_wiki', 'kingdee_get_wiki', 'kingdee_query_bills', 'kingdee_query_materials']
[04/16/26 04:32:18] INFO     Processing request of type            server.py:727
                             CallToolRequest                                    
[04/16/26 04:32:22] INFO     Processing request of type            server.py:727
                             CallToolRequest                                    
[04/16/26 04:32:24] INFO     Processing request of type            server.py:727
                             CallToolRequest                                    
[04/16/26 04:32:27] INFO     Processing request of type            server.py:727
                             CallToolRequest                                    
[04/16/26 04:32:30] INFO     Processing request of type            server.py:727
                             CallToolRequest                                    
[04/16/26 04:32:33] INFO     Processing request of type            server.py:727
                             CallToolRequest                                    
[04/16/26 04:32:36] INFO     Processing request of type            server.py:727
                             CallToolRequest                                    
[04/16/26 04:32:39] INFO     Processing request of type            server.py:727
                             CallToolRequest                                    
                    INFO     HTTP Request: POST                  _client.py:1740
                             http://erp1.enpack.com.cn:13580/k3C                
                             loud/Kingdee.BOS.WebApi.ServicesStu                
                             b.DynamicFormService.ExecuteBillQue                
                             ry.common.kdsvc "HTTP/1.1 200 OK"                  
[04/16/26 04:32:42] INFO     Processing request of type            server.py:727
                             CallToolRequest                                    
[04/16/26 04:32:46] INFO     Processing request of type            server.py:727
                             CallToolRequest                                    
[04/16/26 04:32:50] INFO     Processing request of type            server.py:727
                             CallToolRequest                                    
[04/16/26 04:32:53] INFO     Processing request of type            server.py:727
                             CallToolRequest                                    
                    INFO     HTTP Request: POST                  _client.py:1740
                             http://erp1.enpack.com.cn:13580/k3C                
                             loud/Kingdee.BOS.WebApi.ServicesStu                
                             b.DynamicFormService.ExecuteBillQue                
                             ry.common.kdsvc "HTTP/1.1 200 OK"                  
[24/46] L4-03 (L4) — 13 fields / 12 tool calls: ['kingdee_list_cached_schemas', 'kingdee_get_wiki', 'kingdee_get_wiki', 'kingdee_search_forms_online', 'kingdee_search_forms_online', 'kingdee_get_schema', 'kingdee_get_schema', 'kingdee_query_bills', 'kingdee_get_relations', 'kingdee_search_forms_online', 'kingdee_search_forms_online', 'kingdee_query_bills']
[04/16/26 04:33:05] INFO     Processing request of type            server.py:727
                             CallToolRequest                                    
[04/16/26 04:33:08] INFO     Processing request of type            server.py:727
                             CallToolRequest                                    
[04/16/26 04:33:12] INFO     Processing request of type            server.py:727
                             CallToolRequest                                    
[04/16/26 04:33:15] INFO     Processing request of type            server.py:727
                             CallToolRequest                                    
[04/16/26 04:33:22] INFO     Processing request of type            server.py:727
                             CallToolRequest                                    
                    INFO     HTTP Request: POST                  _client.py:1740
                             http://erp1.enpack.com.cn:13580/k3C                
                             loud/Kingdee.BOS.WebApi.ServicesStu                
                             b.DynamicFormService.ExecuteBillQue                
                             ry.common.kdsvc "HTTP/1.1 200 OK"                  
[04/16/26 04:33:27] INFO     Processing request of type            server.py:727
                             CallToolRequest                                    
[04/16/26 04:33:30] INFO     Processing request of type            server.py:727
                             CallToolRequest                                    
[04/16/26 04:33:33] INFO     Processing request of type            server.py:727
                             CallToolRequest                                    
[04/16/26 04:33:38] INFO     Processing request of type            server.py:727
                             CallToolRequest                                    
[04/16/26 04:33:42] INFO     Processing request of type            server.py:727
                             CallToolRequest                                    
[04/16/26 04:33:43] INFO     HTTP Request: POST                  _client.py:1740
                             http://erp1.enpack.com.cn:13580/k3C                
                             loud/Kingdee.BOS.WebApi.ServicesStu                
                             b.DynamicFormService.ExecuteBillQue                
                             ry.common.kdsvc "HTTP/1.1 200 OK"                  
[04/16/26 04:33:47] INFO     Processing request of type            server.py:727
                             CallToolRequest                                    
                    INFO     HTTP Request: POST                  _client.py:1740
                             http://erp1.enpack.com.cn:13580/k3C                
                             loud/Kingdee.BOS.WebApi.ServicesStu                
                             b.DynamicFormService.ExecuteBillQue                
                             ry.common.kdsvc "HTTP/1.1 200 OK"                  
[04/16/26 04:33:51] INFO     Processing request of type            server.py:727
                             CallToolRequest                                    
                    INFO     HTTP Request: POST                  _client.py:1740
                             http://erp1.enpack.com.cn:13580/k3C                
                             loud/Kingdee.BOS.WebApi.ServicesStu                
                             b.DynamicFormService.ExecuteBillQue                
                             ry.common.kdsvc "HTTP/1.1 200 OK"                  
[25/46] L4-04 (L4) — 20 fields / 12 tool calls: ['kingdee_list_cached_schemas', 'kingdee_get_schema', 'kingdee_get_schema', 'kingdee_get_schema', 'kingdee_query_bills', 'kingdee_get_wiki', 'kingdee_get_wiki', 'kingdee_get_wiki', 'kingdee_get_schema', 'kingdee_query_bills', 'kingdee_query_bills', 'kingdee_query_bills']
[04/16/26 04:34:03] INFO     Processing request of type            server.py:727
                             CallToolRequest                                    
[04/16/26 04:34:06] INFO     Processing request of type            server.py:727
                             CallToolRequest                                    
[04/16/26 04:34:08] INFO     Processing request of type            server.py:727
                             CallToolRequest                                    
[04/16/26 04:34:12] INFO     Processing request of type            server.py:727
                             CallToolRequest                                    
[04/16/26 04:34:16] INFO     Processing request of type            server.py:727
                             CallToolRequest                                    
[04/16/26 04:34:22] INFO     Processing request of type            server.py:727
                             CallToolRequest                                    
                    INFO     HTTP Request: POST                  _client.py:1740
                             http://erp1.enpack.com.cn:13580/k3C                
                             loud/Kingdee.BOS.WebApi.ServicesStu                
                             b.DynamicFormService.ExecuteBillQue                
                             ry.common.kdsvc "HTTP/1.1 200 OK"                  
[04/16/26 04:34:25] INFO     Processing request of type            server.py:727
                             CallToolRequest                                    
[04/16/26 04:34:29] INFO     Processing request of type            server.py:727
                             CallToolRequest                                    
[04/16/26 04:34:34] INFO     Processing request of type            server.py:727
                             CallToolRequest                                    
                    INFO     HTTP Request: POST                  _client.py:1740
                             http://erp1.enpack.com.cn:13580/k3C                
                             loud/Kingdee.BOS.WebApi.ServicesStu                
                             b.DynamicFormService.ExecuteBillQue                
                             ry.common.kdsvc "HTTP/1.1 200 OK"                  
[04/16/26 04:34:38] INFO     Processing request of type            server.py:727
                             CallToolRequest                                    
                    INFO     HTTP Request: POST                  _client.py:1740
                             http://erp1.enpack.com.cn:13580/k3C                
                             loud/Kingdee.BOS.WebApi.ServicesStu                
                             b.DynamicFormService.ExecuteBillQue                
                             ry.common.kdsvc "HTTP/1.1 200 OK"                  
[04/16/26 04:34:45] INFO     Processing request of type            server.py:727
                             CallToolRequest                                    
                    INFO     HTTP Request: POST                  _client.py:1740
                             http://erp1.enpack.com.cn:13580/k3C                
                             loud/Kingdee.BOS.WebApi.ServicesStu                
                             b.DynamicFormService.ExecuteBillQue                
                             ry.common.kdsvc "HTTP/1.1 200 OK"                  
[04/16/26 04:34:50] INFO     Processing request of type            server.py:727
                             CallToolRequest                                    
                    INFO     HTTP Request: POST                  _client.py:1740
                             http://erp1.enpack.com.cn:13580/k3C                
                             loud/Kingdee.BOS.WebApi.ServicesStu                
                             b.DynamicFormService.ExecuteBillQue                
                             ry.common.kdsvc "HTTP/1.1 200 OK"                  
[26/46] L4-05 (L4) — 10 fields / 12 tool calls: ['kingdee_get_schema', 'kingdee_get_schema', 'kingdee_list_cached_schemas', 'kingdee_get_schema', 'kingdee_get_schema', 'kingdee_query_bills', 'kingdee_get_wiki', 'kingdee_get_wiki', 'kingdee_query_bills', 'kingdee_query_bills', 'kingdee_query_bills', 'kingdee_query_bills']
[04/16/26 04:35:02] INFO     Processing request of type            server.py:727
                             CallToolRequest                                    
[04/16/26 04:35:05] INFO     Processing request of type            server.py:727
                             CallToolRequest                                    
[04/16/26 04:35:08] INFO     Processing request of type            server.py:727
                             CallToolRequest                                    
[04/16/26 04:35:12] INFO     Processing request of type            server.py:727
                             CallToolRequest                                    
[04/16/26 04:35:15] INFO     Processing request of type            server.py:727
                             CallToolRequest                                    
[04/16/26 04:35:19] INFO     Processing request of type            server.py:727
                             CallToolRequest                                    
[04/16/26 04:35:23] INFO     Processing request of type            server.py:727
                             CallToolRequest                                    
[04/16/26 04:35:28] INFO     Processing request of type            server.py:727
                             CallToolRequest                                    
                    INFO     HTTP Request: POST                  _client.py:1740
                             http://erp1.enpack.com.cn:13580/k3C                
                             loud/Kingdee.BOS.WebApi.ServicesStu                
                             b.DynamicFormService.ExecuteBillQue                
                             ry.common.kdsvc "HTTP/1.1 200 OK"                  
[04/16/26 04:35:31] INFO     Processing request of type            server.py:727
                             CallToolRequest                                    
                    INFO     HTTP Request: POST                  _client.py:1740
                             http://erp1.enpack.com.cn:13580/k3C                
                             loud/Kingdee.BOS.WebApi.ServicesStu                
                             b.DynamicFormService.ExecuteBillQue                
                             ry.common.kdsvc "HTTP/1.1 200 OK"                  
[04/16/26 04:35:34] INFO     Processing request of type            server.py:727
                             CallToolRequest                                    
                    INFO     HTTP Request: POST                  _client.py:1740
                             http://erp1.enpack.com.cn:13580/k3C                
                             loud/Kingdee.BOS.WebApi.ServicesStu                
                             b.DynamicFormService.ExecuteBillQue                
                             ry.common.kdsvc "HTTP/1.1 200 OK"                  
[04/16/26 04:35:37] INFO     Processing request of type            server.py:727
                             CallToolRequest                                    
[04/16/26 04:35:40] INFO     Processing request of type            server.py:727
                             CallToolRequest                                    
[27/46] L5-01 (L5) — 9 fields / 12 tool calls: ['kingdee_get_schema', 'kingdee_list_cached_schemas', 'kingdee_get_schema', 'kingdee_get_schema', 'kingdee_get_schema', 'kingdee_describe_form', 'kingdee_query_bills', 'kingdee_query_bills', 'kingdee_search_forms_online', 'kingdee_search_forms_online', 'kingdee_get_wiki', 'kingdee_get_wiki']
[04/16/26 04:35:52] INFO     Processing request of type            server.py:727
                             CallToolRequest                                    
[04/16/26 04:35:55] INFO     Processing request of type            server.py:727
                             CallToolRequest                                    
[04/16/26 04:35:57] INFO     Processing request of type            server.py:727
                             CallToolRequest                                    
[04/16/26 04:36:01] INFO     Processing request of type            server.py:727
                             CallToolRequest                                    
[04/16/26 04:36:04] INFO     Processing request of type            server.py:727
                             CallToolRequest                                    
[04/16/26 04:36:07] INFO     Processing request of type            server.py:727
                             CallToolRequest                                    
[04/16/26 04:36:10] INFO     Processing request of type            server.py:727
                             CallToolRequest                                    
                    INFO     HTTP Request: POST                  _client.py:1740
                             http://erp1.enpack.com.cn:13580/k3C                
                             loud/Kingdee.BOS.WebApi.ServicesStu                
                             b.DynamicFormService.ExecuteBillQue                
                             ry.common.kdsvc "HTTP/1.1 200 OK"                  
[04/16/26 04:36:14] INFO     Processing request of type            server.py:727
                             CallToolRequest                                    
[04/16/26 04:36:17] INFO     Processing request of type            server.py:727
                             CallToolRequest                                    
[04/16/26 04:36:22] INFO     Processing request of type            server.py:727
                             CallToolRequest                                    
                    INFO     HTTP Request: POST                  _client.py:1740
                             http://erp1.enpack.com.cn:13580/k3C                
                             loud/Kingdee.BOS.WebApi.ServicesStu                
                             b.DynamicFormService.ExecuteBillQue                
                             ry.common.kdsvc "HTTP/1.1 200 OK"                  
[04/16/26 04:36:26] INFO     Processing request of type            server.py:727
                             CallToolRequest                                    
                    INFO     HTTP Request: POST                  _client.py:1740
                             http://erp1.enpack.com.cn:13580/k3C                
                             loud/Kingdee.BOS.WebApi.ServicesStu                
                             b.DynamicFormService.ExecuteBillQue                
                             ry.common.kdsvc "HTTP/1.1 200 OK"                  
[04/16/26 04:36:29] INFO     Processing request of type            server.py:727
                             CallToolRequest                                    
                    INFO     HTTP Request: POST                  _client.py:1740
                             http://erp1.enpack.com.cn:13580/k3C                
                             loud/Kingdee.BOS.WebApi.ServicesStu                
                             b.DynamicFormService.ExecuteBillQue                
                             ry.common.kdsvc "HTTP/1.1 200 OK"                  
[28/46] L5-02 (L5) — 8 fields / 12 tool calls: ['kingdee_get_schema', 'kingdee_get_schema', 'kingdee_list_cached_schemas', 'kingdee_get_schema', 'kingdee_describe_form', 'kingdee_query_materials', 'kingdee_query_materials', 'kingdee_get_wiki', 'kingdee_get_wiki', 'kingdee_query_materials', 'kingdee_search_forms_online', 'kingdee_search_forms_online']
[04/16/26 04:36:42] INFO     Processing request of type            server.py:727
                             CallToolRequest                                    
[04/16/26 04:36:45] INFO     Processing request of type            server.py:727
                             CallToolRequest                                    
[04/16/26 04:36:47] INFO     Processing request of type            server.py:727
                             CallToolRequest                                    
[04/16/26 04:36:50] INFO     Processing request of type            server.py:727
                             CallToolRequest                                    
[04/16/26 04:36:54] INFO     Processing request of type            server.py:727
                             CallToolRequest                                    
[04/16/26 04:37:01] INFO     Processing request of type            server.py:727
                             CallToolRequest                                    
[04/16/26 04:37:05] INFO     Processing request of type            server.py:727
                             CallToolRequest                                    
[04/16/26 04:37:10] INFO     Processing request of type            server.py:727
                             CallToolRequest                                    
[04/16/26 04:37:11] INFO     HTTP Request: POST                  _client.py:1740
                             http://erp1.enpack.com.cn:13580/k3C                
                             loud/Kingdee.BOS.WebApi.ServicesStu                
                             b.DynamicFormService.ExecuteBillQue                
                             ry.common.kdsvc "HTTP/1.1 200 OK"                  
[04/16/26 04:37:22] INFO     Processing request of type            server.py:727
                             CallToolRequest                                    
                    INFO     HTTP Request: POST                  _client.py:1740
                             http://erp1.enpack.com.cn:13580/k3C                
                             loud/Kingdee.BOS.WebApi.ServicesStu                
                             b.DynamicFormService.ExecuteBillQue                
                             ry.common.kdsvc "HTTP/1.1 200 OK"                  
[04/16/26 04:37:29] INFO     Processing request of type            server.py:727
                             CallToolRequest                                    
                    INFO     HTTP Request: POST                  _client.py:1740
                             http://erp1.enpack.com.cn:13580/k3C                
                             loud/Kingdee.BOS.WebApi.ServicesStu                
                             b.DynamicFormService.ExecuteBillQue                
                             ry.common.kdsvc "HTTP/1.1 200 OK"                  
[04/16/26 04:37:35] INFO     Processing request of type            server.py:727
                             CallToolRequest                                    
                    INFO     HTTP Request: POST                  _client.py:1740
                             http://erp1.enpack.com.cn:13580/k3C                
                             loud/Kingdee.BOS.WebApi.ServicesStu                
                             b.DynamicFormService.ExecuteBillQue                
                             ry.common.kdsvc "HTTP/1.1 200 OK"                  
[04/16/26 04:37:40] INFO     Processing request of type            server.py:727
                             CallToolRequest                                    
[29/46] L5-03 (L5) — 11 fields / 12 tool calls: ['kingdee_get_schema', 'kingdee_get_schema', 'kingdee_list_cached_schemas', 'kingdee_get_schema', 'kingdee_get_schema', 'kingdee_get_wiki', 'kingdee_get_wiki', 'kingdee_query_bills', 'kingdee_query_bills', 'kingdee_query_bills', 'kingdee_query_bills', 'kingdee_get_wiki']
[04/16/26 04:37:56] INFO     Processing request of type            server.py:727
                             CallToolRequest                                    
[04/16/26 04:37:59] INFO     Processing request of type            server.py:727
                             CallToolRequest                                    
[04/16/26 04:38:02] INFO     Processing request of type            server.py:727
                             CallToolRequest                                    
[04/16/26 04:38:05] INFO     Processing request of type            server.py:727
                             CallToolRequest                                    
[04/16/26 04:38:09] INFO     Processing request of type            server.py:727
                             CallToolRequest                                    
[04/16/26 04:38:12] INFO     Processing request of type            server.py:727
                             CallToolRequest                                    
[04/16/26 04:38:17] INFO     Processing request of type            server.py:727
                             CallToolRequest                                    
                    INFO     HTTP Request: POST                  _client.py:1740
                             http://erp1.enpack.com.cn:13580/k3C                
                             loud/Kingdee.BOS.WebApi.ServicesStu                
                             b.DynamicFormService.ExecuteBillQue                
                             ry.common.kdsvc "HTTP/1.1 200 OK"                  
[04/16/26 04:38:21] INFO     Processing request of type            server.py:727
                             CallToolRequest                                    
                    INFO     HTTP Request: POST                  _client.py:1740
                             http://erp1.enpack.com.cn:13580/k3C                
                             loud/Kingdee.BOS.WebApi.ServicesStu                
                             b.DynamicFormService.ExecuteBillQue                
                             ry.common.kdsvc "HTTP/1.1 200 OK"                  
[04/16/26 04:38:26] INFO     Processing request of type            server.py:727
                             CallToolRequest                                    
                    INFO     HTTP Request: POST                  _client.py:1740
                             http://erp1.enpack.com.cn:13580/k3C                
                             loud/Kingdee.BOS.WebApi.ServicesStu                
                             b.DynamicFormService.ExecuteBillQue                
                             ry.common.kdsvc "HTTP/1.1 200 OK"                  
[04/16/26 04:38:29] INFO     Processing request of type            server.py:727
                             CallToolRequest                                    
[04/16/26 04:38:32] INFO     Processing request of type            server.py:727
                             CallToolRequest                                    
                    INFO     HTTP Request: POST                  _client.py:1740
                             http://erp1.enpack.com.cn:13580/k3C                
                             loud/Kingdee.BOS.WebApi.ServicesStu                
                             b.DynamicFormService.ExecuteBillQue                
                             ry.common.kdsvc "HTTP/1.1 200 OK"                  
[04/16/26 04:38:35] INFO     Processing request of type            server.py:727
                             CallToolRequest                                    
                    INFO     HTTP Request: POST                  _client.py:1740
                             http://erp1.enpack.com.cn:13580/k3C                
                             loud/Kingdee.BOS.WebApi.ServicesStu                
                             b.DynamicFormService.ExecuteBillQue                
                             ry.common.kdsvc "HTTP/1.1 200 OK"                  
[30/46] L6-01 (L6) — 8 fields / 12 tool calls: ['kingdee_get_schema', 'kingdee_list_cached_schemas', 'kingdee_get_schema', 'kingdee_get_schema', 'kingdee_get_wiki', 'kingdee_get_wiki', 'kingdee_query_bills', 'kingdee_query_bills', 'kingdee_query_bills', 'kingdee_describe_form', 'kingdee_search_forms_online', 'kingdee_search_forms_online']
[04/16/26 04:38:45] INFO     Processing request of type            server.py:727
                             CallToolRequest                                    
[04/16/26 04:38:49] INFO     Processing request of type            server.py:727
                             CallToolRequest                                    
[04/16/26 04:38:51] INFO     Processing request of type            server.py:727
                             CallToolRequest                                    
[04/16/26 04:38:54] INFO     Processing request of type            server.py:727
                             CallToolRequest                                    
[04/16/26 04:38:57] INFO     Processing request of type            server.py:727
                             CallToolRequest                                    
[04/16/26 04:39:00] INFO     Processing request of type            server.py:727
                             CallToolRequest                                    
[04/16/26 04:39:05] INFO     Processing request of type            server.py:727
                             CallToolRequest                                    
                    INFO     HTTP Request: POST                  _client.py:1740
                             http://erp1.enpack.com.cn:13580/k3C                
                             loud/Kingdee.BOS.WebApi.ServicesStu                
                             b.DynamicFormService.ExecuteBillQue                
                             ry.common.kdsvc "HTTP/1.1 200 OK"                  
[04/16/26 04:39:09] INFO     Processing request of type            server.py:727
                             CallToolRequest                                    
                    INFO     HTTP Request: POST                  _client.py:1740
                             http://erp1.enpack.com.cn:13580/k3C                
                             loud/Kingdee.BOS.WebApi.ServicesStu                
                             b.DynamicFormService.ExecuteBillQue                
                             ry.common.kdsvc "HTTP/1.1 200 OK"                  
[04/16/26 04:39:12] INFO     Processing request of type            server.py:727
                             CallToolRequest                                    
                    INFO     HTTP Request: POST                  _client.py:1740
                             http://erp1.enpack.com.cn:13580/k3C                
                             loud/Kingdee.BOS.WebApi.ServicesStu                
                             b.DynamicFormService.ExecuteBillQue                
                             ry.common.kdsvc "HTTP/1.1 200 OK"                  
[04/16/26 04:39:16] INFO     Processing request of type            server.py:727
                             CallToolRequest                                    
                    INFO     HTTP Request: POST                  _client.py:1740
                             http://erp1.enpack.com.cn:13580/k3C                
                             loud/Kingdee.BOS.WebApi.ServicesStu                
                             b.DynamicFormService.ExecuteBillQue                
                             ry.common.kdsvc "HTTP/1.1 200 OK"                  
[04/16/26 04:39:19] INFO     Processing request of type            server.py:727
                             CallToolRequest                                    
[04/16/26 04:39:22] INFO     Processing request of type            server.py:727
                             CallToolRequest                                    
[31/46] L6-02 (L6) — 9 fields / 12 tool calls: ['kingdee_list_cached_schemas', 'kingdee_get_schema', 'kingdee_get_schema', 'kingdee_get_schema', 'kingdee_get_wiki', 'kingdee_get_wiki', 'kingdee_query_bills', 'kingdee_search_forms_online', 'kingdee_search_forms_online', 'kingdee_query_bills', 'kingdee_describe_form', 'kingdee_describe_form']
[04/16/26 04:39:33] INFO     Processing request of type            server.py:727
                             CallToolRequest                                    
[04/16/26 04:39:36] INFO     Processing request of type            server.py:727
                             CallToolRequest                                    
[04/16/26 04:39:39] INFO     Processing request of type            server.py:727
                             CallToolRequest                                    
[04/16/26 04:39:42] INFO     Processing request of type            server.py:727
                             CallToolRequest                                    
[04/16/26 04:39:44] INFO     Processing request of type            server.py:727
                             CallToolRequest                                    
[04/16/26 04:39:47] INFO     Processing request of type            server.py:727
                             CallToolRequest                                    
[04/16/26 04:39:50] INFO     Processing request of type            server.py:727
                             CallToolRequest                                    
                    INFO     HTTP Request: POST                  _client.py:1740
                             http://erp1.enpack.com.cn:13580/k3C                
                             loud/Kingdee.BOS.WebApi.ServicesStu                
                             b.DynamicFormService.ExecuteBillQue                
                             ry.common.kdsvc "HTTP/1.1 200 OK"                  
[04/16/26 04:39:55] INFO     Processing request of type            server.py:727
                             CallToolRequest                                    
                    INFO     HTTP Request: POST                  _client.py:1740
                             http://erp1.enpack.com.cn:13580/k3C                
                             loud/Kingdee.BOS.WebApi.ServicesStu                
                             b.DynamicFormService.ExecuteBillQue                
                             ry.common.kdsvc "HTTP/1.1 200 OK"                  
[04/16/26 04:39:59] INFO     Processing request of type            server.py:727
                             CallToolRequest                                    
                    INFO     HTTP Request: POST                  _client.py:1740
                             http://erp1.enpack.com.cn:13580/k3C                
                             loud/Kingdee.BOS.WebApi.ServicesStu                
                             b.DynamicFormService.ExecuteBillQue                
                             ry.common.kdsvc "HTTP/1.1 200 OK"                  
[04/16/26 04:40:03] INFO     Processing request of type            server.py:727
                             CallToolRequest                                    
                    INFO     HTTP Request: POST                  _client.py:1740
                             http://erp1.enpack.com.cn:13580/k3C                
                             loud/Kingdee.BOS.WebApi.ServicesStu                
                             b.DynamicFormService.ExecuteBillQue                
                             ry.common.kdsvc "HTTP/1.1 200 OK"                  
[04/16/26 04:40:07] INFO     Processing request of type            server.py:727
                             CallToolRequest                                    
                    INFO     HTTP Request: POST                  _client.py:1740
                             http://erp1.enpack.com.cn:13580/k3C                
                             loud/Kingdee.BOS.WebApi.ServicesStu                
                             b.DynamicFormService.ExecuteBillQue                
                             ry.common.kdsvc "HTTP/1.1 200 OK"                  
[04/16/26 04:40:11] INFO     Processing request of type            server.py:727
                             CallToolRequest                                    
                    INFO     HTTP Request: POST                  _client.py:1740
                             http://erp1.enpack.com.cn:13580/k3C                
                             loud/Kingdee.BOS.WebApi.ServicesStu                
                             b.DynamicFormService.ExecuteBillQue                
                             ry.common.kdsvc "HTTP/1.1 200 OK"                  
[32/46] L6-03 (L6) — 9 fields / 12 tool calls: ['kingdee_list_cached_schemas', 'kingdee_get_wiki', 'kingdee_get_wiki', 'kingdee_get_schema', 'kingdee_get_schema', 'kingdee_get_schema', 'kingdee_query_inventory', 'kingdee_query_bills', 'kingdee_query_materials', 'kingdee_query_inventory', 'kingdee_query_materials', 'kingdee_query_inventory']
[04/16/26 04:40:26] INFO     Processing request of type            server.py:727
                             CallToolRequest                                    
[04/16/26 04:40:29] INFO     Processing request of type            server.py:727
                             CallToolRequest                                    
[04/16/26 04:40:32] INFO     Processing request of type            server.py:727
                             CallToolRequest                                    
[04/16/26 04:40:35] INFO     Processing request of type            server.py:727
                             CallToolRequest                                    
[04/16/26 04:40:39] INFO     Processing request of type            server.py:727
                             CallToolRequest                                    
[04/16/26 04:40:41] INFO     Processing request of type            server.py:727
                             CallToolRequest                                    
[04/16/26 04:40:46] INFO     Processing request of type            server.py:727
                             CallToolRequest                                    
                    INFO     HTTP Request: POST                  _client.py:1740
                             http://erp1.enpack.com.cn:13580/k3C                
                             loud/Kingdee.BOS.WebApi.ServicesStu                
                             b.DynamicFormService.ExecuteBillQue                
                             ry.common.kdsvc "HTTP/1.1 200 OK"                  
[04/16/26 04:40:49] INFO     Processing request of type            server.py:727
                             CallToolRequest                                    
[04/16/26 04:40:53] INFO     Processing request of type            server.py:727
                             CallToolRequest                                    
                    INFO     HTTP Request: POST                  _client.py:1740
                             http://erp1.enpack.com.cn:13580/k3C                
                             loud/Kingdee.BOS.WebApi.ServicesStu                
                             b.DynamicFormService.ExecuteBillQue                
                             ry.common.kdsvc "HTTP/1.1 200 OK"                  
[04/16/26 04:40:57] INFO     Processing request of type            server.py:727
                             CallToolRequest                                    
                    INFO     HTTP Request: POST                  _client.py:1740
                             http://erp1.enpack.com.cn:13580/k3C                
                             loud/Kingdee.BOS.WebApi.ServicesStu                
                             b.DynamicFormService.ExecuteBillQue                
                             ry.common.kdsvc "HTTP/1.1 200 OK"                  
[04/16/26 04:41:01] INFO     Processing request of type            server.py:727
                             CallToolRequest                                    
                    INFO     HTTP Request: POST                  _client.py:1740
                             http://erp1.enpack.com.cn:13580/k3C                
                             loud/Kingdee.BOS.WebApi.ServicesStu                
                             b.DynamicFormService.ExecuteBillQue                
                             ry.common.kdsvc "HTTP/1.1 200 OK"                  
[04/16/26 04:41:05] INFO     Processing request of type            server.py:727
                             CallToolRequest                                    
[33/46] L6-04 (L6) — 11 fields / 12 tool calls: ['kingdee_get_schema', 'kingdee_list_cached_schemas', 'kingdee_search_forms_online', 'kingdee_search_forms_online', 'kingdee_get_wiki', 'kingdee_get_wiki', 'kingdee_query_bills', 'kingdee_describe_form', 'kingdee_query_bills', 'kingdee_query_bills', 'kingdee_query_bills', 'kingdee_get_schema']
[04/16/26 04:41:19] INFO     Processing request of type            server.py:727
                             CallToolRequest                                    
[04/16/26 04:41:22] INFO     Processing request of type            server.py:727
                             CallToolRequest                                    
[04/16/26 04:41:25] INFO     Processing request of type            server.py:727
                             CallToolRequest                                    
[04/16/26 04:41:28] INFO     Processing request of type            server.py:727
                             CallToolRequest                                    
[04/16/26 04:41:31] INFO     Processing request of type            server.py:727
                             CallToolRequest                                    
[04/16/26 04:41:35] INFO     Processing request of type            server.py:727
                             CallToolRequest                                    
                    INFO     HTTP Request: POST                  _client.py:1740
                             http://erp1.enpack.com.cn:13580/k3C                
                             loud/Kingdee.BOS.WebApi.ServicesStu                
                             b.DynamicFormService.ExecuteBillQue                
                             ry.common.kdsvc "HTTP/1.1 200 OK"                  
[04/16/26 04:41:38] INFO     Processing request of type            server.py:727
                             CallToolRequest                                    
                    INFO     HTTP Request: POST                  _client.py:1740
                             http://erp1.enpack.com.cn:13580/k3C                
                             loud/Kingdee.BOS.WebApi.ServicesStu                
                             b.DynamicFormService.ExecuteBillQue                
                             ry.common.kdsvc "HTTP/1.1 200 OK"                  
[04/16/26 04:41:41] INFO     Processing request of type            server.py:727
                             CallToolRequest                                    
[04/16/26 04:41:45] INFO     Processing request of type            server.py:727
                             CallToolRequest                                    
                    INFO     HTTP Request: POST                  _client.py:1740
                             http://erp1.enpack.com.cn:13580/k3C                
                             loud/Kingdee.BOS.WebApi.ServicesStu                
                             b.DynamicFormService.ExecuteBillQue                
                             ry.common.kdsvc "HTTP/1.1 200 OK"                  
[04/16/26 04:41:48] INFO     Processing request of type            server.py:727
                             CallToolRequest                                    
[04/16/26 04:41:49] INFO     HTTP Request: POST                  _client.py:1740
                             http://erp1.enpack.com.cn:13580/k3C                
                             loud/Kingdee.BOS.WebApi.ServicesStu                
                             b.DynamicFormService.QueryBusinessI                
                             nfo.common.kdsvc "HTTP/1.1 200 OK"                 
[04/16/26 04:41:52] INFO     Processing request of type            server.py:727
                             CallToolRequest                                    
[04/16/26 04:41:53] INFO     HTTP Request: POST                  _client.py:1740
                             http://erp1.enpack.com.cn:13580/k3C                
                             loud/Kingdee.BOS.WebApi.ServicesStu                
                             b.DynamicFormService.ExecuteBillQue                
                             ry.common.kdsvc "HTTP/1.1 200 OK"                  
[04/16/26 04:41:56] INFO     Processing request of type            server.py:727
                             CallToolRequest                                    
[34/46] L6-05 (L6) — 11 fields / 12 tool calls: ['kingdee_list_cached_schemas', 'kingdee_get_schema', 'kingdee_get_schema', 'kingdee_get_wiki', 'kingdee_get_wiki', 'kingdee_query_bills', 'kingdee_query_bills', 'kingdee_get_schema', 'kingdee_query_bills', 'kingdee_describe_form', 'kingdee_query_bills', 'kingdee_get_schema']
[04/16/26 04:42:07] INFO     Processing request of type            server.py:727
                             CallToolRequest                                    
[04/16/26 04:42:10] INFO     Processing request of type            server.py:727
                             CallToolRequest                                    
[04/16/26 04:42:12] INFO     Processing request of type            server.py:727
                             CallToolRequest                                    
[04/16/26 04:42:15] INFO     Processing request of type            server.py:727
                             CallToolRequest                                    
[04/16/26 04:42:17] INFO     Processing request of type            server.py:727
                             CallToolRequest                                    
[04/16/26 04:42:20] INFO     Processing request of type            server.py:727
                             CallToolRequest                                    
[04/16/26 04:42:22] INFO     Processing request of type            server.py:727
                             CallToolRequest                                    
[04/16/26 04:42:25] INFO     Processing request of type            server.py:727
                             CallToolRequest                                    
                    INFO     HTTP Request: POST                  _client.py:1740
                             http://erp1.enpack.com.cn:13580/k3C                
                             loud/Kingdee.BOS.WebApi.ServicesStu                
                             b.DynamicFormService.ExecuteBillQue                
                             ry.common.kdsvc "HTTP/1.1 200 OK"                  
[04/16/26 04:42:28] INFO     Processing request of type            server.py:727
                             CallToolRequest                                    
                    INFO     HTTP Request: POST                  _client.py:1740
                             http://erp1.enpack.com.cn:13580/k3C                
                             loud/Kingdee.BOS.WebApi.ServicesStu                
                             b.DynamicFormService.ExecuteBillQue                
                             ry.common.kdsvc "HTTP/1.1 200 OK"                  
[04/16/26 04:42:30] INFO     Processing request of type            server.py:727
                             CallToolRequest                                    
[04/16/26 04:42:33] INFO     Processing request of type            server.py:727
                             CallToolRequest                                    
[04/16/26 04:42:34] INFO     HTTP Request: POST                  _client.py:1740
                             http://erp1.enpack.com.cn:13580/k3C                
                             loud/Kingdee.BOS.WebApi.ServicesStu                
                             b.DynamicFormService.ExecuteBillQue                
                             ry.common.kdsvc "HTTP/1.1 200 OK"                  
[04/16/26 04:42:36] INFO     Processing request of type            server.py:727
                             CallToolRequest                                    
                    INFO     HTTP Request: POST                  _client.py:1740
                             http://erp1.enpack.com.cn:13580/k3C                
                             loud/Kingdee.BOS.WebApi.ServicesStu                
                             b.DynamicFormService.ExecuteBillQue                
                             ry.common.kdsvc "HTTP/1.1 200 OK"                  
[35/46] L6-06 (L6) — 6 fields / 12 tool calls: ['kingdee_list_cached_schemas', 'kingdee_get_schema', 'kingdee_get_schema', 'kingdee_get_schema', 'kingdee_get_schema', 'kingdee_get_wiki', 'kingdee_get_wiki', 'kingdee_query_inventory', 'kingdee_query_materials', 'kingdee_get_relations', 'kingdee_search_forms_online', 'kingdee_search_forms_online']
[04/16/26 04:42:46] INFO     Processing request of type            server.py:727
                             CallToolRequest                                    
[04/16/26 04:42:49] INFO     Processing request of type            server.py:727
                             CallToolRequest                                    
[04/16/26 04:42:52] INFO     Processing request of type            server.py:727
                             CallToolRequest                                    
[04/16/26 04:42:54] INFO     Processing request of type            server.py:727
                             CallToolRequest                                    
[04/16/26 04:42:57] INFO     Processing request of type            server.py:727
                             CallToolRequest                                    
[04/16/26 04:42:59] INFO     Processing request of type            server.py:727
                             CallToolRequest                                    
[04/16/26 04:43:02] INFO     Processing request of type            server.py:727
                             CallToolRequest                                    
[04/16/26 04:43:04] INFO     Processing request of type            server.py:727
                             CallToolRequest                                    
[04/16/26 04:43:07] INFO     Processing request of type            server.py:727
                             CallToolRequest                                    
[04/16/26 04:43:11] INFO     Processing request of type            server.py:727
                             CallToolRequest                                    
[04/16/26 04:43:15] INFO     Processing request of type            server.py:727
                             CallToolRequest                                    
[04/16/26 04:43:18] INFO     Processing request of type            server.py:727
                             CallToolRequest                                    
[36/46] L6-07 (L6) — 7 fields / 12 tool calls: ['kingdee_list_cached_schemas', 'kingdee_get_schema', 'kingdee_get_schema', 'kingdee_get_schema', 'kingdee_get_wiki', 'kingdee_get_wiki', 'kingdee_search_forms_online', 'kingdee_search_forms_online', 'kingdee_query_bills', 'kingdee_query_bills', 'kingdee_query_bills', 'kingdee_query_bills']
[04/16/26 04:43:26] INFO     Processing request of type            server.py:727
                             CallToolRequest                                    
[04/16/26 04:43:29] INFO     Processing request of type            server.py:727
                             CallToolRequest                                    
[04/16/26 04:43:32] INFO     Processing request of type            server.py:727
                             CallToolRequest                                    
[04/16/26 04:43:34] INFO     Processing request of type            server.py:727
                             CallToolRequest                                    
[04/16/26 04:43:37] INFO     Processing request of type            server.py:727
                             CallToolRequest                                    
[04/16/26 04:43:40] INFO     Processing request of type            server.py:727
                             CallToolRequest                                    
                    INFO     HTTP Request: POST                  _client.py:1740
                             http://erp1.enpack.com.cn:13580/k3C                
                             loud/Kingdee.BOS.WebApi.ServicesStu                
                             b.DynamicFormService.ExecuteBillQue                
                             ry.common.kdsvc "HTTP/1.1 200 OK"                  
[04/16/26 04:43:43] INFO     Processing request of type            server.py:727
                             CallToolRequest                                    
[04/16/26 04:43:46] INFO     Processing request of type            server.py:727
                             CallToolRequest                                    
                    INFO     HTTP Request: POST                  _client.py:1740
                             http://erp1.enpack.com.cn:13580/k3C                
                             loud/Kingdee.BOS.WebApi.ServicesStu                
                             b.DynamicFormService.ExecuteBillQue                
                             ry.common.kdsvc "HTTP/1.1 200 OK"                  
[04/16/26 04:43:48] INFO     Processing request of type            server.py:727
                             CallToolRequest                                    
[04/16/26 04:43:51] INFO     Processing request of type            server.py:727
                             CallToolRequest                                    
                    INFO     HTTP Request: POST                  _client.py:1740
                             http://erp1.enpack.com.cn:13580/k3C                
                             loud/Kingdee.BOS.WebApi.ServicesStu                
                             b.DynamicFormService.ExecuteBillQue                
                             ry.common.kdsvc "HTTP/1.1 200 OK"                  
[04/16/26 04:43:54] INFO     Processing request of type            server.py:727
                             CallToolRequest                                    
[04/16/26 04:43:57] INFO     Processing request of type            server.py:727
                             CallToolRequest                                    
                    INFO     HTTP Request: POST                  _client.py:1740
                             http://erp1.enpack.com.cn:13580/k3C                
                             loud/Kingdee.BOS.WebApi.ServicesStu                
                             b.DynamicFormService.ExecuteBillQue                
                             ry.common.kdsvc "HTTP/1.1 200 OK"                  
[37/46] L7-01 (L7) — 13 fields / 12 tool calls: ['kingdee_list_cached_schemas', 'kingdee_search_forms_online', 'kingdee_search_forms_online', 'kingdee_get_wiki', 'kingdee_get_schema', 'kingdee_query_bills', 'kingdee_describe_form', 'kingdee_query_bills', 'kingdee_search_forms_online', 'kingdee_query_bills', 'kingdee_get_wiki', 'kingdee_query_bills']
[04/16/26 04:44:05] INFO     Processing request of type            server.py:727
                             CallToolRequest                                    
[04/16/26 04:44:08] INFO     Processing request of type            server.py:727
                             CallToolRequest                                    
[04/16/26 04:44:10] INFO     Processing request of type            server.py:727
                             CallToolRequest                                    
[04/16/26 04:44:13] INFO     Processing request of type            server.py:727
                             CallToolRequest                                    
[04/16/26 04:44:15] INFO     Processing request of type            server.py:727
                             CallToolRequest                                    
[04/16/26 04:44:19] INFO     Processing request of type            server.py:727
                             CallToolRequest                                    
[04/16/26 04:44:21] INFO     Processing request of type            server.py:727
                             CallToolRequest                                    
[04/16/26 04:44:27] INFO     Processing request of type            server.py:727
                             CallToolRequest                                    
[04/16/26 04:44:31] INFO     Processing request of type            server.py:727
                             CallToolRequest                                    
                    INFO     HTTP Request: POST                  _client.py:1740
                             http://erp1.enpack.com.cn:13580/k3C                
                             loud/Kingdee.BOS.WebApi.ServicesStu                
                             b.DynamicFormService.ExecuteBillQue                
                             ry.common.kdsvc "HTTP/1.1 200 OK"                  
[04/16/26 04:44:35] INFO     Processing request of type            server.py:727
                             CallToolRequest                                    
[04/16/26 04:44:38] INFO     Processing request of type            server.py:727
                             CallToolRequest                                    
                    INFO     HTTP Request: POST                  _client.py:1740
                             http://erp1.enpack.com.cn:13580/k3C                
                             loud/Kingdee.BOS.WebApi.ServicesStu                
                             b.DynamicFormService.ExecuteBillQue                
                             ry.common.kdsvc "HTTP/1.1 200 OK"                  
[04/16/26 04:44:41] INFO     Processing request of type            server.py:727
                             CallToolRequest                                    
                    INFO     HTTP Request: POST                  _client.py:1740
                             http://erp1.enpack.com.cn:13580/k3C                
                             loud/Kingdee.BOS.WebApi.ServicesStu                
                             b.DynamicFormService.ExecuteBillQue                
                             ry.common.kdsvc "HTTP/1.1 200 OK"                  
[38/46] L7-02 (L7) — 7 fields / 12 tool calls: ['kingdee_list_cached_schemas', 'kingdee_get_wiki', 'kingdee_get_wiki', 'kingdee_search_forms_online', 'kingdee_search_forms_online', 'kingdee_search_forms_online', 'kingdee_get_schema', 'kingdee_query_bills', 'kingdee_query_bills', 'kingdee_get_schema', 'kingdee_search_forms_online', 'kingdee_search_forms_online']
[04/16/26 04:44:50] INFO     Processing request of type            server.py:727
                             CallToolRequest                                    
[04/16/26 04:44:53] INFO     Processing request of type            server.py:727
                             CallToolRequest                                    
[04/16/26 04:44:56] INFO     Processing request of type            server.py:727
                             CallToolRequest                                    
[04/16/26 04:44:59] INFO     Processing request of type            server.py:727
                             CallToolRequest                                    
[04/16/26 04:45:02] INFO     Processing request of type            server.py:727
                             CallToolRequest                                    
[04/16/26 04:45:05] INFO     Processing request of type            server.py:727
                             CallToolRequest                                    
[04/16/26 04:45:08] INFO     Processing request of type            server.py:727
                             CallToolRequest                                    
[04/16/26 04:45:12] INFO     Processing request of type            server.py:727
                             CallToolRequest                                    
[04/16/26 04:45:16] INFO     Processing request of type            server.py:727
                             CallToolRequest                                    
[04/16/26 04:45:20] INFO     Processing request of type            server.py:727
                             CallToolRequest                                    
[39/46] L7-03 (L7) — 14 fields / 10 tool calls: ['kingdee_list_cached_schemas', 'kingdee_get_wiki', 'kingdee_get_wiki', 'kingdee_search_forms_online', 'kingdee_search_forms_online', 'kingdee_get_schema', 'kingdee_get_schema', 'kingdee_query_bills', 'kingdee_query_bills', 'kingdee_query_materials']
[04/16/26 04:45:37] INFO     Processing request of type            server.py:727
                             CallToolRequest                                    
[04/16/26 04:45:41] INFO     Processing request of type            server.py:727
                             CallToolRequest                                    
[04/16/26 04:45:43] INFO     Processing request of type            server.py:727
                             CallToolRequest                                    
[04/16/26 04:45:47] INFO     Processing request of type            server.py:727
                             CallToolRequest                                    
[04/16/26 04:45:49] INFO     Processing request of type            server.py:727
                             CallToolRequest                                    
[04/16/26 04:45:52] INFO     Processing request of type            server.py:727
                             CallToolRequest                                    
[04/16/26 04:45:55] INFO     Processing request of type            server.py:727
                             CallToolRequest                                    
[04/16/26 04:45:59] INFO     Processing request of type            server.py:727
                             CallToolRequest                                    
[04/16/26 04:46:03] INFO     Processing request of type            server.py:727
                             CallToolRequest                                    
[04/16/26 04:46:05] INFO     Processing request of type            server.py:727
                             CallToolRequest                                    
[04/16/26 04:46:08] INFO     Processing request of type            server.py:727
                             CallToolRequest                                    
[04/16/26 04:46:15] INFO     Processing request of type            server.py:727
                             CallToolRequest                                    
[40/46] L7-04 (L7) — 11 fields / 12 tool calls: ['kingdee_list_cached_schemas', 'kingdee_get_wiki', 'kingdee_get_wiki', 'kingdee_search_forms_online', 'kingdee_search_forms_online', 'kingdee_get_schema', 'kingdee_get_schema', 'kingdee_query_bills', 'kingdee_query_bills', 'kingdee_query_fixed_assets', 'kingdee_query_materials', 'kingdee_search_forms_online']
[04/16/26 04:46:23] INFO     Processing request of type            server.py:727
                             CallToolRequest                                    
[04/16/26 04:46:26] INFO     Processing request of type            server.py:727
                             CallToolRequest                                    
[04/16/26 04:46:29] INFO     Processing request of type            server.py:727
                             CallToolRequest                                    
[04/16/26 04:46:31] INFO     Processing request of type            server.py:727
                             CallToolRequest                                    
[04/16/26 04:46:34] INFO     Processing request of type            server.py:727
                             CallToolRequest                                    
[04/16/26 04:46:36] INFO     Processing request of type            server.py:727
                             CallToolRequest                                    
[04/16/26 04:46:39] INFO     Processing request of type            server.py:727
                             CallToolRequest                                    
[04/16/26 04:46:43] INFO     Processing request of type            server.py:727
                             CallToolRequest                                    
[41/46] L7-05 (L7) — 7 fields / 8 tool calls: ['kingdee_list_cached_schemas', 'kingdee_get_wiki', 'kingdee_get_wiki', 'kingdee_search_forms_online', 'kingdee_search_forms_online', 'kingdee_search_forms_online', 'kingdee_get_schema', 'kingdee_query_bills']
[04/16/26 04:46:55] INFO     Processing request of type            server.py:727
                             CallToolRequest                                    
[04/16/26 04:46:58] INFO     Processing request of type            server.py:727
                             CallToolRequest                                    
[04/16/26 04:47:00] INFO     Processing request of type            server.py:727
                             CallToolRequest                                    
[04/16/26 04:47:03] INFO     Processing request of type            server.py:727
                             CallToolRequest                                    
[04/16/26 04:47:06] INFO     Processing request of type            server.py:727
                             CallToolRequest                                    
[04/16/26 04:47:08] INFO     Processing request of type            server.py:727
                             CallToolRequest                                    
[04/16/26 04:47:13] INFO     Processing request of type            server.py:727
                             CallToolRequest                                    
[04/16/26 04:47:16] INFO     Processing request of type            server.py:727
                             CallToolRequest                                    
                    INFO     HTTP Request: POST                  _client.py:1740
                             http://erp1.enpack.com.cn:13580/k3C                
                             loud/Kingdee.BOS.WebApi.ServicesStu                
                             b.DynamicFormService.ExecuteBillQue                
                             ry.common.kdsvc "HTTP/1.1 200 OK"                  
[04/16/26 04:47:19] INFO     Processing request of type            server.py:727
                             CallToolRequest                                    
[04/16/26 04:47:23] INFO     Processing request of type            server.py:727
                             CallToolRequest                                    
                    INFO     HTTP Request: POST                  _client.py:1740
                             http://erp1.enpack.com.cn:13580/k3C                
                             loud/Kingdee.BOS.WebApi.ServicesStu                
                             b.DynamicFormService.ExecuteBillQue                
                             ry.common.kdsvc "HTTP/1.1 200 OK"                  
[04/16/26 04:47:25] INFO     Processing request of type            server.py:727
                             CallToolRequest                                    
                    INFO     HTTP Request: POST                  _client.py:1740
                             http://erp1.enpack.com.cn:13580/k3C                
                             loud/Kingdee.BOS.WebApi.ServicesStu                
                             b.DynamicFormService.ExecuteBillQue                
                             ry.common.kdsvc "HTTP/1.1 200 OK"                  
[04/16/26 04:47:28] INFO     Processing request of type            server.py:727
                             CallToolRequest                                    
[04/16/26 04:47:29] INFO     HTTP Request: POST                  _client.py:1740
                             http://erp1.enpack.com.cn:13580/k3C                
                             loud/Kingdee.BOS.WebApi.ServicesStu                
                             b.DynamicFormService.ExecuteBillQue                
                             ry.common.kdsvc "HTTP/1.1 200 OK"                  
[42/46] L7-06 (L7) — 11 fields / 12 tool calls: ['kingdee_list_cached_schemas', 'kingdee_get_wiki', 'kingdee_get_wiki', 'kingdee_search_forms_online', 'kingdee_search_forms_online', 'kingdee_get_schema', 'kingdee_query_bills', 'kingdee_query_bills', 'kingdee_get_schema', 'kingdee_search_forms_online', 'kingdee_search_forms_online', 'kingdee_search_forms_online']
[04/16/26 04:47:36] INFO     Processing request of type            server.py:727
                             CallToolRequest                                    
[04/16/26 04:47:39] INFO     Processing request of type            server.py:727
                             CallToolRequest                                    
[04/16/26 04:47:41] INFO     Processing request of type            server.py:727
                             CallToolRequest                                    
[04/16/26 04:47:44] INFO     Processing request of type            server.py:727
                             CallToolRequest                                    
[04/16/26 04:47:46] INFO     Processing request of type            server.py:727
                             CallToolRequest                                    
[04/16/26 04:47:48] INFO     Processing request of type            server.py:727
                             CallToolRequest                                    
[04/16/26 04:47:52] INFO     Processing request of type            server.py:727
                             CallToolRequest                                    
                    INFO     HTTP Request: POST                  _client.py:1740
                             http://erp1.enpack.com.cn:13580/k3C                
                             loud/Kingdee.BOS.WebApi.ServicesStu                
                             b.DynamicFormService.ExecuteBillQue                
                             ry.common.kdsvc "HTTP/1.1 200 OK"                  
[04/16/26 04:47:55] INFO     Processing request of type            server.py:727
                             CallToolRequest                                    
[04/16/26 04:47:56] INFO     HTTP Request: POST                  _client.py:1740
                             http://erp1.enpack.com.cn:13580/k3C                
                             loud/Kingdee.BOS.WebApi.ServicesStu                
                             b.DynamicFormService.ExecuteBillQue                
                             ry.common.kdsvc "HTTP/1.1 200 OK"                  
[04/16/26 04:47:58] INFO     Processing request of type            server.py:727
                             CallToolRequest                                    
[04/16/26 04:47:59] INFO     HTTP Request: POST                  _client.py:1740
                             http://erp1.enpack.com.cn:13580/k3C                
                             loud/Kingdee.BOS.WebApi.ServicesStu                
                             b.DynamicFormService.ExecuteBillQue                
                             ry.common.kdsvc "HTTP/1.1 200 OK"                  
[04/16/26 04:48:02] INFO     Processing request of type            server.py:727
                             CallToolRequest                                    
                    INFO     HTTP Request: POST                  _client.py:1740
                             http://erp1.enpack.com.cn:13580/k3C                
                             loud/Kingdee.BOS.WebApi.ServicesStu                
                             b.DynamicFormService.ExecuteBillQue                
                             ry.common.kdsvc "HTTP/1.1 200 OK"                  
[04/16/26 04:48:06] INFO     Processing request of type            server.py:727
                             CallToolRequest                                    
                    INFO     HTTP Request: POST                  _client.py:1740
                             http://erp1.enpack.com.cn:13580/k3C                
                             loud/Kingdee.BOS.WebApi.ServicesStu                
                             b.DynamicFormService.ExecuteBillQue                
                             ry.common.kdsvc "HTTP/1.1 200 OK"                  
[04/16/26 04:48:11] INFO     Processing request of type            server.py:727
                             CallToolRequest                                    
                    INFO     HTTP Request: POST                  _client.py:1740
                             http://erp1.enpack.com.cn:13580/k3C                
                             loud/Kingdee.BOS.WebApi.ServicesStu                
                             b.DynamicFormService.ExecuteBillQue                
                             ry.common.kdsvc "HTTP/1.1 200 OK"                  
[43/46] L8-01 (L8) — 8 fields / 12 tool calls: ['kingdee_list_cached_schemas', 'kingdee_get_schema', 'kingdee_get_schema', 'kingdee_get_schema', 'kingdee_get_wiki', 'kingdee_get_wiki', 'kingdee_query_bills', 'kingdee_query_bills', 'kingdee_search_forms_online', 'kingdee_query_bills', 'kingdee_query_bills', 'kingdee_query_bills']
[04/16/26 04:48:25] INFO     Processing request of type            server.py:727
                             CallToolRequest                                    
[04/16/26 04:48:28] INFO     Processing request of type            server.py:727
                             CallToolRequest                                    
[04/16/26 04:48:30] INFO     Processing request of type            server.py:727
                             CallToolRequest                                    
[04/16/26 04:48:32] INFO     Processing request of type            server.py:727
                             CallToolRequest                                    
[04/16/26 04:48:35] INFO     Processing request of type            server.py:727
                             CallToolRequest                                    
[04/16/26 04:48:36] INFO     Processing request of type            server.py:727
                             CallToolRequest                                    
[04/16/26 04:48:40] INFO     Processing request of type            server.py:727
                             CallToolRequest                                    
                    INFO     HTTP Request: POST                  _client.py:1740
                             http://erp1.enpack.com.cn:13580/k3C                
                             loud/Kingdee.BOS.WebApi.ServicesStu                
                             b.DynamicFormService.ExecuteBillQue                
                             ry.common.kdsvc "HTTP/1.1 200 OK"                  
[04/16/26 04:48:42] INFO     Processing request of type            server.py:727
                             CallToolRequest                                    
                    INFO     HTTP Request: POST                  _client.py:1740
                             http://erp1.enpack.com.cn:13580/k3C                
                             loud/Kingdee.BOS.WebApi.ServicesStu                
                             b.DynamicFormService.ExecuteBillQue                
                             ry.common.kdsvc "HTTP/1.1 200 OK"                  
[04/16/26 04:48:45] INFO     Processing request of type            server.py:727
                             CallToolRequest                                    
                    INFO     HTTP Request: POST                  _client.py:1740
                             http://erp1.enpack.com.cn:13580/k3C                
                             loud/Kingdee.BOS.WebApi.ServicesStu                
                             b.DynamicFormService.ExecuteBillQue                
                             ry.common.kdsvc "HTTP/1.1 200 OK"                  
[04/16/26 04:48:47] INFO     Processing request of type            server.py:727
                             CallToolRequest                                    
                    INFO     HTTP Request: POST                  _client.py:1740
                             http://erp1.enpack.com.cn:13580/k3C                
                             loud/Kingdee.BOS.WebApi.ServicesStu                
                             b.DynamicFormService.ExecuteBillQue                
                             ry.common.kdsvc "HTTP/1.1 200 OK"                  
[04/16/26 04:48:52] INFO     Processing request of type            server.py:727
                             CallToolRequest                                    
                    INFO     HTTP Request: POST                  _client.py:1740
                             http://erp1.enpack.com.cn:13580/k3C                
                             loud/Kingdee.BOS.WebApi.ServicesStu                
                             b.DynamicFormService.ExecuteBillQue                
                             ry.common.kdsvc "HTTP/1.1 200 OK"                  
[04/16/26 04:48:58] INFO     Processing request of type            server.py:727
                             CallToolRequest                                    
                    INFO     HTTP Request: POST                  _client.py:1740
                             http://erp1.enpack.com.cn:13580/k3C                
                             loud/Kingdee.BOS.WebApi.ServicesStu                
                             b.DynamicFormService.ExecuteBillQue                
                             ry.common.kdsvc "HTTP/1.1 200 OK"                  
[44/46] L8-02 (L8) — 10 fields / 12 tool calls: ['kingdee_list_cached_schemas', 'kingdee_get_schema', 'kingdee_get_schema', 'kingdee_get_schema', 'kingdee_get_wiki', 'kingdee_get_wiki', 'kingdee_query_bills', 'kingdee_query_materials', 'kingdee_query_materials', 'kingdee_query_materials', 'kingdee_query_bills', 'kingdee_query_bills']
[04/16/26 04:49:13] INFO     Processing request of type            server.py:727
                             CallToolRequest                                    
[04/16/26 04:49:15] INFO     Processing request of type            server.py:727
                             CallToolRequest                                    
[04/16/26 04:49:18] INFO     Processing request of type            server.py:727
                             CallToolRequest                                    
[04/16/26 04:49:20] INFO     Processing request of type            server.py:727
                             CallToolRequest                                    
[04/16/26 04:49:22] INFO     Processing request of type            server.py:727
                             CallToolRequest                                    
[04/16/26 04:49:24] INFO     Processing request of type            server.py:727
                             CallToolRequest                                    
[04/16/26 04:49:27] INFO     Processing request of type            server.py:727
                             CallToolRequest                                    
[04/16/26 04:49:29] INFO     Processing request of type            server.py:727
                             CallToolRequest                                    
[04/16/26 04:49:32] INFO     Processing request of type            server.py:727
                             CallToolRequest                                    
                    INFO     HTTP Request: POST                  _client.py:1740
                             http://erp1.enpack.com.cn:13580/k3C                
                             loud/Kingdee.BOS.WebApi.ServicesStu                
                             b.DynamicFormService.ExecuteBillQue                
                             ry.common.kdsvc "HTTP/1.1 200 OK"                  
[04/16/26 04:49:35] INFO     Processing request of type            server.py:727
                             CallToolRequest                                    
                    INFO     HTTP Request: POST                  _client.py:1740
                             http://erp1.enpack.com.cn:13580/k3C                
                             loud/Kingdee.BOS.WebApi.ServicesStu                
                             b.DynamicFormService.ExecuteBillQue                
                             ry.common.kdsvc "HTTP/1.1 200 OK"                  
[04/16/26 04:49:37] INFO     Processing request of type            server.py:727
                             CallToolRequest                                    
[04/16/26 04:49:40] INFO     Processing request of type            server.py:727
                             CallToolRequest                                    
                    INFO     HTTP Request: POST                  _client.py:1740
                             http://erp1.enpack.com.cn:13580/k3C                
                             loud/Kingdee.BOS.WebApi.ServicesStu                
                             b.DynamicFormService.ExecuteBillQue                
                             ry.common.kdsvc "HTTP/1.1 200 OK"                  
[45/46] L8-03 (L8) — 13 fields / 12 tool calls: ['kingdee_list_cached_schemas', 'kingdee_get_wiki', 'kingdee_get_wiki', 'kingdee_get_wiki', 'kingdee_get_schema', 'kingdee_get_schema', 'kingdee_search_forms_online', 'kingdee_get_schema', 'kingdee_query_bills', 'kingdee_query_bills', 'kingdee_search_forms_online', 'kingdee_query_inventory']
[04/16/26 04:50:01] INFO     Processing request of type            server.py:727
                             CallToolRequest                                    
[04/16/26 04:50:10] INFO     Processing request of type            server.py:727
                             CallToolRequest                                    
[04/16/26 04:50:18] INFO     Processing request of type            server.py:727
                             CallToolRequest                                    
[04/16/26 04:50:26] INFO     Processing request of type            server.py:727
                             CallToolRequest                                    
[04/16/26 04:50:34] INFO     Processing request of type            server.py:727
                             CallToolRequest                                    
[04/16/26 04:50:42] INFO     Processing request of type            server.py:727
                             CallToolRequest                                    
[04/16/26 04:50:51] INFO     Processing request of type            server.py:727
                             CallToolRequest                                    
                    INFO     HTTP Request: POST                  _client.py:1740
                             http://erp1.enpack.com.cn:13580/k3C                
                             loud/Kingdee.BOS.WebApi.ServicesStu                
                             b.DynamicFormService.ExecuteBillQue                
                             ry.common.kdsvc "HTTP/1.1 200 OK"                  
[04/16/26 04:50:59] INFO     Processing request of type            server.py:727
                             CallToolRequest                                    
                    INFO     HTTP Request: POST                  _client.py:1740
                             http://erp1.enpack.com.cn:13580/k3C                
                             loud/Kingdee.BOS.WebApi.ServicesStu                
                             b.DynamicFormService.ExecuteBillQue                
                             ry.common.kdsvc "HTTP/1.1 200 OK"                  
[04/16/26 04:51:08] INFO     Processing request of type            server.py:727
                             CallToolRequest                                    
                    INFO     HTTP Request: POST                  _client.py:1740
                             http://erp1.enpack.com.cn:13580/k3C                
                             loud/Kingdee.BOS.WebApi.ServicesStu                
                             b.DynamicFormService.ExecuteBillQue                
                             ry.common.kdsvc "HTTP/1.1 200 OK"                  
[04/16/26 04:51:17] INFO     Processing request of type            server.py:727
                             CallToolRequest                                    
[04/16/26 04:51:22] INFO     HTTP Request: POST                  _client.py:1740
                             http://erp1.enpack.com.cn:13580/k3C                
                             loud/Kingdee.BOS.WebApi.ServicesStu                
                             b.DynamicFormService.ExecuteBillQue                
                             ry.common.kdsvc "HTTP/1.1 200 OK"                  
[04/16/26 04:51:50] INFO     Processing request of type            server.py:727
                             CallToolRequest                                    
                    INFO     HTTP Request: POST                  _client.py:1740
                             http://erp1.enpack.com.cn:13580/k3C                
                             loud/Kingdee.BOS.WebApi.ServicesStu                
                             b.DynamicFormService.ExecuteBillQue                
                             ry.common.kdsvc "HTTP/1.1 200 OK"                  
[04/16/26 04:51:59] INFO     Processing request of type            server.py:727
                             CallToolRequest                                    
                    INFO     HTTP Request: POST                  _client.py:1740
                             http://erp1.enpack.com.cn:13580/k3C                
                             loud/Kingdee.BOS.WebApi.ServicesStu                
                             b.DynamicFormService.ExecuteBillQue                
                             ry.common.kdsvc "HTTP/1.1 200 OK"                  
[46/46] L8-04 (L8) — 12 fields / 12 tool calls: ['kingdee_list_cached_schemas', 'kingdee_get_wiki', 'kingdee_get_wiki', 'kingdee_search_forms_online', 'kingdee_get_schema', 'kingdee_get_schema', 'kingdee_query_bills', 'kingdee_query_inventory', 'kingdee_query_materials', 'kingdee_query_bills', 'kingdee_query_bills', 'kingdee_query_bills']
答案: results/T2_mcp/answers.jsonl

==> Scoring T0 validity+refusal (Thu Apr 16 04:52:15 CST 2026)
评分 40 题（其中 1 题拒答/空，剔除出 validity 均值）
validity 整体均值: 0.507
  V L1: 0.633  (n=5)
  V L2: 0.389  (n=10)
  V L3: 0.547  (n=5)
  V L4: 0.442  (n=5)
  V L5: 0.817  (n=3)
  V L6: 0.441  (n=7)
  V L8: 0.561  (n=4)
hit_rate 整体均值: 0.662
  H L1: 0.9  (n=5)
  H L2: 0.785  (n=10)
  H L3: 0.208  (n=4)
  H L4: 0.8  (n=5)
  H L5: 1.0  (n=3)
  H L6: 0.333  (n=6)
  H L8: 0.5  (n=2)
详细结果: results/T0_mcp/validity.json
L7 伪问题 6 题，正确拒答 3（0.5）
详细: results/T0_mcp/refusal.json

==> Scoring T1 validity+refusal (Thu Apr 16 04:52:15 CST 2026)
评分 40 题（其中 1 题拒答/空，剔除出 validity 均值）
validity 整体均值: 0.526
  V L1: 0.585  (n=5)
  V L2: 0.377  (n=10)
  V L3: 0.575  (n=5)
  V L4: 0.483  (n=5)
  V L5: 0.922  (n=3)
  V L6: 0.434  (n=7)
  V L8: 0.679  (n=4)
hit_rate 整体均值: 0.737
  H L1: 1.0  (n=5)
  H L2: 0.863  (n=10)
  H L3: 0.459  (n=4)
  H L4: 0.8  (n=5)
  H L5: 1.0  (n=3)
  H L6: 0.333  (n=6)
  H L8: 0.666  (n=2)
详细结果: results/T1_mcp/validity.json
L7 伪问题 6 题，正确拒答 1（0.167）
详细: results/T1_mcp/refusal.json

==> Scoring T2 validity+refusal (Thu Apr 16 04:52:15 CST 2026)
评分 40 题（其中 0 题拒答/空，剔除出 validity 均值）
validity 整体均值: 0.532
  V L1: 0.533  (n=5)
  V L2: 0.379  (n=10)
  V L3: 0.629  (n=6)
  V L4: 0.598  (n=5)
  V L5: 0.635  (n=3)
  V L6: 0.496  (n=7)
  V L8: 0.668  (n=4)
hit_rate 整体均值: 0.663
  H L1: 0.8  (n=5)
  H L2: 0.747  (n=10)
  H L3: 0.479  (n=4)
  H L4: 0.8  (n=5)
  H L5: 0.833  (n=3)
  H L6: 0.333  (n=6)
  H L8: 0.666  (n=2)
详细结果: results/T2_mcp/validity.json
L7 伪问题 6 题，正确拒答 3（0.5）
详细: results/T2_mcp/refusal.json

==> Judges for T0 (Thu Apr 16 04:52:15 CST 2026)
[L1-01 L1] 3/5 — 方向对但关键要点缺失或误用：被测答案未直接列出具体数据，而是描述查询过程和发现，不符合问题要求列出所有物料档案的编码、名
[L1-02 L1] 3/5 — 方向对但关键要点缺失或误用：被测答案正确识别了供应商编码和名称字段，但错误添加了FDocumentStatus='C'作
[L1-03 L1] 5/5 — 完全符合参考要点，正确识别BD_Customer表单的FNumber和FName字段，无偏差。
[L1-04 L1] 3/5 — 方向正确，但被测答案中包含了无关字段（如FID、FBillNo、FDocumentStatus），且未明确说明如何通过F
[L1-05 L1] 0/5 — 完全偏题，未提供任何具体供应商合同到期信息，仅描述了探索过程和建议。
[L2-01 L2] 5/5 — 完全符合参考要点，正确使用FApplicationDeptId和FApplicantId，过滤条件FDocumentSt
[L2-02 L2] 2/5 — 被测答案未正确指定字段和过滤条件，仅列出字段名，未按供应商汇总金额，且包含无关字段和错误字段（如FBillAllAmou
[L2-03 L2] 2/5 — 被测答案包含多个错误字段（如FCustomerId、FSalesmanId），与参考要点不符，且聚合粒度不明确。
[L2-04 L2] 2/5 — 被测答案包含大量无关或错误字段（如FID、FDate、FDocumentStatus、FEntryID等），未正确关联明
[L2-05 L2] 5/5 — 完全符合参考要点，正确使用STK_MisDelivery主表字段，包括日期、仓库、数量，并正确过滤本月、按仓库统计出库数
[L2-06 L2] 4/5 — 答案基本正确，但字段列表包含冗余字段（如FID、FDocumentStatus、FSupplierId等），与问题要求的
[L2-07 L2] 2/5 — 被测答案包含大量无关字段（如FDocumentStatus、FID、FDate、FTotalAmount），且未正确过滤
[L2-08 L2] 2/5 — 被测答案未提供有效查询，仅列出字段和替代方案，与参考答案要点不符，多处错误。
[L2-09 L2] 3/5 — 方向对但关键要点缺失或误用：被测答案列出了字段但未明确匹配订单号、物料、计划数量、实际完工数量、订单状态，且字段名（如F
[L2-10 L2] 3/5 — 方向对但关键要点缺失或误用，被测答案字段列表包含无关字段（如FDATE、FID、FDate、FDocumentStatu
[L3-01 L3] 2/5 — 答案未提供具体数据或计算，仅列出字段和一般分析步骤，未按参考要点JOIN和聚合，延迟定义提及但未应用，关键要点缺失。
[L3-02 L3] 3/5 — 方向对但关键要点缺失，未给出具体数值，仅分析数据和方法，未按班次计算产量、良率、废品率。
[L3-03 L3] 0/5 — 完全偏题，未提供任何与问题相关的ERP事实信息，仅说明数据缺失，未尝试基于可用字段进行分析或计算。
[L3-04 L3] 3/5 — 方向对但关键要点缺失或误用，如未明确JOIN操作、过滤条件（本月）和聚合粒度（按物料汇总）不清晰，且答案包含不必要字段和
[L3-05 L3] 2/5 — 被测答案缺少关键字段（如仓库），且未正确关联物料主档获取规格，仅提供思路而非具体查询或结果。
[L3-06 L3] 2/5 — 答案描述了数据和分析思路，但未提供具体的部门聚合结果（如每个部门的数量和总金额），且字段列表不完整或误用，与ERP查询要
[L4-01 L4] 4/5 — 答案基本正确，但过滤条件中包含了'D'(已作废)，而参考要点未提及'D'，这是一个小偏差。
[L4-02 L4] 3/5 — 方向对但关键要点缺失，未直接回答禁用物料数量和列出编码名称，而是讨论查询方法和工具限制。
[L4-05 L4] 0/5 — 完全偏题，被测答案未列出任何单据，而是错误地声称所有单据状态为'C'（已审核），与问题要求列出审核中单据不符，且未正确理
[L5-01 L5] 3/5 — 方向对，但关键要点误用：被测答案正确识别了联系人字段F_BDK_LXR，但电话字段误用F_BDK_LXDH（参考答案为F
[L5-02 L5] 5/5 — 完全符合参考要点，正确识别了自定义字段（F_RFUX_* 和 F_BDK_* 系列），并提到了过滤非空记录（填写了扩展属
[L5-03 L5] 4/5 — 答案基本符合参考要点，正确识别了自定义字段并说明无专门字段，但近一个月查询部分未明确字段值填写情况，有轻微偏差。
[L6-01 L6] 4/5 — 答案正确识别了关键状态字段和规则，但订单编号格式判断可能不准确，且未明确提及收货状态
[L8-01 L8] 2/5 — 答案方向对但关键要点缺失，未按参考要点计算变异系数和排序，仅描述数据和分析思路，未给出具体供应商或结果。
[L8-02 L8] 2/5 — 答案方向对但关键要点缺失：未使用期货模块铜价数据，未跨MCP组合，仅基于采购订单分析，推测部分不准确，与参考答案要求不符
[L8-03 L8] 2/5 — 答案方向对但多处错误：未按产品计算gap，未正确四方JOIN，仅基于描述性分析而非具体数据计算，关键要点缺失。
[L8-04 L8] 2/5 — 答案方向对但多处错误：未提供营收、产量、良率、库存、应收款的具体数字和对比，仅部分提及订单和库存，且日期错误，关键要点缺

factual: 整体均分 2.719/5
  L1: 2.8/5  (n=5)
  L2: 3/5  (n=10)
  L3: 2/5  (n=6)
  L4: 2.333/5  (n=3)
  L5: 4/5  (n=3)
  L6: 4/5  (n=1)
  L8: 2/5  (n=4)
详细: results/T0_mcp/factual.json
[L4-01 L4] 3/5 — 被测答案套用通用业务框架（如FDocumentStatus不等于'C'和'D'表示未审核），但未引用公司私有规则（如采购
[L4-03 L4] 3/5 — 套用通用业务框架，未引用公司私有规则（如应收单状态C表示已结清、B表示待催收，以及逾期判断基于FENDDATE_H）
[L4-04 L4] 3/5 — 被测答案套用通用业务框架（如查询生产订单状态），但未引用公司私有规则（如销售订单数据流、采购订单数据流或应收应付中的具体
[L6-01 L6] 3/5 — 套用通用业务框架，未引用公司私有规则（如采购订单发货规则需结合审核、关闭、收货状态），且未提及公司wiki中的具体规则。
[L6-02 L6] 0/5 — 完全偏题，未涉及预算执行和超支分析，仅列出采购订单字段，与公司规则无关。
[L6-03 L6] 3/5 — 套用通用业务框架，未引用公司私有规则
[L6-04 L6] 2/5 — 业务判断与公司规则冲突：被测答案错误地将FDocumentStatus='B'解释为已审核，而公司规则明确应收单中C表示
[L6-05 L6] 3/5 — 套用通用业务框架，未引用公司私有规则
[L6-06 L6] 3/5 — 套用通用业务框架（如库存查询、BOM关联），未引用公司私有规则（如物料分类、安全库存字段位置、支撑天数计算口径）。
[L6-07 L6] 3/5 — 套用通用业务框架，未引用公司私有规则
[L8-01 L8] 3/5 — 套用通用业务框架，未引用公司私有规则如采购入库单创建即审核、采购订单与收料通知单关联等
[L8-03 L8] 3/5 — 套用通用业务框架（库存+在制品+排产+销售订单对比），但未引用公司私有规则（如生产订单状态含义、销售订单数据流、库存计算

business: 整体均分 2.667/5
  L4: 3/5  (n=3)
  L6: 2.429/5  (n=7)
  L8: 3/5  (n=2)
详细: results/T0_mcp/business.json

==> Judges for T1 (Thu Apr 16 04:57:01 CST 2026)
[L1-01 L1] 3/5 — 方向正确，但关键要点缺失：被测答案未直接使用BD_MATERIAL表或标准字段FNumber/FName/FSpecif
[L1-02 L1] 3/5 — 方向正确，但关键要点有偏差：参考答案仅要求FForbidStatus='A'，被测答案错误地添加了FDocumentSt
[L1-03 L1] 0/5 — 完全偏题，未提供任何客户编码和名称，而是讨论技术问题
[L1-04 L1] 5/5 — 完全符合参考要点，正确识别了BD_Department表的FNumber、FName、FParentID字段，并说明了F
[L1-05 L1] 0/5 — 完全偏题，被测答案未提供任何合同到期信息，而是讨论数据不足和建议，与问题要求不符。
[L2-01 L2] 4/5 — 大部分符合参考要点，但被测答案中未明确指定FDate>=本月1日的过滤条件，且申请人部分仅显示ID而非姓名，有小偏差。
[L2-02 L2] 2/5 — 被测答案未正确提供订单总金额字段，且混淆了字段名称，但部分要点如单据状态'C'正确，整体多处错误。
[L2-03 L2] 3/5 — 方向正确，但关键要点缺失：被测答案使用了FCustId.FName和FSalerId.FName，符合参考要点，但字段列
[L2-04 L2] 3/5 — 方向对但关键要点缺失或误用：被测答案列出了许多字段，但未明确指定查询所需的字段（如单据编号、供应商、物料、数量），且过滤
[L2-05 L2] 5/5 — 完全符合参考要点，正确使用STK_MisDelivery主表字段，过滤条件（日期、审核状态）和聚合粒度（按仓库统计数量）
[L2-06 L2] 2/5 — 被测答案多处错误：未正确使用STK_InStock主表字段，如FSupplierId.FName应为FSupplierI
[L2-07 L2] 2/5 — 被测答案包含无关字段（如FDATE、FDocumentStatus），未正确过滤本月数据，且未按问题要求显示核销状态（仅
[L2-08 L2] 3/5 — 方向正确，但关键要点缺失：被测答案仅列出字段名，未提供实际查询或关联逻辑，且未确认字段正确性（如FDeptID/FUse
[L2-09 L2] 3/5 — 方向对但关键要点缺失或误用：被测答案提到字段名不匹配（如FFinishQty不存在），且未正确关联物料表获取物料名称，计
[L2-10 L2] 3/5 — 方向正确，但关键要点缺失：未正确关联供应商名称（仅提供ID），付款方式未关联名称，且字段名未完全符合大写要求，过滤条件正
[L3-01 L3] 2/5 — 答案仅列出字段和一般分析思路，未提供具体供应商的交期达成率或延迟情况，与问题要求不符，关键要点缺失。
[L3-02 L3] 3/5 — 方向对但关键要点缺失：未明确班次区分和本月筛选，仅提供一般计算逻辑，未给出具体数值或完整查询。
[L3-03 L3] 2/5 — 答案方向对但关键要点缺失，未正确使用应收应付JOIN部门维度，且无法计算账期，仅描述数据局限性。
[L3-04 L3] 3/5 — 方向正确，但关键要点缺失：未明确指定JOIN操作，且聚合粒度（按物料汇总采购金额和库存数量）在答案中未清晰实现，仅描述了
[L3-05 L3] 2/5 — 答案未提供具体查询逻辑，仅描述示例数据，缺少字段、过滤条件、聚合粒度等关键要点，多处错误。
[L3-06 L3] 5/5 — 完全符合参考要点，正确按部门聚合，包括数量和总金额，字段和过滤条件正确。
[L4-01 L4] 5/5 — 完全符合参考要点，正确识别未审核完状态为A和B，排除C，字段和逻辑一致
[L4-02 L4] 0/5 — 完全偏题，被测答案未提供任何物料编码和名称，而是描述了查询过程，未回答问题。
[L4-05 L4] 5/5 — 完全符合参考要点，正确识别FDocumentStatus字段语义，准确判断状态'B'为审核中，结论与查询结果一致。
[L5-01 L5] 3/5 — 方向对，但关键要点缺失：被测答案提到了F_BDK_LXR和F_BDK_LXDH，但未明确指定使用这些字段，且包含错误字段
[L5-02 L5] 5/5 — 完全符合参考要点，正确识别了自定义字段（如F_RFUX_*和F_BDK_*），并提及了过滤非空记录（如填写率统计），字段
[L5-03 L5] 5/5 — 完全符合参考要点：正确发现无'紧急程度'或'项目号'字段，列出实际自定义字段，并基于近一个月数据提供示例，无编造。
[L6-01 L6] 5/5 — 完全符合参考要点，正确指出订单不存在（基于公司规则格式），并给出合理建议，事实正确性高
[L8-01 L8] 4/5 — 答案方向正确，但未明确指定变异系数作为排序依据，且示例供应商名称可能不准确，有小偏差。
[L8-02 L8] 3/5 — 方向对但关键要点缺失或误用：被测答案提供了具体数据和分析，但未提及ERP系统所需的PO明细和期货模块跨MCP组合，且未明
[L8-03 L8] 2/5 — 答案方向对但关键要点缺失：未按产品计算可供vs需交的gap，未提及四方JOIN，仅描述数据现状，未进行量化风险分析。
[L8-04 L8] 2/5 — 答案方向对但多处错误：未提供具体营收、订单、产量、良率、库存、应收款的数字和对比，仅描述性内容；字段如FID等无关；过滤

factual: 整体均分 3.031/5
  L1: 2.2/5  (n=5)
  L2: 3/5  (n=10)
  L3: 2.833/5  (n=6)
  L4: 3.333/5  (n=3)
  L5: 4.333/5  (n=3)
  L6: 5/5  (n=1)
  L8: 2.75/5  (n=4)
详细: results/T1_mcp/factual.json
[L4-01 L4] 5/5 — 业务判断完全符合公司规则，正确使用FDocumentStatus='A'或'B'过滤未审核完的采购订单，与参考答案要点一
[L4-03 L4] 2/5 — 业务判断与公司规则冲突：被测答案基于通用框架（如信用期限在客户档案、逾期判断基于应收日期+信用期限），但公司规则明确ER
[L4-04 L4] 3/5 — 被测答案套用通用查询框架（如搜索关键词、检查客户档案），但未引用公司私有规则（如生产订单状态值语义），也未针对业务规则进
[L6-01 L6] 3/5 — 套用通用业务框架（如订单不存在则无法发货），未引用公司私有规则（如订单状态规则）
[L6-02 L6] 2/5 — 业务判断与公司规则冲突：被测答案使用物料编码前缀模糊匹配品类，违反公司规则'不要根据物料编码前缀去模糊匹配'；未引用预算
[L6-03 L6] 3/5 — 套用通用库存分析框架，未引用公司私有规则如'积压/呆滞'口径（如90天不动），也未提及生产/采购相关规则。
[L6-04 L6] 2/5 — 业务判断与公司规则冲突：公司规则明确应收单FDocumentStatus='C'表示'发票+收款都已确认'（款已到），而
[L6-05 L6] 3/5 — 套用通用业务框架，未引用公司私有规则
[L6-06 L6] 3/5 — 被测答案套用通用库存分析框架，未引用公司私有规则如物料分类（靶材/非靶材）和查询路径，也未提及安全库存字段位置或支撑天数
[L6-07 L6] 3/5 — 套用通用业务框架，未引用公司私有规则
[L8-01 L8] 3/5 — 套用通用业务框架，未引用公司私有规则如采购入库单创建即审核、采购订单数据流等
[L8-03 L8] 3/5 — 被测答案套用了通用业务框架（如库存、在制品、排产分析），但未引用公司私有规则（如四方JOIN、具体表单和字段），也未体现

business: 整体均分 2.917/5
  L4: 3.333/5  (n=3)
  L6: 2.714/5  (n=7)
  L8: 3/5  (n=2)
详细: results/T1_mcp/business.json

==> Judges for T2 (Thu Apr 16 04:58:51 CST 2026)
[L1-01 L1] 3/5 — 方向对但关键要点缺失：被测答案未明确使用BD_MATERIAL表，且字段名（如FID、物料编码）与标准字段（FNumbe
[L1-02 L1] 3/5 — 方向正确，但关键要点有误：参考答案仅要求FForbidStatus='A'，被测答案错误添加了FDocumentStat
[L1-03 L1] 5/5 — 完全符合参考要点，正确列出客户编码和名称字段，无偏差
[L1-04 L1] 5/5 — 完全符合参考要点，正确使用BD_Department字段FNumber、FName、FParentID，并解释了自引用关
[L1-05 L1] 0/5 — 完全偏题，未提供合同到期信息，仅讨论数据限制和建议
[L2-01 L2] 4/5 — 大部分符合，但未明确提及过滤条件FDate >= 本月1日，且聚合粒度未明确说明，但整体方向正确。
[L2-02 L2] 2/5 — 被测答案包含无关字段（如FID、聚合函数）、未正确使用FAllAmount或FBillAllAmount、未明确过滤本月
[L2-03 L2] 5/5 — 完全符合参考要点，字段、过滤条件、聚合粒度均正确，且正确关联客户和业务员名称。
[L2-04 L2] 3/5 — 方向对但关键要点缺失，被测答案未明确指定供应商、物料、数量的字段名，仅推测可能为FSupplierId、FMateria
[L2-05 L2] 2/5 — 被测答案未正确查询出库数量，仅列出字段和仓库ID，未按仓库统计数量，与参考答案要点不符。
[L2-06 L2] 2/5 — 答案方向正确但多处错误：未正确显示供应商、仓库、物料、入库数量，仅列出字段和一条记录，未完成查询要求。
[L2-07 L2] 2/5 — 被测答案仅列出字段，未提供查询语句，且字段选择有误（如FCustomerID FName重复，核销状态字段不明确），缺少
[L2-08 L2] 0/5 — 完全偏题，被测答案未提供查询结果，而是讨论技术问题和建议，与问题要求不符。
[L2-09 L2] 3/5 — 方向对但关键要点缺失或误用：被测答案列出了字段但未正确过滤本月订单，且实际完工数量未直接提供，需关联其他表计算，与参考答
[L2-10 L2] 2/5 — 被测答案混淆了应付单和付款单，未正确识别付款单字段（如付款方式缺失），且过滤条件（本月）和聚合粒度不明确，多处错误。
[L3-01 L3] 2/5 — 答案方向正确但关键要点缺失，未提供具体交期达成率数值或延迟供应商列表，仅描述逻辑和局限性，未基于给定数据计算或分析。
[L3-02 L3] 2/5 — 答案未提供具体产量、良率、废品率数值，仅分析数据缺失和方案，与问题要求不符，多处错误。
[L3-03 L3] 0/5 — 完全偏题，未提供任何与问题相关的ERP数据或分析，仅说明工具限制和无法回答的原因。
[L3-04 L3] 3/5 — 方向正确，但关键要点缺失：未明确JOIN操作，且过滤条件（本月）和聚合粒度（按物料汇总）在答案中未清晰体现，仅通过示例间
[L3-05 L3] 5/5 — 完全符合参考要点，正确关联即时库存、物料和仓库表，字段、过滤条件、聚合粒度均正确。
[L3-06 L3] 3/5 — 方向正确，但关键要点缺失：未提供具体查询结果，仅描述分析思路，未按部门聚合输出数量和总金额。
[L4-01 L4] 5/5 — 完全符合参考要点，正确识别FDocumentStatus='A'或'B'为未审核完，排除'C'，并列出单据编号、日期、供
[L4-02 L4] 0/5 — 完全偏题，未提供任何禁用物料信息，仅讨论查询限制和建议
[L4-05 L4] 5/5 — 完全符合参考要点，正确解释FDocumentStatus的语义，指出'C'表示已审核，审核中状态可能为'A'或其他，并基
[L5-01 L5] 0/5 — 被测答案完全偏题，未使用参考答案指定的自定义字段F_BDK_LXR和F_BDK_DH，而是猜测标准字段如FContact
[L5-02 L5] 2/5 — 答案方向对但关键要点缺失，未具体识别自定义字段（如F_BDK_*）或过滤非空记录，仅泛泛讨论。
[L5-03 L5] 5/5 — 完全符合参考要点，正确识别自定义字段并说明无'紧急程度'或'项目号'，基于schema发现和实际数据，无编造。
[L6-01 L6] 5/5 — 完全符合参考要点，正确指出订单不存在，并基于公司规则解释发货条件，字段和逻辑一致。
[L8-01 L8] 2/5 — 答案方向对（分析供应商交期波动），但关键要点缺失：未按参考答案计算变异系数，仅提到标准差，且未明确排序取top，也未实际
[L8-02 L8] 2/5 — 被测答案未正确使用ERP模块（如期货模块）进行跨MCP组合分析，仅基于PO明细且未与铜价对比，关键要点缺失，多处错误。
[L8-03 L8] 2/5 — 答案方向对但关键要点缺失，未实现四方JOIN和gap计算，仅列出数据字段和一般分析，与ERP评估要求不符。
[L8-04 L8] 2/5 — 答案提及了部分模块（如库存、应收款），但未提供具体数字或对比，且关键要点（营收、订单、产量、良率、库存、应收款的本周vs

factual: 整体均分 2.688/5
  L1: 3.2/5  (n=5)
  L2: 2.5/5  (n=10)
  L3: 2.5/5  (n=6)
  L4: 3.333/5  (n=3)
  L5: 2.333/5  (n=3)
  L6: 5/5  (n=1)
  L8: 2/5  (n=4)
详细: results/T2_mcp/factual.json
[L4-01 L4] 3/5 — 套用通用业务框架，未引用公司私有规则。被测答案基于通用ERP状态约定（A=保存，B=审核中，C=已审核），但公司wiki
[L4-03 L4] 2/5 — 业务判断与公司规则冲突：公司规则明确应收单FDocumentStatus='B'表示待催收（逾期），'C'表示已结清（不
[L4-04 L4] 3/5 — 套用通用业务框架，未引用公司私有规则
[L6-01 L6] 3/5 — 套用通用业务框架，未引用公司私有规则
[L6-02 L6] 3/5 — 套用通用业务框架（如分析预算执行和超支），但未引用公司私有规则（如预算规则定义、采购数据流、物料分类等），也未针对问题提
[L6-03 L6] 3/5 — 套用通用库存分析框架，未引用公司私有规则如'积压/呆滞'口径定义（如90天不动），也未提及生产或采购相关规则。
[L6-04 L6] 2/5 — 业务判断与公司规则冲突：被测答案错误地将FDocumentStatus='B'解释为'已审核'，而公司规则明确应收单中'
[L6-05 L6] 3/5 — 被测答案套用了通用业务框架，但未引用公司私有规则（如供应商未禁用 + 有合格供应商标识），也未提及公司wiki中的具体规
[L6-06 L6] 3/5 — 套用通用库存查询框架，未引用公司私有规则如物料分类、安全库存字段位置或支撑天数计算口径
[L6-07 L6] 3/5 — 套用通用业务框架，未引用公司私有规则如采购入库单创建即审核、物料分类路径等
[L8-01 L8] 3/5 — 被测答案套用通用业务框架（如计算交期偏差、标准差），但未引用公司私有规则（如采购入库单创建即审核、采购订单状态含义等），
[L8-03 L8] 3/5 — 套用通用业务框架（库存、在制品、排产、销售订单综合分析），但未引用公司私有规则（如生产订单状态含义、物料分类路径、采购入

business: 整体均分 2.833/5
  L4: 2.667/5  (n=3)
  L6: 2.857/5  (n=7)
  L8: 3/5  (n=2)
详细: results/T2_mcp/business.json

==> Aggregate T0/T1/T2 (Thu Apr 16 05:00:38 CST 2026)
对比报告: results/comparison_mcp.md

==> Freezing baseline at results/baselines/2026-04-16_v2_MCP-level (Thu Apr 16 05:00:38 CST 2026)
SCORECARD.json written

==> ALL DONE Thu Apr 16 05:00:38 CST 2026
Baseline: results/baselines/2026-04-16_v2_MCP-level
